unit_number,unit_name,latin_term,latin_genitive,part_of_speech,gender,english_translation,english_definition,german_translation,german_definition,slovak_translation,slovak_definition,notes
1,1st A-declension,acnē,acnēs,Noun,feminine,acne,inflammatory skin disease of the sebaceous glands,die Akne,entzündliche Hauterkrankung der Talgdrüsen,akné,zápalové ochorenie mazových žliaz,
1,1st A-declension,"acūtus, acūta, acūtum",,Adjective,,acute,,akut,,akútny,,
1,1st A-declension,ad,,Preposition,,to / into,,zu / in,,k / do,,Acc.
1,1st A-declension,"albus, alba, album",,Adjective,,white,,weiß,,biely,,
1,1st A-declension,"allergicus, allergica, allergicum",,Adjective,,allergic,,allergisch,,alergický,,
1,1st A-declension,anatomia,anatomiae,Noun,feminine,anatomy,,die Anatomie,,anatómia,,
1,1st A-declension,antagonista,antagonistae,Noun,masculine,antagonist,muscle acting in opposite direction to the other muscle,der Antagonist,Muskel mit entgegengesetzter Wirkung,antagonista,sval pôsobiaci opačne k inému svalu,
1,1st A-declension,aorta,aortae,Noun,feminine,aorta,the largest artery,die Aorta,die größte Arterie,aorta,najväčšia tepna,
1,1st A-declension,apertura,aperturae,Noun,feminine,aperture,opening,die Öffnung,,otvor,,
1,1st A-declension,"apertus, aperta, apertum",,Adjective,,open,,offen,,otvorený,,
1,1st A-declension,aqua,aquae,Noun,feminine,water,,das Wasser,,voda,,
1,1st A-declension,"arcuātus, arcuāta, arcuātum",,Adjective,,arch-shaped,,bogenförmig,,oblúkovitý,,
1,1st A-declension,arteria,arteriae,Noun,feminine,artery,,die Arterie,,tepna,,
1,1st A-declension,ascītēs,ascītae,Noun,masculine,ascites,abdominal dropsy,der Aszites,Flüssigkeitsansammlung im Bauchraum,ascites,hromadenie tekutiny v brušnej dutine,
1,1st A-declension,"cavus, cava, cavum",,Adjective,,hollow,,hohl,,dutý,,
1,1st A-declension,"clausus, clausa, clausum",,Adjective,,closed,,geschlossen,,uzavretý,,
1,1st A-declension,"complicātus, complicāta, complicātum",,Adjective,,complicated,,kompliziert,,komplikovaný,,
1,1st A-declension,"congenitus, congenita, congenitum",,Adjective,,congenital / inborn,,angeboren,,vrodený,,
1,1st A-declension,costa,costae,Noun,feminine,rib,,die Rippe,,rebro,,
1,1st A-declension,coxa,coxae,Noun,feminine,hip bone,,der Hüftknochen,,bedrová kosť,,
1,1st A-declension,dentista,dentistae,Noun,masculine,dentist / dental surgeon,,der Zahnarzt,,zubár,,
1,1st A-declension,"distillātus, distillāta, distillātum",,Adjective,,distilled,,destilliert,,destilovaný,,
1,1st A-declension,"dexter, dextra, dextrum",,Adjective,,right (side),,rechts,,pravá (strana),,
1,1st A-declension,diabētēs,diabētae,Noun,masculine,diabetes,a group of metabolic diseases in which there are high blood sugar levels over a prolonged period,der Diabetes,eine Gruppe von Stoffwechselerkrankungen mit langfristig erhöhtem Blutzucker,diabetes,skupina metabolických ochorení s dlhodobo zvýšenou hladinou glukózy v krvi,
1,1st A-declension,diarrhoē,diarrhoēs,Noun,feminine,diarrhea,loose liquid and frequent stools,die Diarrhö,flüssige und häufige Stühle,hnačka,riedka a častá stolica,
1,1st A-declension,diastolē,diastolēs,Noun,feminine,diastole,phase of relaxation of the heart muscle,die Diastole,Relaxationsphase des Herzmuskels,diastola,fáza relaxácie srdcového svalu,
1,1st A-declension,"epidemicus, epidemica, epidemicum",,Adjective,,epidemic,,epidemisch,,epidemický,,
1,1st A-declension,et,,Conjunction,,and,,und,,a,,
1,1st A-declension,"externus, externa, externum",,Adjective,,external,,extern,,vonkajší,,
1,1st A-declension,fascia,fasciae,Noun,feminine,fascia,sheet of fibrous tissue,die Faszie,Bindegewebsplatte,fascia,list väzivového tkaniva,
1,1st A-declension,fibula,fibulae,Noun,feminine,fibula,the calf bone,die Fibula,Wadenbein,lýtková kosť,kosť predkolenia,
1,1st A-declension,fissūra,fissūrae,Noun,feminine,"1. fissure, groove (anat.) 2. cleft (clin.)",,die Fissur,,štrbina,,
1,1st A-declension,fractūra,fractūrae,Noun,feminine,fracture,,die Fraktur,,zlomenina,,
1,1st A-declension,"gastricus, gastrica, gastricum",,Adjective,,gastric,,gastrisch,,žalúdočný,,
1,1st A-declension,glandula,glandulae,Noun,feminine,gland,,die Drüse,,žľaza,,
1,1st A-declension,in,,Preposition,,in / into / on,,in,,v / do,,Acc. and Abl.
1,1st A-declension,incīsūra,incīsūrae,Noun,feminine,incisure / notch,,der Einschnitt,,zárez,,
1,1st A-declension,"indūrātus, indūrāta, indūrātum",,Adjective,,firm / hard,,verhärtet,,stvrdnutý,,
1,1st A-declension,insufficientia,insufficientiae,Noun,feminine,insufficiency,lack of function,die Insuffizienz,Funktionsmangel,insuficiencia,nedostatočná funkcia,
1,1st A-declension,"internus, interna, internum",,Adjective,,internal,,intern,,vnútorný,,
1,1st A-declension,"lātus, lāta, lātum",,Adjective,,wide,,breit,,široký,,
1,1st A-declension,lingua,linguae,Noun,feminine,tongue,,die Zunge,,jazyk,,
1,1st A-declension,mandibula,mandibulae,Noun,feminine,mandible / lower jaw,,der Unterkiefer,,dolná čeľusť,,
1,1st A-declension,massa,massae,Noun,feminine,mass / substance,,die Masse,,hmota,,
1,1st A-declension,maxilla,maxillae,Noun,feminine,maxilla / jaw,,die Maxilla,,horná čeľusť,,
1,1st A-declension,medulla,medullae,Noun,feminine,medulla,marrow-like structure,die Medulla,markartige Struktur,dreň,dreňovitá štruktúra,
1,1st A-declension,medulla oblongāta,medullae oblongātae,Noun,feminine,medulla oblongata,prolongation of the spinal cord,das verlängerte Mark,Verlängerung des Rückenmarks,predĺžená miecha,pokračovanie miechy,
1,1st A-declension,mentha,menthae,Noun,feminine,mint,,die Minze,,mäta,,
1,1st A-declension,"niger, nigra, nigrum",,Adjective,,black,,schwarz,,čierny,,
1,1st A-declension,orbita,orbitae,Noun,feminine,orbit / eye socket,,die Orbita,,očnica,,
1,1st A-declension,palpebra,palpebrae,Noun,feminine,eyelid,,das Augenlid,,očné viečko,,
1,1st A-declension,"palātīnus, palātīna, palātīnum",,Adjective,,palatal,,palatinal,,podnebný,,
1,1st A-declension,pilula,pilulae,Noun,feminine,pill,,die Pille,,tabletka,,
1,1st A-declension,plica,plicae,Noun,feminine,fold,,die Falte,,rias(a),,
1,1st A-declension,pneumonia,pneumoniae,Noun,feminine,pneumonia,lung inflammation,die Pneumonie,Lungenentzündung,pneumónia,zápal pľúc,
1,1st A-declension,post,,Preposition,,after,,nach,,po,,Acc.
1,1st A-declension,"profundus, profunda, profundum",,Adjective,,deep / profound,,tief,,hlboký,,
1,1st A-declension,rhaphē,rhaphēs,Noun,feminine,suture,,die Naht,,šev,,
1,1st A-declension,rīma,rīmae,Noun,feminine,slit / fissure,,der Spalt,,štrbina,,
1,1st A-declension,ruptūra,ruptūrae,Noun,feminine,rupture,,die Ruptur,,ruptúra,,
1,1st A-declension,scapula,scapulae,Noun,feminine,scapula / shoulder blade,,das Schulterblatt,,lopatka,,
1,1st A-declension,scatula,scatulae,Noun,feminine,box,,die Schachtel,,škatuľa,,
1,1st A-declension,"sinister, sinistra, sinistrum",,Adjective,,left (side),,links,,ľavý,,
1,1st A-declension,spīna,spīnae,Noun,feminine,"spine, ridge, crest, linear elevation",,der Dorn,,tŕň,,
1,1st A-declension,"spurius, spuria, spurium",,Adjective,,false,,falsch,,nepravý,,
1,1st A-declension,substantia,substantiae,Noun,feminine,substance,,die Substanz,,látka,,
1,1st A-declension,sūtūra,sūtūrae,Noun,feminine,"1. suture (anat.) 2. surgical stitch (clin.)",,die Naht,,šev,,
1,1st A-declension,"systemicus, systemica, systemicum",,Adjective,,systemic,,systemisch,,systémový,,
1,1st A-declension,systolē,systolēs,Noun,feminine,systole,phase of contraction of the heart muscle,die Systole,Kontraktionsphase des Herzmuskels,systola,fáza kontrakcie srdcového svalu,
1,1st A-declension,"thorācicus, thorācica, thorācicum",,Adjective,,thoracic,,thorakal,,hrudný,,
1,1st A-declension,"thyreoīdeus, thyreoīdea, thyreoīdeum",,Adjective,,thyroid,,thyreoidal,,štítny,,
1,1st A-declension,tonsilla,tonsillae,Noun,feminine,tonsil,,die Mandel,,mandľa,,
1,1st A-declension,"trānsversus, trānsversa, trānsversum",,Adjective,,transversal,,quer,,priečny,,
1,1st A-declension,tunica,tunicae,Noun,feminine,"tunic, layer",,die Tunika,,blana,,
1,1st A-declension,tunica mucōsa,tunicae mucōsae,Noun,feminine,mucous membrane,,die Schleimhaut,,sliznica,,
1,1st A-declension,ulna,ulnae,Noun,feminine,ulna / elbow bone,,die Elle,,lakťová kosť,,
1,1st A-declension,"ūrīnarius, ūrīnaria, ūrīnarium",,Adjective,,urinary,,urinär,,močový,,
1,1st A-declension,vāgīna,vāgīnae,Noun,feminine,"1. vagina, genital canal in the female 2. sheath (in tendons / bones)",,die Vagina,,pošva,,
1,1st A-declension,"valgus, valga, valgum",,Adjective,,valgus,"turned/displaced inwards from the central line",valgus,"nach innen von der Mittellinie abweichend",valgózny,"vychýlený dovnútra od stredovej línie",,
1,1st A-declension,valvula,valvulae,Noun,feminine,valvule (small valve),,die Klappe,,chlopnička,,
1,1st A-declension,"vārus, vāra, vārum",,Adjective,,varus,"turned/displaced outwards from the central line",varus,"nach außen von der Mittellinie abweichend",varózny,"vychýlený von od stredovej línie",,
1,1st A-declension,vēna,vēnae,Noun,feminine,vein,,die Vene,,žila,,
1,1st A-declension,vertebra,vertebrae,Noun,feminine,vertebra,,der Wirbel,,stavec,,
1,1st A-declension,"vērus, vēra, vērum",,Adjective,,true,,wahr,,pravý,,
1,1st A-declension,vēsica,vēsicae,Noun,feminine,bladder,,die Blase,,mechúr,,
1,1st A-declension,vēsica fellea,vēsicae felleae,Noun,feminine,gall bladder,,die Gallenblase,,žlčník,,
1,1st A-declension,vēsica ūrīnaria,vēsicae ūrīnariae,Noun,feminine,urinary bladder,,die Harnblase,,močový mechúr,,

2,2nd O-declension,acromion,acromiī,Noun,neuter,acromion / acromial process,,das Akromion,,akromion,,
2,2nd O-declension,"acquīsitus, acquīsita, acquīsitum",,Adjective,,acquired,,erworben,,získaný,,
2,2nd O-declension,adultus,adultī,Noun,masculine,adult,,der Erwachsene,,dospelý,,
2,2nd O-declension,allergia,allergiae,Noun,feminine,allergy,,die Allergie,,alergia,,
2,2nd O-declension,amygdala,amygdalae,Noun,feminine,"1. tonsil 2. almond",,die Mandel,,mandľa,,
2,2nd O-declension,"anatomicus, anatomica, anatomicum",,Adjective,,anatomical,,anatomisch,,anatomický,,
2,2nd O-declension,angulus,angulī,Noun,masculine,angle,,der Winkel,,uhol,,
2,2nd O-declension,anomalia,anomaliae,Noun,feminine,"anomaly, defect",,die Anomalie,,anomália,,
2,2nd O-declension,atrium,atriī,Noun,neuter,atrium,upper chamber of the heart,das Atrium,oberer Herzvorhof,atrium,,
2,2nd O-declension,bronchus,bronchī,Noun,masculine,bronchus,,der Bronchus,,prieduška,,
2,2nd O-declension,bulbus,bulbī,Noun,masculine,bulb / ball,,der Bulbus,,cibuľka,,
2,2nd O-declension,canāliculus,canāliculī,Noun,masculine,canaliculus,small canal,der Kanalikel,,kanálik,,
2,2nd O-declension,cancer,cancrī,Noun,masculine,cancer,,der Krebs,,rakovina,,
2,2nd O-declension,cerebrum,cerebrī,Noun,neuter,brain,,das Gehirn,,mozog,,
2,2nd O-declension,"chirurgicus, chirurgica, chirurgicum",,Adjective,,surgical,,chirurgisch,,chirurgický,,
2,2nd O-declension,rectum,rectī,Noun,neuter,rectum,lower part of the large intestine,das Rektum,,konečník,,
2,2nd O-declension,"ruber, rubra, rubrum",,Adjective,,red,,rot,,červený,,
2,2nd O-declension,signum,signī,Noun,neuter,sign,,das Zeichen,,znak,,
2,2nd O-declension,skeleton,skeletonī,Noun,neuter,skeleton,,das Skelett,,kostra,,
2,2nd O-declension,spasmus,spasmī,Noun,masculine,spasm,,der Spasmus,,kŕč,,
2,2nd O-declension,sub,,Preposition,,under,,unter,,pod,,Acc. and Abl.
2,2nd O-declension,sulcus,sulcī,Noun,masculine,"groove, furrow",,der Sulcus,,ryha,,
2,2nd O-declension,suppositorium,suppositoriī,Noun,neuter,suppository,,das Zäpfchen,,čapík,,
2,2nd O-declension,trochlea,trochleae,Noun,feminine,"trochlea, pulley",,die Trochlea,,kladka,,
2,2nd O-declension,tuberculum,tuberculī,Noun,neuter,"tubercle, small protuberance",,das Tuberkel,,hrbolček,,
2,2nd O-declension,uterus,uterī,Noun,masculine,"uterus, womb",,der Uterus,,maternica,,
2,2nd O-declension,venēnum,venēnī,Noun,neuter,"poison, venom",,das Gift,,jed,,
2,2nd O-declension,ventriculus,ventriculī,Noun,masculine,"1. ventricle, chamber (anat.) 2. stomach (clin.)",,der Ventrikel,,komora / žalúdok,,
2,2nd O-declension,vestibulum,vestibulī,Noun,neuter,"vestibule, hall",,das Vestibulum,,predsieň,,
2,2nd O-declension,vitrum,vitrī,Noun,neuter,bottle,,die Flasche,,fľaša,,
2,2nd O-declension,"chronicus, chronica, chronicum",,Adjective,,chronic,,chronisch,,chronický,,
2,2nd O-declension,cōlon,cōlī,Noun,neuter,"colon, large intestine segment",,der Dickdarm,,hrubé črevo,,
2,2nd O-declension,collum,collī,Noun,neuter,"1. neck 2. cervix",,der Hals,,krk / krčok,,
2,2nd O-declension,crānium,crāniī,Noun,neuter,"cranium, skull",,der Schädel,,lebka,,
2,2nd O-declension,diameter,diametrī,Noun,masculine,diameter,,der Durchmesser,,priemer,,
2,2nd O-declension,digitus,digitī,Noun,masculine,"finger, digit",,der Finger,,prst,,
2,2nd O-declension,diphtheria,diphtheriae,Noun,feminine,diphtheria,children’s infectious disease,die Diphtherie,,záškrt,,
2,2nd O-declension,dorsum,dorsī,Noun,neuter,back,,der Rücken,,chrbát,,
2,2nd O-declension,"dūrus, dūra, dūrum",,Adjective,,hard,,hart,,tvrdý,,
2,2nd O-declension,encephalon,encephalī,Noun,neuter,brain,,das Enzephalon,,mozog,,
2,2nd O-declension,fossa,fossae,Noun,feminine,"fossa, hole",,die Grube,,jama,,
2,2nd O-declension,fundus,fundī,Noun,masculine,"bottom, base of a hollow organ",,der Fundus,,dno,,
2,2nd O-declension,ganglion,gangliī,Noun,neuter,"ganglion, cluster of neuron cell bodies",,das Ganglion,,ganglion,,
2,2nd O-declension,gangraena,gangraenae,Noun,feminine,gangrene,necrosis due to insufficient blood supply,die Gangrän,,gangréna,,
2,2nd O-declension,haemorrhagia,haemorrhagiae,Noun,feminine,"haemorrhage, bleeding",,die Blutung,,krvácanie,,
2,2nd O-declension,humerus,humerī,Noun,masculine,humerus,upper arm bone,der Humerus,,ramenná kosť,,
2,2nd O-declension,"interosseus, interossea, interosseum",,Adjective,,interosseous,,interossär,,medzikostný,,
2,2nd O-declension,ligamentum,ligamentī,Noun,neuter,"ligament, fibrous band",,das Band,,väz,,
2,2nd O-declension,"longus, longa, longum",,Adjective,,long,,lang,,dlhý,,
2,2nd O-declension,lympha,lymphae,Noun,feminine,lymph,,die Lymphe,,lymfa,,
2,2nd O-declension,lymphocytus,lymphocytī,Noun,masculine,lymphocyte,,der Lymphozyt,,lymfocyt,,
2,2nd O-declension,"magnus, magna, magnum",,Adjective,,big / large,,groß,,veľký,,
2,2nd O-declension,"mediānus, mediāna, mediānum",,Adjective,,median,,median,,stredový,,
2,2nd O-declension,"mellītus, mellīta, mellītum",,Adjective,,mellitus / sugary,,zuckerhaltig,,sladký,,
2,2nd O-declension,"diabētēs mellītus",diabētae mellītī,Noun,masculine,diabetes mellitus,metabolic disease characterized by hyperglycemia,der Diabetes mellitus,,cukrovka,,
2,2nd O-declension,membrum,membrī,Noun,neuter,"extremity, limb",,das Glied,,končatina,,
2,2nd O-declension,methodus,methodī,Noun,feminine,method,,die Methode,,metóda,,
2,2nd O-declension,morbillī,morbillōrum,Noun,masculine plural,measles,,die Masern,,osýpky,,
2,2nd O-declension,morbus,morbī,Noun,masculine,disease,,die Krankheit,,ochorenie,,
2,2nd O-declension,mūsculus,mūsculī,Noun,masculine,muscle,,der Muskel,,sval,,
2,2nd O-declension,nāsus,nāsī,Noun,masculine,nose,,die Nase,,nos,,
2,2nd O-declension,neonātus,neonātī,Noun,masculine,"neonate, newborn",,das Neugeborene,,novorodenec,,
2,2nd O-declension,nervus,nervī,Noun,masculine,nerve,,der Nerv,,nerv,,
2,2nd O-declension,nōdus,nōdī,Noun,masculine,node,,der Knoten,,uzlina,,
2,2nd O-declension,nucleus,nucleī,Noun,masculine,"nucleus, kernel",,der Kern,,jadro,,
2,2nd O-declension,"obliquus, obliqua, obliquum",,Adjective,,oblique / diagonal,,schräg,,šikmý,,
2,2nd O-declension,oculus,oculī,Noun,masculine,eye,,das Auge,,oko,,
2,2nd O-declension,olecrānon,olecrānī,Noun,neuter,olecranon,tip of the elbow bone,das Olekranon,,olekranon,,
2,2nd O-declension,oleum,oleī,Noun,neuter,oil,,das Öl,,olej,,
2,2nd O-declension,ōvārium,ōvāriī,Noun,neuter,ovary,,der Eierstock,,vaječník,,
2,2nd O-declension,palātum,palātī,Noun,neuter,palate,,der Gaumen,,podnebie,,
2,2nd O-declension,"parvus, parva, parvum",,Adjective,,small,,klein,,malý,,
2,2nd O-declension,per,,Preposition,,through,,durch,,cez,,Acc.
2,2nd O-declension,prō,,Preposition,,for,,für,,pre,,Abl.
2,2nd O-declension,"quārtus, quārta, quārtum",,Adjective,,fourth,,der vierte,,štvrtý,,
2,2nd O-declension,radius,radiī,Noun,masculine,radius,forearm bone,der Radius,,vretenná kosť,,
2,2nd O-declension,rāmus,rāmī,Noun,masculine,"branch (of nerve or vessel)",,der Ast,,vetva,,

3,3rd consonant declension,abdōmen,abdominīs,Noun,neuter,abdomen,,das Abdomen,,brucho,,
3,3rd consonant declension,abductor,abductoris,Noun,masculine,abductor,muscle drawing a part away from the middle line,der Abduktor,,abduktor,,
3,3rd consonant declension,adductor,adductoris,Noun,masculine,adductor,muscle drawing a part towards the median line,der Adduktor,,adduktor,,
3,3rd consonant declension,"adipōsus, adipōsa, adipōsum",,Adjective,,adipose / fatty,,fettig,,tukový,,
3,3rd consonant declension,"aliēnus, aliēna, aliēnum",,Adjective,,alien / strange,,fremd,,cudzí,,
3,3rd consonant declension,amputātiō,amputātiōnis,Noun,feminine,amputation,surgical removal of a limb or body part,die Amputation,,amputácia,,
3,3rd consonant declension,ānus,ānī,Noun,masculine,anus,inferior opening of the anal canal,der Anus,,anus,,
3,3rd consonant declension,apex,apicis,Noun,masculine,apex,tip of an organ with a pointed end,der Apex,,hrot,,
3,3rd consonant declension,"benignus, benigna, benignum",,Adjective,,benign / non-malignant,,gutartig,,nezhubný,,
3,3rd consonant declension,calcāneus,calcāneī,Noun,masculine,calcaneus,heel bone,der Calcaneus,,pätná kosť,,
3,3rd consonant declension,"calcāneus, calcānea, calcāneum",,Adjective,,calcaneal / heel,,kalkaneal,,pätový,,
3,3rd consonant declension,caput,capitis,Noun,neuter,head,,der Kopf,,hlava,,
3,3rd consonant declension,cartilāgō,cartilāginis,Noun,feminine,cartilage,,der Knorpel,,chrupavka,,
3,3rd consonant declension,cavitās,cavitātis,Noun,feminine,"cavity, hollow",,die Höhle,,dutina,,
3,3rd consonant declension,cervix,cervīcis,Noun,feminine,"1. neck 2. cervix",,der Hals / der Gebärmutterhals,,krk / krčok,,
3,3rd consonant declension,chīna,chīnae,Noun,feminine,quina,type of tropical tree,,die Chinarinde,,chína,,
3,3rd consonant declension,"compositus, composita, compositum",,Adjective,,composed,,zusammengesetzt,,zložený,,
3,3rd consonant declension,contūsiō,contūsiōnis,Noun,feminine,"contusion, bruise",,die Prellung,,pomliaždenie,,
3,3rd consonant declension,"contūsus, contūsa, contūsum",,Adjective,,bruised,,geprellt,,pomliaždený,,
3,3rd consonant declension,cor,cordis,Noun,neuter,heart,,das Herz,,srdce,,
3,3rd consonant declension,corpus,corporis,Noun,neuter,body,,der Körper,,telo,,
3,3rd consonant declension,cortex,corticis,Noun,masculine,cortex,outer portion of an organ,der Kortex,,kôra,,
3,3rd consonant declension,crūs,crūris,Noun,neuter,"1. lower leg 2. anatomical limb-like structure",,der Unterschenkel,,predkolenie,,
3,3rd consonant declension,dislocātiō,dislocātiōnis,Noun,feminine,dislocation,shift in position,die Luxation,,vykĺbenie,,
3,3rd consonant declension,dolor,dolōris,Noun,masculine,pain,,der Schmerz,,bolesť,,
3,3rd consonant declension,extensor,extensoris,Noun,masculine,extensor,muscle stretching a limb,der Extensor,,extenzor,,
3,3rd consonant declension,"fēminīnus, fēminīna, fēminīnum",,Adjective,,female / feminine,,weiblich,,ženský,,
3,3rd consonant declension,femur,femoris,Noun,neuter,"femur, thigh bone",,der Femur,,stehenná kosť,,
3,3rd consonant declension,forāmen,forāminis,Noun,neuter,"opening, aperture",,das Foramen,,otvor,,
3,3rd consonant declension,fovea,foveae,Noun,feminine,"small hollow, pit",,die Grube,,jamka,,
3,3rd consonant declension,fūnctiō,fūnctiōnis,Noun,feminine,function,,die Funktion,,funkcia,,
3,3rd consonant declension,hallūx,hallūcis,Noun,masculine,hallux,great toe,der Hallux,,palec na nohe,,
3,3rd consonant declension,hepar,hepatis,Noun,neuter,liver,,die Leber,,pečeň,,
3,3rd consonant declension,"lacer, lacera, lacerum",,Adjective,,torn / lacerated,,zerrissen,,roztrhnutý,,
3,3rd consonant declension,laesiō,laesiōnis,Noun,feminine,lesion,,die Läsion,,lézia,,
3,3rd consonant declension,"laesus, laesa, laesum",,Adjective,,injured / damaged,,verletzt,,poškodený,,
3,3rd consonant declension,larynx,laryngis,Noun,masculine,larynx,,der Kehlkopf,,hrtán,,
3,3rd consonant declension,latus,lateris,Noun,neuter,side,,die Seite,,strana,,
3,3rd consonant declension,longitūdō,longitūdinis,Noun,feminine,longitude,,die Länge,,dĺžka,,
3,3rd consonant declension,"malignus, maligna, malignum",,Adjective,,malignant / harmful,,bösartig,,zhubný,,
3,3rd consonant declension,mamma,mammae,Noun,feminine,breast,,die Brust,,prsník,,
3,3rd consonant declension,"masculīnus, masculīna, masculīnum",,Adjective,,masculine / male,,männlich,,mužský,,
3,3rd consonant declension,"medius, media, medium",,Adjective,,middle,,mittig,,stredný,,
3,3rd consonant declension,"nervōsus, nervōsa, nervōsum",,Adjective,,nervous / neurotic,,nervös,,nervózny,,
3,3rd consonant declension,"nūtrīcius, nūtrīcia, nūtrīcium",,Adjective,,nourishing,,nährend,,výživný,,
3,3rd consonant declension,(o)esophagus,oesophagī,Noun,masculine,"esophagus, gullet",,die Speiseröhre,,pažerák,,
3,3rd consonant declension,operātiō,operātiōnis,Noun,feminine,"operation, surgery",,die Operation,,operácia,,
3,3rd consonant declension,organum,organī,Noun,neuter,organ,,das Organ,,orgán,,
3,3rd consonant declension,ōs,ōris,Noun,neuter,mouth,,der Mund,,ústa,,
3,3rd consonant declension,ōs,ossis,Noun,neuter,bone,,der Knochen,,kosť,,
3,3rd consonant declension,pectus,pectoris,Noun,neuter,"chest, breast",,die Brust,,hrudník,,
3,3rd consonant declension,pēs,pedis,Noun,masculine,foot,,der Fuß,,chodidlo,,
3,3rd consonant declension,pharynx,pharyngis,Noun,masculine,pharynx,,der Rachen,,hltan,,
3,3rd consonant declension,"plānus, plāna, plānum",,Adjective,,flat,,flach,,plochý,,
3,3rd consonant declension,pollex,pollicis,Noun,masculine,"thumb, first digit of the hand",,der Daumen,,palec ruky,,
3,3rd consonant declension,"postoperātīvus, postoperātīva, postoperātīvum",,Adjective,,postoperative,occurring after operation,postoperativ,,pooperačný,,
3,3rd consonant declension,"prīmārius, prīmāria, prīmārium",,Adjective,,primary,,primär,,primárny,,
3,3rd consonant declension,pulmō,pulmōnis,Noun,masculine,lung,,die Lunge,,pľúca,,
3,3rd consonant declension,pulvis,pulveris,Noun,masculine,powder,,das Pulver,,prášok,,
3,3rd consonant declension,"pūnctus, pūncta, pūnctum",,Adjective,,stabbed,,gestochen,,bodný,,
3,3rd consonant declension,pūs,pūris,Noun,neuter,pus,,der Eiter,,hnis,,
3,3rd consonant declension,rādix,rādicis,Noun,feminine,root,,die Wurzel,,koreň,,
3,3rd consonant declension,rēgiō,rēgiōnis,Noun,feminine,region,,die Region,,oblasť,,
3,3rd consonant declension,rēn,rēnis,Noun,masculine,kidney,,die Niere,,oblička,,
3,3rd consonant declension,"scissus, scissa, scissum",,Adjective,,cleft / separated by cutting,,gespalten,,rozštiepený,,
3,3rd consonant declension,"sectus, secta, sectum",,Adjective,,cut,,geschnitten,,rezaný,,
3,3rd consonant declension,"secundārius, secundāria, secundārium",,Adjective,,secondary,,sekundär,,sekundárny,,
3,3rd consonant declension,septum,septī,Noun,neuter,"septum, partition",,das Septum,,prepážka,,
3,3rd consonant declension,tempora,temporum,Noun,neuter plural,temples,,die Schläfen,,spánky,,
3,3rd consonant declension,tendō,tendinis,Noun,masculine,tendon,,die Sehne,,šľacha,,
3,3rd consonant declension,thorāx,thorācis,Noun,masculine,thorax,part of the trunk between neck and abdomen,der Thorax,,hrudník,,
3,3rd consonant declension,tuba,tubae,Noun,feminine,tube,,die Röhre,,trubica,,
3,3rd consonant declension,tuba audītīva,tubae audītīvae,Noun,feminine,auditory tube,,die Ohrtrompete,,sluchová trubica,,
3,3rd consonant declension,tuber,tuberis,Noun,neuter,"tuber, protuberance",,der Höcker,,hrbol,,
3,3rd consonant declension,tumor,tumōris,Noun,masculine,tumour,,der Tumor,,nádor,,
3,3rd consonant declension,ulcus,ulceris,Noun,neuter,ulcer,,das Ulkus,,vred,,
3,3rd consonant declension,ūrēthra,ūrēthrae,Noun,feminine,urethra,canal carrying urine from the bladder,die Harnröhre,,močová rúra,,
3,3rd consonant declension,vās,vāsis,Noun,neuter,vessel,,das Gefäß,,cieva,,
3,3rd consonant declension,viscera,viscerum,Noun,neuter plural,"viscera, internal organs",,die Eingeweide,,vnútornosti,,
3,3rd consonant declension,vitium,vitiī,Noun,neuter,defect,,der Defekt,,vada,,
3,3rd consonant declension,vulnus,vulneris,Noun,neuter,wound,,die Wunde,,rana,,

4,3rd latin vowel-declension,"accessorius, accessoria, accessorium",,Adjective,,accessory,,akzessorisch,,prídavný,,
4,3rd latin vowel-declension,ante,,Preposition,,before,,vor,,pred,,Acc.
4,3rd latin vowel-declension,ars,artis,Noun,feminine,art / science,,die Kunst,,umenie / veda,,
4,3rd latin vowel-declension,auris,auris,Noun,feminine,ear,,das Ohr,,ucho,,
4,3rd latin vowel-declension,calcar,calcaris,Noun,neuter,spur,"spur-like process",der Sporn,,ostroha,,
4,3rd latin vowel-declension,canalis,canalis,Noun,masculine,channel / duct,,der Kanal,,kanál,,
4,3rd latin vowel-declension,causa,causae,Noun,feminine,cause,,die Ursache,,príčina,,
4,3rd latin vowel-declension,cerebellum,cerebelli,Noun,neuter,cerebellum,"posterior brain mass",das Kleinhirn,,mozoček,,
4,3rd latin vowel-declension,"completus, completa, completum",,Adjective,,complete,,vollständig,,úplný,,
4,3rd latin vowel-declension,cutis,cutis,Noun,feminine,skin,,die Haut,,koža,,
4,3rd latin vowel-declension,"deciduus, decidua, deciduum",,Adjective,,deciduous / milk (tooth),,deciduös,,dočasný / mliečny,,
4,3rd latin vowel-declension,dens,dentis,Noun,masculine,tooth,,der Zahn,,zub,,
4,3rd latin vowel-declension,dens caninus,dentis canini,Noun,masculine,canine tooth,,der Eckzahn,,očný zub,,
4,3rd latin vowel-declension,dens deciduus,dentis decidui,Noun,masculine,deciduous tooth,,der Milchzahn,,mliečny zub,,
4,3rd latin vowel-declension,dens incisivus,dentis incisivi,Noun,masculine,incisor tooth,,der Schneidezahn,,rezák,,
4,3rd latin vowel-declension,extractio,extractionis,Noun,feminine,extraction,"surgical removal by pulling out",die Extraktion,,extrakcia,,
4,3rd latin vowel-declension,febris,febris,Noun,feminine,fever,,das Fieber,,horúčka,,
4,3rd latin vowel-declension,fauces,faucium,Noun,feminine,throat,"space between soft palate and dorsum of tongue",der Rachen,,hltan,,
4,3rd latin vowel-declension,"flāvus, flāva, flāvum",,Adjective,,yellow,,gelb,,žltý,,
4,3rd latin vowel-declension,"hūmidus, hūmida, hūmidum",,Adjective,,humid / damp,,feucht,,vlhký,,
4,3rd latin vowel-declension,"incompletus, incompleta, incompletum",,Adjective,,incomplete,,unvollständig,,neúplný,,
4,3rd latin vowel-declension,injectio,injectionis,Noun,feminine,injection,,die Injektion,,injekcia,,
4,3rd latin vowel-declension,lex,legis,Noun,feminine,law,,das Gesetz,,zákon,,
4,3rd latin vowel-declension,lēge artis,,Phrase,,according to the rules (of medicine),,,lege artis,,lege artis,,
4,3rd latin vowel-declension,luxatio,luxationis,Noun,feminine,luxation / dislocation,,die Luxation,,vykĺbenie,,
4,3rd latin vowel-declension,māter,mātris,Noun,feminine,mother,"(anat.) envelope, delicate membrane",die Mutter,,matka,,
4,3rd latin vowel-declension,dūra māter,dūrae mātris,Noun,feminine,dura mater,"hard membrane covering brain and spinal cord",die Dura mater,,tvrdá plena mozgová,,
4,3rd latin vowel-declension,pia māter,piae mātris,Noun,feminine,pia mater,"delicate membrane investing brain and spinal cord",die Pia mater,,mäkká plena mozgová,,
4,3rd latin vowel-declension,mors,mortis,Noun,feminine,death,,der Tod,,smrť,,
4,3rd latin vowel-declension,mors in tabulā,,Phrase,,death on the operating table,,,smrť na operačnom stole,,
4,3rd latin vowel-declension,"osseus, ossea, osseum",,Adjective,,osseous / bony,,knöchern,,kostný,,
4,3rd latin vowel-declension,ōstium,ōstiī,Noun,neuter,orifice / opening,,die Öffnung,,ústie,,
4,3rd latin vowel-declension,pars,partis,Noun,feminine,part / portion,,der Teil,,časť,,
4,3rd latin vowel-declension,pāncreas,pāncreatis,Noun,neuter,pancreas,,das Pankreas,,pankreas,,
4,3rd latin vowel-declension,pelvis,pelvis,Noun,feminine,pelvis,,das Becken,,panva,,
4,3rd latin vowel-declension,pertussis,pertussis,Noun,feminine,whooping cough,,der Keuchhusten,,čierny kašeľ,,
4,3rd latin vowel-declension,"pius, pia, pium",,Adjective,,pious / delicate,,fromm / zart,,zbožný / jemný,,
4,3rd latin vowel-declension,pons,pontis,Noun,masculine,bridge,"(anat.) bridge-like structure",die Brücke,,most,,
4,3rd latin vowel-declension,"proprius, propria, proprium",,Adjective,,proper / one’s own,,eigen,,vlastný,,
4,3rd latin vowel-declension,restitutio,restitutionis,Noun,feminine,restitution / recovery,,die Wiederherstellung,,obnova,,
4,3rd latin vowel-declension,"rete, retis",,Noun,neuter,network,,das Netz,,sieť,,
4,3rd latin vowel-declension,"rheumaticus, rheumatica, rheumaticum",,Adjective,,rheumatic,,rheumatisch,,reumatický,,
4,3rd latin vowel-declension,"sacer, sacra, sacrum",,Adjective,,sacred / holy,,heilig,,posvätný,,
4,3rd latin vowel-declension,os sacrum,ossis sacri,Noun,neuter,sacrum / sacral bone,,das Kreuzbein,,krížová kosť,,
4,3rd latin vowel-declension,sectio,sectionis,Noun,feminine,"section / act of cutting","(clin.) cut, division; (anat.) segment or part",die Sektion,,rez / sekcia,,
4,3rd latin vowel-declension,"siccus, sicca, siccum",,Adjective,,dry,,trocken,,suchý,,
4,3rd latin vowel-declension,sitis,sitis,Noun,feminine,thirst,,der Durst,,smäd,,
4,3rd latin vowel-declension,"subcutaneus, subcutanea, subcutaneum",,Adjective,,subcutaneous,"placed under the skin",subkutan,,podkožný,,
4,3rd latin vowel-declension,"suspectus, suspecta, suspectum",,Adjective,,suspected,,verdächtig,,podozrivý,,
4,3rd latin vowel-declension,tabula,tabulae,Noun,feminine,table / board,,die Tafel,,tabuľa,,
4,3rd latin vowel-declension,tuberculosis,tuberculosis,Noun,feminine,tuberculosis,T.B.,die Tuberkulose,,tuberkulóza,,
4,3rd latin vowel-declension,tussis,tussis,Noun,feminine,cough,,der Husten,,kašeľ,,
4,3rd latin vowel-declension,unguis,unguis,Noun,masculine,nail,,der Nagel,,necht,,
4,3rd latin vowel-declension,"venosus, venosa, venosum",,Adjective,,venous,,venös,,žilový,,

5,4th and 5th declensions,abortus,abortūs,Noun,masculine,abortion,,der Abort,,potrat,,
5,4th and 5th declensions,abortus in cursū,,Phrase,,ongoing abortion,,laufender Abort,,prebiehajúci potrat,,
5,4th and 5th declensions,abortus spontāneus,,Phrase,,miscarriage,,Spontanabort,,samovoľný potrat,,
5,4th and 5th declensions,abscessus,abscessūs,Noun,masculine,abscess,"a circumscribed collection of pus",der Abszess,,absces,ohraničené nahromadenie hnisu,
5,4th and 5th declensions,"acus, acūs",acus,Noun,feminine,needle,,die Nadel,,ihla,,
5,4th and 5th declensions,aditus,aditūs,Noun,masculine,entrance,,der Eingang,,vchod,,
5,4th and 5th declensions,arcus,arcūs,Noun,masculine,arch,"archlike structure",der Bogen,,oblúk,,
5,4th and 5th declensions,"arōmaticus, arōmatica, arōmaticum",,Adjective,,aromatic,,aromatisch,,aromatický,,
5,4th and 5th declensions,articulātiō,articulātiōnis,Noun,feminine,articulation / joint,,die Artikulation,,kĺb,,
5,4th and 5th declensions,auditus,auditūs,Noun,masculine,hearing,"the sense of hearing",das Gehör,,sluch,zmysel sluchu,
5,4th and 5th declensions,caecum,caecī,Noun,neuter,cecum,"initial segment of the large intestine",das Zäkum,,slepé črevo,,
5,4th and 5th declensions,"cariēs, cariēī",cariēī,Noun,feminine,caries,"decay, especially dental caries",die Karies,,kaz,,
5,4th and 5th declensions,"circulātōrius, circulātōria, circulātōrium",,Adjective,,circulatory,,zirkulatorisch,,obehový,,
5,4th and 5th declensions,collāpsus,collāpsūs,Noun,masculine,collapse / breakdown,,der Kollaps,,kolaps,,
5,4th and 5th declensions,"cornū, cornūs",cornūs,Noun,neuter,horn,"hornlike structure",das Horn,,roh,,
5,4th and 5th declensions,cursus,cursūs,Noun,masculine,course,,der Verlauf,,priebeh,,
5,4th and 5th declensions,decubitus,decubitūs,Noun,masculine,decubitus,"bedsore, decubitus ulcer",der Dekubitus,,dekubit,,
5,4th and 5th declensions,"diēs, diēī",diēī,Noun,masculine,day,,der Tag,,deň,,
5,4th and 5th declensions,ductus,ductūs,Noun,masculine,duct / canal,,der Gang,,vývod,,
5,4th and 5th declensions,ductus chōlēdochus,,Phrase,,biliary duct,,der Gallengang,,žlčovod,,
5,4th and 5th declensions,ductus lymphāticus,,Phrase,,lymphatic duct,,der Lymphgang,,lymfatický vývod,,
5,4th and 5th declensions,"endocrīnus, endocrīna, endocrīnum",,Adjective,,endocrine,"with inner secretion",endokrin,,endokrinný,,
5,4th and 5th declensions,"faciēs, faciēī",faciēī,Noun,feminine,"1. face 2. surface",,die Fläche / das Gesicht,,plocha / tvár,,
5,4th and 5th declensions,"fibrōsus, fibrōsa, fibrōsum",,Adjective,,fibrous,"made up of fibers",fibrös,,väzivový,,
5,4th and 5th declensions,"genū, genūs",genūs,Noun,neuter,knee,,das Knie,,koleno,,
5,4th and 5th declensions,gustus,gustūs,Noun,masculine,taste,"sense of taste",der Geschmack,,chuť,zmysel chuti,
5,4th and 5th declensions,"Hippocraticus, Hippocratica, Hippocraticum",,Adjective,,Hippocratic,"concerning Hippocrates",hippokratisch,,hipokratický,,
5,4th and 5th declensions,infarctus,infarctūs,Noun,masculine,infarction / heart attack,,der Infarkt,,infarkt,,
5,4th and 5th declensions,infectiō,infectiōnis,Noun,feminine,infection,,die Infektion,,infekcia,,
5,4th and 5th declensions,lāmina,lāminae,Noun,feminine,lamina / disc,"thin plate or flat layer",die Lamelle,,lamela,,
5,4th and 5th declensions,"manus, manūs",manūs,Noun,feminine,hand,,die Hand,,ruka,,
5,4th and 5th declensions,"mastōideus, mastōidea, mastōideum",,Adjective,,mastoid,"breast-shaped",mastoidal,,mastoidný,,
5,4th and 5th declensions,meātus,meātūs,Noun,masculine,meatus,"passage, channel",der Meatus,,priechod,,
5,4th and 5th declensions,meātus acūsticus,,Phrase,,acoustic meatus,,der Gehörgang,,zvukovod,,
5,4th and 5th declensions,medicus,medicī,Noun,masculine,physician / doctor,,der Arzt,,lekár,,
5,4th and 5th declensions,"morbillōsus, morbillōsa, morbillōsum",,Adjective,,related to measles,,morbillös,,morbílkový,,
5,4th and 5th declensions,myocardium,myocardiī,Noun,neuter,myocardium,"middle layer of the cardiac wall",das Myokard,,myokard,,
5,4th and 5th declensions,"oculomotōrius, oculomotōria, oculomotōrium",,Adjective,,oculomotor,"belonging to ocular movements",okulomotorisch,,okulomotorický,,
5,4th and 5th declensions,olfactus,olfactūs,Noun,masculine,olfaction,the sense of smell,der Geruchssinn,,čuch,zmysel čuchu,
5,4th and 5th declensions,"opticus, optica, opticum",,Adjective,,optic / visual,,optisch,,zrakový,,
5,4th and 5th declensions,ossiculum,ossiculī,Noun,neuter,ossicle / small bone,,das Gehörknöchelchen,,sluchová kostička,,
5,4th and 5th declensions,partus,partūs,Noun,masculine,labour / delivery,,die Geburt,,pôrod,,
5,4th and 5th declensions,"perforātus, perforāta, perforātum",,Adjective,,perforated / ruptured,,perforiert,,perforovaný,,
5,4th and 5th declensions,pericardium,pericardiī,Noun,neuter,pericardium,the membrane around the heart,das Perikard,,osrdcovník,,
5,4th and 5th declensions,plexus,plexūs,Noun,masculine,plexus,"network of nerves or blood vessels",der Plexus,,pletivo,,
5,4th and 5th declensions,"praemātūrus, praemātūra, praemātūrum",,Adjective,,premature,"before achieving full development",frühgeboren,,predčasný,,
5,4th and 5th declensions,processus,processūs,Noun,masculine,process,"projection or outgrowth",der Fortsatz,,výbežok,,
5,4th and 5th declensions,prōlāpsus,prōlāpsūs,Noun,masculine,prolapse,"falling down of an organ",der Prolaps,,prolaps,,
5,4th and 5th declensions,quercus,quercūs,Noun,feminine,oak tree,,die Eiche,,dub,,
5,4th and 5th declensions,sensus,sensūs,Noun,masculine,sense,,der Sinn,,zmysel,,
5,4th and 5th declensions,"siccus, sicca, siccum",,Adjective,,dry,,trocken,,suchý,,
5,4th and 5th declensions,sinus,sinūs,Noun,masculine,"1. channel for passage of blood or lymph 2. hollow in a bone (paranasal sinus)",,der Sinus,,dutina,,
5,4th and 5th declensions,species,speciērum,Noun,feminine,tea mixture / herbal blend,,die Mischung,,zmes,,
5,4th and 5th declensions,"spontāneus, spontānea, spontāneum",,Adjective,,spontaneous,,spontan,,spontánny,,
5,4th and 5th declensions,status,status,Noun,masculine,state / condition,,der Zustand,,stav,,
5,4th and 5th declensions,strūctūra,strūctūrae,Noun,feminine,structure / composition,,die Struktur,,štruktúra,,
5,4th and 5th declensions,"styloideus, styloidea, styloideum",,Adjective,,styloid / peg-shaped,,griffelförmig,,styloidný,,
5,4th and 5th declensions,tractus,tractūs,Noun,masculine,tract / path / way,,der Trakt,,trakt,,
5,4th and 5th declensions,"ūrologicus, ūrologica, ūrologicum",,Adjective,,urologic,,urologisch,,urologický,,
5,4th and 5th declensions,ūsus,ūsūs,Noun,masculine,use,,der Gebrauch,,použitie,,
5,4th and 5th declensions,"uterīnus, uterīna, uterīnum",,Adjective,,uterine,,uterin,,maternicový,,
5,4th and 5th declensions,tuba uterīna,tubae uterīnae,Noun,feminine,uterine tube,,die Eileiter,,vajcovod,,
5,4th and 5th declensions,vīsus,vīsūs,Noun,masculine,vision / sight,the sense of vision,der Sehsinn,,zrak,zmysel zraku,

6,3rd declensions - the greek Nouns,aneurysma,aneurysmatis,Noun,neuter,aneurysm,localised dilation in vessel wall,das Aneurysma,,aneuryzma,,
6,3rd declensions - the greek Nouns,angioma,angiomatis,Noun,neuter,angioma,tumour in vessel wall,das Angiom,,angiom,,
6,3rd declensions - the greek Nouns,appendix,appendicis,Noun,feminine,appendage,,der Appendix,,prívesok,,
6,3rd declensions - the greek Nouns,appendicitis,appendicitidis,Noun,feminine,appendicitis,inflammation of cecum appendage,die Appendizitis,,apendicitída,,
6,3rd declensions - the greek Nouns,arthritis,arthritidis,Noun,feminine,arthritis,joint inflammation,die Arthritis,,artritída,,
6,3rd declensions - the greek Nouns,arthrosis,arthrosis,Noun,feminine,arthrosis,degenerative disease of a joint,die Arthrose,,artróza,,
6,3rd declensions - the greek Nouns,basis,basis,Noun,feminine,"1. base/bottom 2. wider lower part of an organ (e.g. lung, skull)",,die Basis,,báza,,
6,3rd declensions - the greek Nouns,bifurcatio,bifurcationis,Noun,feminine,bifurcation,,die Bifurkation,,rozdvojenie,,
6,3rd declensions - the greek Nouns,bronchitis,bronchitidis,Noun,feminine,bronchitis,inflammation of the bronchi,die Bronchitis,,bronchitída,,
6,3rd declensions - the greek Nouns,carcinoma,carcinomatis,Noun,neuter,carcinoma,malignant tumour of cancerous nature,das Karzinom,,karcinóm,,
6,3rd declensions - the greek Nouns,carotis,carotidis,Noun,feminine,carotid artery,,die Karotis,,krčnica,,
6,3rd declensions - the greek Nouns,coma,comatis,Noun,neuter,coma,state of profound unconsciousness,das Koma,,kóma,,
6,3rd declensions - the greek Nouns,coxarthrosis,coxarthrosis,Noun,feminine,coxarthrosis,degenerative disease of the hip joint(s),die Coxarthrose,,koxartróza,,
6,3rd declensions - the greek Nouns,"cricoideus, cricoidea, cricoideum",,Adjective,,cricoid,signet-ring shaped,ringförmig,,krikoidný,,
6,3rd declensions - the greek Nouns,cuspis,cuspidis,Noun,feminine,"1. cusp (cuspid) of tooth 2. leaflet of heart valve",,die Spitze,,hrot,,
6,3rd declensions - the greek Nouns,cystis,cystidis,Noun,feminine,cyst,pathological sac,die Zyste,,cysta,,
6,3rd declensions - the greek Nouns,"deltoideus, deltoidea, deltoideum",,Adjective,,deltoid,delta-shaped,deltamuskelförmig,,deltoidný,,
6,3rd declensions - the greek Nouns,dermatitis,dermatitidis,Noun,feminine,dermatitis,inflammation of the skin,die Dermatitis,,dermatitída,,
6,3rd declensions - the greek Nouns,diaphragma,diaphragmatis,Noun,neuter,diaphragm,partition separating the abdominal cavity from the pectoral cavity,das Zwerchfell,,bránica,,
6,3rd declensions - the greek Nouns,dilatatio,dilatationis,Noun,feminine,dilatation,enlargement / widening,dilatation,,dilatácia,,
6,3rd declensions - the greek Nouns,"diphthericus, diphtherica, diphthericum",,Adjective,,diphtheric,,diphtherisch,,difterický,,
6,3rd declensions - the greek Nouns,eczema,eczematis,Noun,neuter,eczema,allergic inflammatory skin disease,das Ekzem,,ekzém,,
6,3rd declensions - the greek Nouns,encephalitis,encephalitidis,Noun,feminine,encephalitis,inflammation of the brain,die Enzephalitis,,encefalitída,,
6,3rd declensions - the greek Nouns,epididymis,epididymidis,Noun,feminine,epididymis,,der Nebenhoden,,nadsemenník,,
6,3rd declensions - the greek Nouns,"gangraenosus, gangraenosa, gangraenosum",,Adjective,,gangrenous,,gangränös,,gangrenózny,,
6,3rd declensions - the greek Nouns,gaster,gastris,Noun,feminine,stomach,,der Magen,,žalúdok,,
6,3rd declensions - the greek Nouns,gastritis,gastritidis,Noun,feminine,gastritis,inflammation of the stomach,die Gastritis,,gastritída,,
6,3rd declensions - the greek Nouns,glottis,glottidis,Noun,feminine,glottis,part of the larynx composed of the two vocal folds,die Glottis,,hlasivková štrbina,,
6,3rd declensions - the greek Nouns,gravida,gravidae,Noun,feminine,pregnant woman,,die Schwangere,,tehotná žena,,
6,3rd declensions - the greek Nouns,hepatitis,hepatitidis,Noun,feminine,hepatitis,inflammation of the liver,die Hepatitis,,hepatitída,,
6,3rd declensions - the greek Nouns,"hyoideus,hyoidea,hyoideum",,Adjective,,hyoid,,zungenbeinbezogen,,jazylkový,,
6,3rd declensions - the greek Nouns,os hyoideum,ossis hyoidei,Noun,neuter,hyoid bone,U-shaped bone supporting the tongue muscles,das Zungenbein,,jazylka,,
6,3rd declensions - the greek Nouns,"intravenosus, intravenosa, intravenosum",,Adjective,,intravenous,within a vein,intravenös,,intravenózny,,
6,3rd declensions - the greek Nouns,"lambdoideus, lambdoidea, lambdoideum",,Adjective,,lambdoid,lambda-shaped,lambdaförmig,,lambdový,,
6,3rd declensions - the greek Nouns,margo,margī,Noun,masculine,margin / border,,der Rand,,okraj,,
6,3rd declensions - the greek Nouns,meninx,meningis,Noun,feminine,meninx,membrane / envelope,die Meninx,,mozgová blana,,
6,3rd declensions - the greek Nouns,meninges,meningum,Noun,feminine,meninges,membranous envelope of brain and spinal cord,die Meningen,,mozgové blany,,
6,3rd declensions - the greek Nouns,meningitis,meningitidis,Noun,feminine,meningitis,inflammation of the meninges,die Meningitis,,meningitída,,
6,3rd declensions - the greek Nouns,myocarditis,myocarditidis,Noun,feminine,myocarditis,inflammation of the heart muscle,die Myokarditis,,myokarditída,,
6,3rd declensions - the greek Nouns,myoma,myomatis,Noun,neuter,myoma,muscle tumour,das Myom,,myóm,,
6,3rd declensions - the greek Nouns,myositis,myositidis,Noun,feminine,myositis,inflammation of a muscle,die Myositis,,myozitída,,
6,3rd declensions - the greek Nouns,narcosis,narcosis,Noun,feminine,narcosis,general anesthesia,die Narkose,,narkóza,,
6,3rd declensions - the greek Nouns,neoplasma,neoplasmatis,Noun,neuter,neoplasm,new growth / tumour,das Neoplasma,,novotvar,,
6,3rd declensions - the greek Nouns,nephritis,nephritidis,Noun,feminine,nephritis,inflammation of the kidneys,die Nephritis,,nefritída,,
6,3rd declensions - the greek Nouns,nephrosis,nephrosis,Noun,feminine,nephrosis,degenerative disease of the kidneys,die Nephrose,,nefróza,,
6,3rd declensions - the greek Nouns,oedema,oedematis,Noun,neuter,edema,swelling,das Ödem,,edém,,
6,3rd declensions - the greek Nouns,osteoma,osteomatis,Noun,neuter,osteoma,bone tumour,das Osteom,,osteóm,,
6,3rd declensions - the greek Nouns,ostitis,ostitidis,Noun,feminine,ostitis,inflammation of a bone,die Ostitis,,ostitída,,
6,3rd declensions - the greek Nouns,otitis,otitidis,Noun,feminine,otitis,inflammation of the ear,die Otitis,,otitída,,
6,3rd declensions - the greek Nouns,periosteum,periosteī,Noun,neuter,periosteum,membrane surrounding bones,das Periost,,okostica,,
6,3rd declensions - the greek Nouns,"posttraumaticus, posttraumatica, posttraumaticum",,Adjective,,posttraumatic,,posttraumatisch,,posttraumatický,,
6,3rd declensions - the greek Nouns,"pubicus, pubica, pubicum",,Adjective,,pubic,relating to the pubic region,schambeinbezogen,,lonový,,
6,3rd declensions - the greek Nouns,"purulentus, purulenta, purulentum",,Adjective,,purulent,containing or producing pus,eitrig,,hnisavý,,
6,3rd declensions - the greek Nouns,retina,retinae,Noun,feminine,retina,nervous tunic of the eyeball,die Retina,,sietnica,,
6,3rd declensions - the greek Nouns,"sesamoideus, sesamoidea, sesamoideum",,Adjective,,sesamoid,sesame-shaped,sesambeinartig,,sezamský,,
6,3rd declensions - the greek Nouns,"sigmoideus, sigmoidea, sigmoideum",,Adjective,,sigmoid,sigma-shaped,sigmoidförmig,,sigmoidný,,
6,3rd declensions - the greek Nouns,situs,situs,Noun,masculine,site,original position,der Situs,,uloženie,,
6,3rd declensions - the greek Nouns,sphincter,sphincteris,Noun,masculine,sphincter,muscle closing an orifice,der Schließmuskel,,zvierač,,
6,3rd declensions - the greek Nouns,spondylosis,spondylosis,Noun,feminine,spondylosis,degenerative disease of vertebrae,die Spondylose,,spondylóza,,
6,3rd declensions - the greek Nouns,stenosis,stenosis,Noun,feminine,stenosis,narrowing of any canal,die Stenose,,stenóza,,
6,3rd declensions - the greek Nouns,symphysis,symphysis,Noun,feminine,symphysis,secondary cartilaginous joint,die Symphyse,,symfýza,,
6,3rd declensions - the greek Nouns,symptoma,symptomatis,Noun,neuter,symptom,manifestation,Symptom,,príznak,,
6,3rd declensions - the greek Nouns,syndroma,syndromatis,Noun,neuter,syndrome,set of symptoms of some disease,das Syndrom,,syndróm,,
6,3rd declensions - the greek Nouns,systema,systematis,Noun,neuter,system,,das System,,systém,,
6,3rd declensions - the greek Nouns,testis,testis,Noun,masculine,testicle,one of the two paired male gonads,der Hoden,,semenník,,
6,3rd declensions - the greek Nouns,thrombosis,thrombosis,Noun,feminine,thrombosis,formation of a thrombus in vessels,die Thrombose,,trombóza,,
6,3rd declensions - the greek Nouns,tonsillitis,tonsillitidis,Noun,feminine,tonsillitis,inflammation of the tonsils,die Tonsillitis,,tonzilitída,,
6,3rd declensions - the greek Nouns,trachea,tracheae,Noun,feminine,trachea,windpipe,die Luftröhre,,priedušnica,,
6,3rd declensions - the greek Nouns,trauma,traumatis,Noun,neuter,trauma,wound / injury,das Trauma,,poranenie,,
6,3rd declensions - the greek Nouns,ureter,ureteris,Noun,masculine,ureter,tube leading from kidney to bladder,der Harnleiter,,močovod,,

7,3rd declension - Adjectives,abdominālis,,Adjective,,abdominal,relating to the abdomen,abdominal,,abdominálny,,
7,3rd declension - Adjectives,adenocarcinōma,adenocarcinōmatis,Noun,neuter,adenocarcinoma,,das Adenokarzinom,,adenokarcinóm,,
7,3rd declension - Adjectives,articulāris,,Adjective,,articular,relating to a joint,artikulär,,artikulárny,,
7,3rd declension - Adjectives,ascendēns,,Adjective,,ascending,,aufsteigend,,vzostupný,,
7,3rd declension - Adjectives,biceps,bicipitis,Noun,masculine,biceps,having two heads,der Bizeps,,dvojhlavý sval,,
7,3rd declension - Adjectives,bicuspidālis,,Adjective,,bicuspid,with two cusps,bikuspidal,,dvojcípy,,
7,3rd declension - Adjectives,biventer,tris,Noun,masculine,digastric,two-bellied,zweibäuchig,,dvojbrušný,,
7,3rd declension - Adjectives,brachiālis,,Adjective,,brachial,relating to the arm,brachial,,ramenný,,
7,3rd declension - Adjectives,brachium,brachiī,Noun,neuter,arm,between shoulder and elbow,der Arm,,rameno,,
7,3rd declension - Adjectives,brevis,,Adjective,,short,,kurz,,krátky,,
7,3rd declension - Adjectives,cardiovascularis,,Adjective,,cardiovascular,,kardiovaskulär,,kardiovaskulárny,,
7,3rd declension - Adjectives,cellula,cellulae,Noun,feminine,cell,,die Zelle,,bunka,,
7,3rd declension - Adjectives,cervicālis,,Adjective,,cervical,relating to the cervix/zones,halsbezogen,,krčný,,
7,3rd declension - Adjectives,columna,columnae,Noun,feminine,column / pillar,,die Säule,,stĺp,,
7,3rd declension - Adjectives,columna vertebrālis,columnae vertebrālis,Noun,feminine,vertebral column,,die Wirbelsäule,,chrbtica,compound term
7,3rd declension - Adjectives,commūnis,,Adjective,,common,,gemeinsam,,spoločný,,
7,3rd declension - Adjectives,commūnicāns,,Adjective,,communicating,,kommunizierend,,komunikujúci,,
7,3rd declension - Adjectives,corpusculum,corpusculī,Noun,neuter,corpuscle,,das Körperchen,,teliesko,,
7,3rd declension - Adjectives,crassus,,Adjective,,thick,,dick,,hrubý,,
7,3rd declension - Adjectives,cum,,Preposition,,with,,mit,,s,,"Abl."
7,3rd declension - Adjectives,dēformāns,,Adjective,,deforming,,deformierend,,deformujúci,,
7,3rd declension - Adjectives,dēscendēns,,Adjective,,descending,,absteigend,,zostupný,,
7,3rd declension - Adjectives,duodēnum,duodēnī,Noun,neuter,duodenum,,das Duodenum,,dvanástnik,,
7,3rd declension - Adjectives,dorsālis,,Adjective,,dorsal,,dorsal,,chrbtový,,
7,3rd declension - Adjectives,dosis,dosis,Noun,feminine,dose,,die Dosis,,dávka,,
7,3rd declension - Adjectives,epitheliālis,,Adjective,,epithelial,,epithelial,,epiteliálny,,
7,3rd declension - Adjectives,exitus,exitūs,Noun,masculine,exit / death,,der Tod,,úmrtie,,
7,3rd declension - Adjectives,exitus lētālis,exitūs lētālis,Noun,masculine,death,,tödlicher Ausgang,,smrť,compound term
7,3rd declension - Adjectives,faciālis,,Adjective,,facial,,fazial,,tvárový,,
7,3rd declension - Adjectives,fasciculus,fasciculī,Noun,masculine,fascicle,,das Faszikel,,zväzok,,
7,3rd declension - Adjectives,fibulāris,,Adjective,,fibular,,fibular,,lýtkový,,
7,3rd declension - Adjectives,flexor,flexōris,Noun,masculine,flexor,,der Beuger,,ohýbač,,
7,3rd declension - Adjectives,frontālis,,Adjective,,frontal,,frontal,,čelový,,
7,3rd declension - Adjectives,genitālis,,Adjective,,genital,,genital,,genitálny,,
7,3rd declension - Adjectives,graviditās,graviditātis,Noun,feminine,pregnancy,,die Schwangerschaft,,tehotenstvo,,
7,3rd declension - Adjectives,hepaticus,,Adjective,,hepatic,,hepatisch,,pečeňový,,
7,3rd declension - Adjectives,impār,impāris,Adjective,,unequal,,ungleich,,nerovnaký,,
7,3rd declension - Adjectives,intercostālis,,Adjective,,intercostal,,interkostal,,medzirebrový,,
7,3rd declension - Adjectives,intermusculāris,,Adjective,,intermuscular,,intermuskulär,,medzisvalový,,
7,3rd declension - Adjectives,interspinālis,,Adjective,,interspinous,,interspinal,,medzitŕňový,,
7,3rd declension - Adjectives,intestinālis,,Adjective,,intestinal,,intestinal,,črevný,,
7,3rd declension - Adjectives,intestīnum,intestīnī,Noun,neuter,intestine,,der Darm,,črevo,,
7,3rd declension - Adjectives,intestīnum crassum,intestīnī crassī,Noun,neuter,large intestine,,Dickdarm,,hrubé črevo,compound term
7,3rd declension - Adjectives,intestīnum tenue,intestīnī tenuis,Noun,neuter,small intestine,,Dünndarm,,tenké črevo,compound term
7,3rd declension - Adjectives,intrāmusculāris,,Adjective,,intramuscular,,intramuskulär,,intramuskulárny,,
7,3rd declension - Adjectives,labiālis,,Adjective,,labial,,labial,,perový,,
7,3rd declension - Adjectives,lēns,lentis,Noun,feminine,lens,,die Linse,,šošovka,,
7,3rd declension - Adjectives,lētālis,,Adjective,,lethal,,letal,,letálny,,
7,3rd declension - Adjectives,lobulus,lobulī,Noun,masculine,lobule,,der Läppchen,,lalôčik,,
7,3rd declension - Adjectives,lumbālis,,Adjective,,lumbar,,lumbal,,driekový,,
7,3rd declension - Adjectives,malformātiō,malformātiōnis,Noun,feminine,malformation,,die Fehlbildung,,malformácia,,
7,3rd declension - Adjectives,maxillāris,,Adjective,,maxillary,,maxillär,,čeľustný,,
7,3rd declension - Adjectives,mediālis,,Adjective,,medial,,medial,,mediálny,,
7,3rd declension - Adjectives,medulla,medullae,Noun,feminine,medulla,,die Medulla,,dreň,,
7,3rd declension - Adjectives,medulla spinālis,medullae spinālis,Noun,feminine,spinal cord,,Rückenmark,,miecha,compound term
7,3rd declension - Adjectives,metatarsālis,,Adjective,,metatarsal,,metatarsal,,priehlavkový,,
7,3rd declension - Adjectives,migrāns,,Adjective,,migrating,,wandernd,,migrujúci,,
7,3rd declension - Adjectives,mollis,,Adjective,,soft,,weich,,mäkký,,
7,3rd declension - Adjectives,multiplex,multiplicis,Adjective,,multiple,,multipel,,mnohopočetný,,
7,3rd declension - Adjectives,musculāris,,Adjective,,muscular,,muskulär,,svalový,,
7,3rd declension - Adjectives,myelitis,myelitidis,Noun,feminine,myelitis,inflammation of spinal cord/bone marrow,die Myelitis,,myelitída,,
7,3rd declension - Adjectives,parietālis,,Adjective,,parietal,"1. relating to the parietal bone 2. relating to the wall of any cavity",parietal,,parietálny,,
7,3rd declension - Adjectives,perforāns,,Adjective,,perforating,penetrating other structures,perforierend,,perforujúci,,
7,3rd declension - Adjectives,permanēns,,Adjective,,permanent,lasting a longer time or forever,permanent,,trvalý,,
7,3rd declension - Adjectives,phlebitis,phlebitidis,Noun,feminine,phlebitis,inflammation of the veins,die Phlebitis,,flebitída,,
7,3rd declension - Adjectives,praemolāris,,Adjective,,premolar,in front of a molar tooth,Prämolar,,premolárny,,
7,3rd declension - Adjectives,prōminēns,,Adjective,,prominent,projecting,hervortretend,,vystupujúci,,
7,3rd declension - Adjectives,recēns,,Adjective,,recent,fresh/new,neu,,čerstvý,,
7,3rd declension - Adjectives,rēctālis,,Adjective,,rectal,relating to the rectum,rektal,,rektálny,,
7,3rd declension - Adjectives,rēnālis,,Adjective,,renal,relating to the kidney(s),renal,,renálny,,
7,3rd declension - Adjectives,sacrālis,,Adjective,,sacral,relating to the sacrum,sakral,,sakrálny,,
7,3rd declension - Adjectives,sclērōsis,sclērōsis,Noun,feminine,sclerosis,hardening of tissue,die Sklerose,,skleróza,,
7,3rd declension - Adjectives,sclērōsis multiplex,,Noun,feminine,multiple sclerosis,disease of the CNS,Multiple Sklerose,,skleróza multiplex,compound term
7,3rd declension - Adjectives,segmentum,segmentī,Noun,neuter,segment,portion,das Segment,,segment,,
7,3rd declension - Adjectives,sēnīlis,,Adjective,,senile,relating to or characteristic of old age,senil,,senilný,,
7,3rd declension - Adjectives,simplex,,Adjective,,simple,,einfach,,jednoduchý,,
7,3rd declension - Adjectives,solūbilis,,Adjective,,soluble,capable of being dissolved,löslich,,rozpustný,,
7,3rd declension - Adjectives,spīnālis,,Adjective,,spinal,relating to the spine,spinal,,spinálny,,
7,3rd declension - Adjectives,superficiālis,,Adjective,,superficial,,oberflächlich,,povrchový,,
7,3rd declension - Adjectives,suprārēnālis,,Adjective,,suprarenal,above the kidney,suprarenal,,nadobličkový,,
7,3rd declension - Adjectives,tenuis,,Adjective,,thin,fine/slight,dünn,,tenký,,
7,3rd declension - Adjectives,teres,,Adjective,,teres,round and elongated (esp. muscle or ligament),rundlich,,oblý,,
7,3rd declension - Adjectives,tricuspidālis,,Adjective,,tricuspid,with three cusps,trikuspidal,,trojcípy,,
7,3rd declension - Adjectives,ulnāris,,Adjective,,ulnar,relating to the ulna,ulnar,,lakťový,,
7,3rd declension - Adjectives,valva,valvae,Noun,feminine,valve,,die Klappe,,chlopňa,,
7,3rd declension - Adjectives,vertebrālis,,Adjective,,vertebral,relating to vertebra,vertebral,,stavcový,,

8,Comparison of Adjectives,ālaris,,Adjective,,alar,resembling wings,alar,,krídlový,,
8,Comparison of Adjectives,antebrāchium,antebrāchiī,Noun,neuter,forearm,,der Unterarm,,predlaktie,,
8,Comparison of Adjectives,anterior,anterius,Adjective,,anterior,located in the front,anterior,,predný,,
8,Comparison of Adjectives,auriculāris,,Adjective,,auricular,relating to the ear,aurikulär,,ušný,,
8,Comparison of Adjectives,"bōnus,bōna,bōnum",,Adjective,,good,,gut,,dobrý,,
8,Comparison of Adjectives,cōrnea,cōrneae,Noun,feminine,cornea,the outer layer of the eyeball,die Hornhaut,,rohovka,,
8,Comparison of Adjectives,cruciātus,,Adjective,,cruciate,cross-shaped,kreuzförmig,,skrížený,,
8,Comparison of Adjectives,curvātūra,curvātūrae,Noun,feminine,curvature,a bending or flexure,Krümmung,,krivka,,
8,Comparison of Adjectives,distālis,,Adjective,,distal,located away from the trunk,distal,,distálny,,
8,Comparison of Adjectives,epithēlium,epithēliī,Noun,neuter,epithelium,lining/layer,das Epithel,,epitel,,
8,Comparison of Adjectives,exterior,exterius,Adjective,,external,outer,extern,,vonkajší,,
8,Comparison of Adjectives,glūteus,glūteī,Noun,masculine,gluteus,buttock/sedentary muscle,Gluteus,,sedací sval,,
8,Comparison of Adjectives,īliacus,,Adjective,,iliac,relating to ilium or groin,iliakal,,bedrový,,
8,Comparison of Adjectives,īmus,,Adjective,,the lowest,,unterst,,najnižší,superlative
8,Comparison of Adjectives,inferior,inferius,Adjective,,inferior,lower,inferior,,dolný,,
8,Comparison of Adjectives,interior,interius,Adjective,,internal,inner,intern,,vnútorný,,
8,Comparison of Adjectives,intimus,,Adjective,,innermost,,innerst,,najvnútornejší,superlative
8,Comparison of Adjectives,labium,labiī,Noun,neuter,"1. lip 2. lip-like structure 3. margin of a bone",,die Lippe,,pysk,,
8,Comparison of Adjectives,locus,locī,Noun,masculine,place,,der Ort,,miesto,,
8,Comparison of Adjectives,māior,māius,Adjective,,greater,bigger,größer,,väčší,comparative
8,Comparison of Adjectives,maximus,,Adjective,,the biggest,the greatest,der größte,,najväčší,superlative
8,Comparison of Adjectives,melior,melius,Adjective,,better,,besser,,lepší,comparative
8,Comparison of Adjectives,membrāna,membrānae,Noun,feminine,membrane,thin layer of tissue,die Membran,,blana,,
8,Comparison of Adjectives,minor,minus,Adjective,,smaller,lesser,kleiner,,menší,comparative
8,Comparison of Adjectives,minimus,,Adjective,,the smallest,,der kleinste,,najmenší,superlative
8,Comparison of Adjectives,multī,,Adjective,,many,,viele,,mnohí,plural Adjective
8,Comparison of Adjectives,occipitālis,,Adjective,,occipital,concerning the back of the head,okzipital,,záhlavový,,
8,Comparison of Adjectives,optimus,,Adjective,,the best,optimal,der beste,,najlepší,superlative
8,Comparison of Adjectives,peior,peius,Adjective,,worse,,schlechter,,horší,comparative
8,Comparison of Adjectives,pessimus,,Adjective,,the worst,,der schlechteste,,najhorší,superlative
8,Comparison of Adjectives,petrōsus,,Adjective,,petrous,stony/rocky,petrös,,skalný,,
8,Comparison of Adjectives,phalānx,phalāngis,Noun,feminine,phalanx,finger bone,die Phalanx,,článok prsta,,
8,Comparison of Adjectives,plūrēs,,Adjective,,more,,mehr,,viac,comparative plural
8,Comparison of Adjectives,plūrimī,,Adjective,,the most,,die meisten,,najviac,superlative plural
8,Comparison of Adjectives,posterior,posterius,Adjective,,posterior,located in the back,posterior,,zadný,,
8,Comparison of Adjectives,postrēmus,,Adjective,,hindmost,,der hinterste,,posledný,superlative
8,Comparison of Adjectives,prognōsis,prognōsis,Noun,feminine,prognosis,forecast/prediction,die Prognose,,prognóza,,
8,Comparison of Adjectives,proximālis,,Adjective,,proximal,located near the trunk,proximal,,proximálny,,
8,Comparison of Adjectives,proximus,,Adjective,,the nearest,the closest,nächste,,najbližší,superlative
8,Comparison of Adjectives,pudendum,pudendī,Noun,neuter,pudendum,external female genitals,das Pudendum,,ohambie,,
8,Comparison of Adjectives,recessus,recessūs,Noun,masculine,recess,small hollow/fold,der Rezess,,záhyb,,
8,Comparison of Adjectives,resistentia,resistentiae,Noun,feminine,resistance,ability of opposing an action,Resistenz,,odolnosť,,
8,Comparison of Adjectives,subtilis,,Adjective,,subtle,fine/delicate,subtil,,jemný,,
8,Comparison of Adjectives,superior,superius,Adjective,,superior,upper,superior,,horný,,
8,Comparison of Adjectives,suprēmus,,Adjective,,the highest,the uppermost,höchste,,najvyšší,superlative
8,Comparison of Adjectives,temporālis,,Adjective,,temporal,,temporal,,spánkový,,
8,Comparison of Adjectives,tibia,tibiae,Noun,feminine,tibia,shin bone,die Tibia,,holenná kosť,,
8,Comparison of Adjectives,tympanicus,,Adjective,,tympanic,relating to tympanum,tympanisch,,bubienkový,,
8,Comparison of Adjectives,venter,ventris,Noun,masculine,belly,belly-shaped part of muscle,der Bauch,,brucho,,
8,Comparison of Adjectives,vestibulāris,,Adjective,,vestibular,relating to a vestibule,vestibulär,,predsieňový,,

unit_number,unit_name,latin_term,latin_genitive,part_of_speech,gender,english_translation,english_definition,german_translation,german_definition,slovak_translation,slovak_definition,notes
9,Numerals,abdūcēns,abdūcentis,Adjective,,abducent,effecting movement away from midline,abduzierend,,abdukujúci,,
9,Numerals,ānulāris,,Adjective,,annular,ring-shaped,ringförmig,,prstencový,,
9,Numerals,ascendēns,ascendentis,Adjective,,ascending,rising,aufsteigend,,vzostupný,,
9,Numerals,axis,axis,Noun,masculine,axis,"1. axis 2. epistropheus, 2nd cervical vertebra",die Achse,,os,,
9,Numerals,centrum,centrī,Noun,neuter,centre,,das Zentrum,,centrum,,
9,Numerals,crāniālis,,Adjective,,cranial,,kranial,,lebečný,,
9,Numerals,decimus,,Adjective,,the tenth,,zehnte,,desiaty,,
9,Numerals,duodēcimus,,Adjective,,the twelfth,,zwölfte,,dvanásty,,
9,Numerals,duplex,,Adjective,,double,twofold,doppelt,,dvojnásobný,,
9,Numerals,geniculum,geniculī,Noun,neuter,geniculum,small knee or kneelike structure,das Geniculum,,kolienko,,
9,Numerals,glōssopharyngeus,,Adjective,,glossopharyngeal,relating to the tongue and pharynx,glossopharyngeal,,jazykohltanový,,
9,Numerals,hypoglōssus,,Adjective,,hypoglossal,lying beneath the tongue,hypoglossal,,podjazykový,,
9,Numerals,index,indexis,Noun,masculine,index,the 2nd finger,der Zeigefinger,,ukazovák,,
9,Numerals,metacarpālis,,Adjective,,metacarpal,,metakarpal,,záprstný,,
9,Numerals,nōnus,,Adjective,,the ninth,,neunte,,deviaty,,
9,Numerals,octāvus,,Adjective,,the eighth,,achte,,ôsmy,,
9,Numerals,olfactōrius,,Adjective,,olfactory,associated with the sense of smell,olfaktorisch,,čuchový,,
9,Numerals,ossificātiō,ossificātiōnis,Noun,feminine,ossification,formation of bone,Verknöcherung,,osifikácia,,
9,Numerals,partiālis,,Adjective,,partial,incomplete,partiell,,čiastočný,,
9,Numerals,prīmus,,Adjective,,the first,,erste,,prvý,,
9,Numerals,quadriplēgia,quadriplēgiae,Noun,feminine,quadriplegia,loss of movement and sensation in all four limbs,Quadriplegie,,kvadruplégia,,
9,Numerals,quintus,,Adjective,,the fifth,,fünfte,,piaty,,
9,Numerals,sānātiō,sānātiōnis,Noun,feminine,healing,process of healing,Heilung,,hojenie,,
9,Numerals,sānātiō per prīmam intentionem,,Noun,feminine,primary healing,healing without complications,primäre Heilung,,hojenie per primam,compound term
9,Numerals,sānātiō per secundam intentionem,,Noun,feminine,secondary healing,healing with complications,sekundäre Heilung,,hojenie per secundam,compound term
9,Numerals,secundus,,Adjective,,the second,,zweite,,druhý,,
9,Numerals,septimus,,Adjective,,the seventh,,siebte,,siedmy,,
9,Numerals,seu,,Conjunction,,or,,oder,,alebo,,
9,Numerals,sextus,,Adjective,,the sixth,,sechste,,šiesty,,
9,Numerals,tertius,,Adjective,,the third,,dritte,,tretí,,
9,Numerals,tōtālis,,Adjective,,total,entire,total,,celkový,,
9,Numerals,trigeminus,,Adjective,,trigeminal,related to the trigeminal nerve,trigeminal,,trojklanný,,
9,Numerals,triplex,,Adjective,,triple,,dreifach,,trojitý,,
9,Numerals,trochleāris,,Adjective,,trochlear,pulley-shaped / relating to the trochlear nerve,trochlear,,kladkový,,
9,Numerals,truncus,truncī,Noun,masculine,trunk,,der Stamm,,kmeň,,
9,Numerals,undēcimus,,Adjective,,the eleventh,,elfte,,jedenásty,,
9,Numerals,vagus,,Adjective,,vagus,wandering (nerve),Vagus,,blúdivý,,
9,Numerals,vestibulocochleāris,,Adjective,,vestibulocochlear,relating to the vestibulocochlear nerve,vestibulokochleär,,vestibulokochleárny,,

unit_number,unit_name,latin_term,latin_genitive,part_of_speech,gender,english_translation,english_definition,german_translation,german_definition,slovak_translation,slovak_definition,notes
10,Latin medical prescription,acidum,acidī,Noun,neuter,acid,,die Säure,,kyselina,,
10,Latin medical prescription,adeps,adipis,Noun,masculine,fat,lipid, das Fett,,tuk,,
10,Latin medical prescription,aēquālis,,Adjective,,equal,,gleich,,rovnaký,,
10,Latin medical prescription,ampulla,ampullae,Noun,feminine,ampulla,"1. dilation of a tube (anat.) 2. ampoule (pharm.)",die Ampulle,,ampula,,
10,Latin medical prescription,belladonna,belladonnae,Noun,feminine,belladonna,deadly nightshade,Belladonna,,belladona,,
10,Latin medical prescription,boricus,,Adjective,,boric,,borhaltig,,boritý,,
10,Latin medical prescription,capsula,capsulae,Noun,feminine,capsule,"1. tissue sheath (anat.) 2. capsule with powder/liquid drug (pharm.)",die Kapsel,,kapsula,,
10,Latin medical prescription,dilūtus,,Adjective,,dilute,thinned,verdünnt,,riedený,,
10,Latin medical prescription,effervēscēns,effervescentis,Adjective,,effervescent,"sparkling, fizzy",brausend,,šumivý,,
10,Latin medical prescription,expectorāns,expectorantis,Noun,,expectorant,medicine used to treat coughs,Expektorans,,expektorans,,
10,Latin medical prescription,expedītiō,expedītiōnis,Noun,feminine,expedition,medicine (remedy) package,die Abgabe,,výdaj,,
10,Latin medical prescription,expedītiō originālis,,Noun,feminine,original package,,Originalpackung,,originálne balenie,compound term
10,Latin medical prescription,fluīdus,,Adjective,,fluid,liquid,flüssig,,tekutý,,
10,Latin medical prescription,gelātum,gelātī,Noun,neuter,jelly,,das Gel,,želatína,,
10,Latin medical prescription,gramma,grammatis,Noun,neuter,gram,,das Gramm,,gram,,
10,Latin medical prescription,gutta,guttae,Noun,feminine,drop,,der Tropfen,,kvapka,,
10,Latin medical prescription,lagōena,lagōenae,Noun,feminine,bottle,flask,die Flasche,,fľaša,,
10,Latin medical prescription,medicāmentum,medicāmentī,Noun,neuter,medicine,medical drug/remedy,das Medikament,,liečivo,,
10,Latin medical prescription,īnfāns,īnfantis,Noun,masculine/feminine,child,,das Kind,,dieťa,,
10,Latin medical prescription,numerus,numerī,Noun,masculine,number,digit,die Zahl,,číslo,,
10,Latin medical prescription,originālis,,Adjective,,original,,original,,originálny,,
10,Latin medical prescription,quantum,,Pronoun,,how much/many,,wie viel,,koľko,,
10,Latin medical prescription,remedium,remediī,Noun,neuter,remedy,drug used for cure,Heilmittel,,liek,,
10,Latin medical prescription,satis,,Adverb,,enough,,genug,,dosť,,
10,Latin medical prescription,singulus,,Adjective,,individual,single,einzeln,,jednotlivý,,
10,Latin medical prescription,solidus,,Adjective,,solid,tough,fest,,tuhý,,
10,Latin medical prescription,solūtiō,solūtiōnis,Noun,feminine,solution,,die Lösung,,roztok,,
10,Latin medical prescription,spīritus,spīritūs,Noun,masculine,spirit,alcohol,der Alkohol,,lieh,,
10,Latin medical prescription,statim,,Adverb,,immediately,,sofort,,okamžite,,
10,Latin medical prescription,tabuletta,tabulettae,Noun,feminine,tablet,pill,die Tablette,,tableta,,
10,Latin medical prescription,tālis,,Adjective,,such,,solch,,taký,,
10,Latin medical prescription,unguentum,unguentī,Noun,neuter,ointment,,die Salbe,,masť,,
10,Latin medical prescription,vīnum,vīnī,Noun,neuter,wine,,der Wein,,víno,

11,Prefixes,afferēns,afferentis,Adjective,,afferent,conveying sensory info to CNS,afferent,,aferentný,,
11,Prefixes,anaesthēsia,anaesthēsiae,Noun,feminine,anesthesia,loss of sensation,Anästhesie,,anestézia,,
11,Prefixes,anteflexiō,anteflexiōnis,Noun,feminine,anteflexion,forward bending,Anteflexion,,anteflexia,,
11,Prefixes,antiallergicus,,Adjective,,antiallergic,against allergy,antiallergisch,,antialergický,,
11,Prefixes,antia­naemicus,,Adjective,,antianemic,against anemia,antianämisch,,anti-anemický,,
11,Prefixes,antidiabēticus,,Adjective,,antidiabetic,against diabetes,antidiabetisch,,antidiabetický,,
11,Prefixes,antiemeticus,,Adjective,,antiemetic,against vomiting,antiemetisch,,antiemetický,,
11,Prefixes,antihaemorrhagicus,,Adjective,,antihemorrhagic,against bleeding,anti­hämorrhagisch,,antihemoragický,,
11,Prefixes,antipyreticus,,Adjective,,antipyretic,against fever,antipyretisch,,antipyretický,,
11,Prefixes,antisepticus,,Adjective,,antiseptic,against sepsis,antiseptisch,,antiseptický,,
11,Prefixes,antitussicus,,Adjective,,antitussive,against cough,antitussiv,,antitusický,,
11,Prefixes,atypicus,,Adjective,,atypical,not typical,atypisch,,atypický,,
11,Prefixes,avitaminōsis,avitaminōsis,Noun,feminine,avitaminosis,lack of vitamins,Avitaminose,,avitaminóza,,
11,Prefixes,cataracta,cataractae,Noun,feminine,cataract,clouding of eye lens,Katarakt,,katarakta,,
11,Prefixes,circumcīsiō,circumcīsiōnis,Noun,feminine,circumcision,surgical removal of foreskin,Zirkumzision,,obriezka,,
11,Prefixes,contrāincīsiō,contrāincīsiōnis,Noun,feminine,counterincision,special cut for drainage,Gegeninzision,,kontraincízia,,
11,Prefixes,diagnōsis,diagnōsis,Noun,feminine,diagnosis,determination of disease,Diagnose,,diagnóza,,
11,Prefixes,diagnōsis per exclūsiōnem,,Noun,feminine,diagnosis by exclusion,,Ausschlussdiagnose,,diagnóza per exclusionem,compound term
11,Prefixes,dysfunctiō,dysfunctiōnis,Noun,feminine,dysfunction,impaired functioning,Dysfunktion,,dysfunkcia,,
11,Prefixes,dysenteria,dysenteriae,Noun,feminine,dysentery,severe diarrhea,Dysenterie,,dyzentéria,,
11,Prefixes,dyspnoë,dyspnoës,Noun,feminine,dyspnea,difficulty breathing,Dyspnoe,,dyspnoe,,
11,Prefixes,dystopia,dystopiae,Noun,feminine,dystopia,wrong position,Dystopie,,dystópia,,
11,Prefixes,dystrophia,dystrophiae,Noun,feminine,dystrophy,metabolic disorder,Dystrophie,,dystrofia,,
11,Prefixes,efferēns,efferentis,Adjective,,efferent,away from central point,efferent,,eferentný,,
11,Prefixes,emesis,emesis,Noun,feminine,emesis,vomiting,Emesis,,eméza,,
11,Prefixes,endogenēs,,Adjective,,endogenous,originating within,endogen,,endogénny,,
11,Prefixes,enterītis,enterītĭdis,Noun,feminine,enteritis,inflammation of small intestine,Enteritis,,enteritída,,
11,Prefixes,epicondylus,epicondylī,Noun,masculine,epicondyle,,Epicondylus,,epikondylus,,
11,Prefixes,epidurālis,,Adjective,,epidural,above dura mater,epidural,,epidurálny,,
11,Prefixes,eupnoë,eupnoës,Noun,feminine,eupnea,normal breathing,Eupnoe,,eupnoe,,
11,Prefixes,excīsiō,excīsiōnis,Noun,feminine,excision,cutting out,Exzision,,excízia,,
11,Prefixes,exclūsiō,exclūsiōnis,Noun,feminine,exclusion,elimination,Ausschluss,,exklúzia,,
11,Prefixes,extracellulāris,,Adjective,,extracellular,outside the cell,extrazellulär,,extracelulárny,,
11,Prefixes,extrauterīnus,,Adjective,,extrauterine,outside uterus,extrauterin,,extrauterinný,,
11,Prefixes,hypaesthēsia,hypaesthēsiae,Noun,feminine,hypesthesia,reduced sensation,Hypästhesie,,hypestézia,,
11,Prefixes,hyperaesthēsia,hyperaesthēsiae,Noun,feminine,hyperesthesia,increased sensation,Hyperästhesie,,hyperestézia,,
11,Prefixes,hypertensiō,hypertensiōnis,Noun,feminine,hypertension,high blood pressure,Hypertonie,,hypertenzia,,
11,Prefixes,hypertonicus,,Adjective,,hypertonic,very high tension,hypertonisch,,hypertonický,,
11,Prefixes,hypotonicus,,Adjective,,hypotonic,very low tension,hypotonisch,,hypotonický,,
11,Prefixes,immātūrus,,Adjective,,immature,not fully developed,unreif,,nezrelý,,
11,Prefixes,incīsiō,incīsiōnis,Noun,feminine,incision,cut into tissue,Inzision,,incízia,,
11,Prefixes,infraclaviculāris,,Adjective,,infraclavicular,below clavicle,infraklavikulär,,infraklavikulárny,,
11,Prefixes,infraorbitālis,,Adjective,,infraorbital,below orbit,infraorbital,,infraorbitálny,,
11,Prefixes,intraarteriālis,,Adjective,,intraarterial,within artery,intraarteriell,,intraarteriálny,,
11,Prefixes,intraarticulāris,,Adjective,,intraarticular,within joint,intraartikulär,,intraartikulárny,,
11,Prefixes,intracardiālis,,Adjective,,intracardial,within heart,intrakardial,,intrakardiálny,,
11,Prefixes,intracellulāris,,Adjective,,intracellular,within cell,intrazellulär,,intracelulárny,,
11,Prefixes,intracostālis,,Adjective,,intracostal,within rib,intrakostal,,intrakostálny,,
11,Prefixes,intracūtāneus,,Adjective,,intracutaneous,within skin,intrakutan,,intrakutánny,,
11,Prefixes,opponēns,opponentis,Noun,masculine,opponent,opponent muscle,Gegenspieler,,oponens,,
11,Prefixes,paraesthēsia,paraesthēsiae,Noun,feminine,paresthesia,temporary numbness,Parästhesie,,parestézia,,
11,Prefixes,parasympathicus,,Adjective,,parasympathetic,relating to parasympathetic NS,parasympathisch,,parasympatický,,
11,Prefixes,parōtis,parōtidis,Noun,feminine,parotid gland,salivary gland,Parotis,,príušná žľaza,,
11,Prefixes,parōtītis,parōtītĭdis,Noun,feminine,parotitis,inflammation of parotid,Parotitis,,parotitída,,
11,Prefixes,peracūtus,,Adjective,,peracute,very acute,perakut,,perakútny,,
11,Prefixes,peripharyngeālis,,Adjective,,peripharyngeal,around pharynx,peripharyngeal,,perifaryngeálny,,
11,Prefixes,retroesophagēālis,,Adjective,,retroesophageal,behind esophagus,retroösophageal,,retroezofageálny,,
11,Prefixes,retroflexiō,retroflexiōnis,Noun,feminine,retroflexion,bending backward,Retroflexion,,retroflexia,,
11,Prefixes,retropharyngeus,,Adjective,,retropharyngeal,behind pharynx,retropharyngeal,,retrofaryngeálny,,
11,Prefixes,sēpsis,sēpsis,Noun,feminine,sepsis,blood infection,Sepsis,,sepsa,,
11,Prefixes,spatium,spatiī,Noun,neuter,space,,Raum,,priestor,,
11,Prefixes,subclavius,,Adjective,,subclavian,under clavicle,subklavisch,,subklaviálny,,
11,Prefixes,supraclaviculāris,,Adjective,,supraclavicular,above clavicle,supraklavikulär,,supraklavikulárny,,
11,Prefixes,supraorbitālis,,Adjective,,supraorbital,above orbit,supraorbital,,supraorbitálny,,
11,Prefixes,sublinguālis,,Adjective,,sublingual,under tongue,sublingual,,sublingválny,,
11,Prefixes,submandibulāris,,Adjective,,submandibular,below mandible,submandibulär,,submandibulárny,,
11,Prefixes,sympathicus,,Adjective,,sympathetic,relating to sympathetic NS,sympathisch,,sympatický,,

12,Suffixes,acidus,,Adjective,,acidic,acidic,sauer,,kyslý,,
12,Suffixes,adipositās,adipositātis,Noun,feminine,adiposity,obesity,Fettleibigkeit,,obezita,,
12,Suffixes,alveolāris,,Adjective,,alveolar,relating to an alveolus,alveolär,,alveolárny,,
12,Suffixes,anālis,,Adjective,,anal,relating to the anus,anal,,análny,,
12,Suffixes,bronchiālis,,Adjective,,bronchial,relating to bronchi,bronchial,,bronchiálny,,
12,Suffixes,capsulāris,,Adjective,,capsular,relating to a capsule,kapsulär,,kapsulárny,,
12,Suffixes,cystoīdēs,,Adjective,,cystoid,resembling a cyst,zystoid,,cystický,,
12,Suffixes,dentālis,,Adjective,,dental,relating to teeth,dental,,dentálny,,
12,Suffixes,dentātus,,Adjective,,dentate,having teeth,gezähnt,,zubovitý,,
12,Suffixes,denticulus,denticulī,Noun,masculine,denticle,small tooth,Dentikel,,dentikul,,
12,Suffixes,digitālis,,Adjective,,digital,relating to fingers/toes,digital,,digitálny,,
12,Suffixes,duodēnālis,,Adjective,,duodenal,relating to duodenum,duodenal,,duodenálny,,
12,Suffixes,flexūra,flexūrae,Noun,feminine,flexure,state of being flexed,Flexur,,ohyb,,
12,Suffixes,flexus,,Adjective,,flexed,bent,gebeugt,,ohnutý,,
12,Suffixes,frāctus,,Adjective,,fractured,broken,frakturiert,,zlomený,,
12,Suffixes,fragilis,,Adjective,,fragile,easily damaged,fragil,,krehký,,
12,Suffixes,generālis,,Adjective,,general,common,allgemein,,všeobecný,,
12,Suffixes,inoperābilis,,Adjective,,inoperable,incapable of operation,inoperabel,,neoperovateľný,,
12,Suffixes,lacrimālis,,Adjective,,lacrimal,relating to tears,tränenbezogen,,slzný,,
12,Suffixes,laryngeālis,,Adjective,,laryngeal,relating to larynx,laryngeal,,laryngeálny,,
12,Suffixes,linguālis,,Adjective,,lingual,relating to tongue,lingual,,lingválny,,
12,Suffixes,lingula,lingulae,Noun,feminine,lingula,small tongue-like structure,Lingula,,lingula,,
12,Suffixes,lingulāris,,Adjective,,lingular,relating to lingula,lingulär,,lingulárny,,
12,Suffixes,longitudinālis,,Adjective,,longitudinal,lengthwise,longitudinal,,pozdĺžny,,
12,Suffixes,lumbus,lumbī,Noun,masculine,loin,side of lower back,Lende,,driek,,
12,Suffixes,male,,Adverb,,badly,badly,schlecht,,zle,,
12,Suffixes,multifocālis,,Adjective,,multifocal,more than one focus,multifokal,,multifokálny,,
12,Suffixes,nasālis,,Adjective,,nasal,relating to nose,nasal,,nazálny,,
12,Suffixes,obesitās,obesitātis,Noun,feminine,obesity,,Adipositas,,obezita,,
12,Suffixes,oedematōsus,,Adjective,,edematous,affected by edema,ödematös,,edematózny,,
12,Suffixes,palmāris,,Adjective,,palmar,relating to palm,palmar,,dlaňový,,
12,Suffixes,pharyngeālis,,Adjective,,pharyngeal,relating to pharynx,pharyngeal,,faryngeálny,,
12,Suffixes,plantāris,,Adjective,,plantar,sole of foot,plantar,,plantárny,,
12,Suffixes,psōriāsis,psōriāsis,Noun,feminine,psoriasis,chronic skin disease,Psoriasis,,psoriáza,,
12,Suffixes,quadrātus,,Adjective,,quadrate,four-sided,quadratisch,,štvorcový,,
12,Suffixes,rotundus,,Adjective,,round,ball-shaped,rund,,okrúhly,,
12,Suffixes,ruptus,,Adjective,,ruptured,burst,rupturiert,,prasknutý,,
12,Suffixes,sanātus,,Adjective,,healed,cured,geheilt,,zahojený,,
12,Suffixes,spirālis,,Adjective,,spiral,whorled,spiralförmig,,špirálovitý,,
12,Suffixes,suspicīō,suspicīōnis,Noun,feminine,suspicion,,Verdacht,,podozrenie,,
12,Suffixes,suspicīō fractūrae,,Noun,feminine,suspicion of fracture,,Frakturverdacht,,podozrenie na zlomeninu,compound term
12,Suffixes,tarsālis,,Adjective,,tarsal,relating to tarsus,tarsal,,tarzálny,,
12,Suffixes,tracheālis,,Adjective,,tracheal,relating to trachea,tracheal,,tracheálny,,
12,Suffixes,triangulāris,,Adjective,,triangular,triangle-shaped,triangular,,trojuholníkový,,
12,Suffixes,tūberōsitās,tūberōsitātis,Noun,feminine,tuberosity,bone eminence,Tuberositas,,hrboľ,,
12,Suffixes,tuberculōsus,,Adjective,,tuberculous,affected with tuberculosis,tuberkulös,,tuberkulózny,,
12,Suffixes,viscerālis,,Adjective,,visceral,relating to internal organs,viszeral,,viscerálny,,
12,Suffixes,tuberōsus,,Adjective,,tuberous,resembling a tuber,tuberös,,hľuzovitý,,
12,Suffixes,universālis,,Adjective,,universal,general,universell,,univerzálny,,
12,Suffixes,vulgāris,,Adjective,,vulgar,"current,ordinary",vulgär,,"bežný, obyčajný",,

13,Compound words,acromioclavicularis,,Adjective,,acromioclavicular,relating to the acromion and the clavicle,akromioklavikulär,,akromioklavikulárny,,
13,Compound words,arachnophobia,arachnophobiae,Noun,feminine,arachnophobia,morbid fear of spiders,Arachnophobie,,arachnofóbia,,
13,Compound words,arteriosclerosis,arteriosclerosis,Noun,feminine,arteriosclerosis,hardening and loss of elasticity of arteries,Arteriosklerose,,arterioskleróza,,
13,Compound words,atrioventricularis,,Adjective,,atrioventricular,relating to an atrium and ventricle,atrioventrikulär,,atrioventrikulárny,,
13,Compound words,bilateralis,,Adjective,,bilateral,occurring on both sides,bilateral,,bilaterálny,,
13,Compound words,carcinophobia,carcinophobiae,Noun,feminine,carcinophobia,morbid fear of cancer,Karzinophobie,,karcinofóbia,,
13,Compound words,cardiologia,cardiologiae,Noun,feminine,cardiology,branch of medicine dealing with heart diseases,Kardiologie,,kardiológia,,
13,Compound words,carpometacarpalis,,Adjective,,carpometacarpal,relating to the carpus and metacarpus,karpometakarpal,,karpometakarpálny,,
13,Compound words,carpoptosis,carpoptosis,Noun,feminine,carpoptosis,wrist drop,Handgelenkssenkung,,karpoptóza,,
13,Compound words,cervicothoracicus,,Adjective,,cervicothoracic,relating to the neck and thorax,zervikothorakal,,cervikotorakálny,,
13,Compound words,cholecystectomia,cholecystectomiae,Noun,feminine,cholecystectomy,surgical removal of the gallbladder,Cholezystektomie,,cholecystektómia,,
13,Compound words,cholelithiasis,cholelithiasis,Noun,feminine,cholelithiasis,presence of gallstones in gallbladder or bile ducts,Cholelithiasis,,cholelitiáza,,
13,Compound words,colposcopia,colposcopiae,Noun,feminine,colposcopy,visual examination of the vagina,Kolposkopie,,kolposkopia,,
13,Compound words,costovertebralis,,Adjective,,costovertebral,relating to ribs and thoracic vertebrae,kostovertebral,,kostovertebrálny,,
13,Compound words,gastrectomia,gastrectomiae,Noun,feminine,gastrectomy,surgical removal of all or part of the stomach,Gastrektomie,,gastrektómia,,
13,Compound words,gastrodynia,gastrodyniae,Noun,feminine,gastrodynia,pain in the stomach,Gastrodynie,,gastrodýnia,,
13,Compound words,gastrostomia,gastrostomiae,Noun,feminine,gastrostomy,surgical opening into the stomach,Gastrostomie,,gastrostómia,,
13,Compound words,glycogenes,glycogenis,Noun,neuter,glycogen,polysaccharide storage form of glucose,Glykogen,,glykogén,,
13,Compound words,haemangioma,haemangiomatis,Noun,neuter,hemangioma,benign tumor of blood vessels,Hämangiom,,hemangióm,,
13,Compound words,haematologia,haematologiae,Noun,feminine,hematology,branch of medicine dealing with blood,Hämatologie,,hematológia,,
13,Compound words,haemorrhoides,haemorrhoidum,Noun,feminine,hemorrhoids,venous swellings of anal region,Hämorrhoiden,,hemoroidy,,
13,Compound words,hemiplegia,hemiplegiae,Noun,feminine,hemiplegia,paralysis of one side of the body,Hemiplegie,,hemiplégia,,
13,Compound words,hemiplegia spastica,,Noun,feminine,spastic hemiplegia,spastic paralysis of one side of the body,spastische Hemiplegie,,spastická hemiplégia,compound term
13,Compound words,hepatonephromegalia,hepatonephromegaliae,Noun,feminine,hepatonephromegaly,enlargement of liver and kidneys,Hepatonephromegalie,,hepatonefromegália,,
13,Compound words,hepatorenalis,,Adjective,,hepatorenal,relating to liver and kidney,hepatorenal,,hepatorenálny,,
13,Compound words,hypoplasia,hypoplasiae,Noun,feminine,hypoplasia,underdevelopment of tissue or organ,Hypoplasie,,hypoplázia,,
13,Compound words,laparotomia,laparotomiae,Noun,feminine,laparotomy,surgical incision into abdominal wall,Laparotomie,,laparotómia,,
13,Compound words,mammographia,mammographiae,Noun,feminine,mammography,radiologic examination of the breast,Mammographie,,mamografia,,
13,Compound words,metacarpophalangeus,,Adjective,,metacarpophalangeal,relating to metacarpus and phalanges,metakarpophalangeal,,metakarpofalangeálny,,
13,Compound words,microangioscopia,microangioscopiae,Noun,feminine,microangioscopy,visual examination of capillaries,Mikroangiographie,,mikroangioskopia,,
13,Compound words,microcephalia,microcephaliae,Noun,feminine,microcephaly,abnormally small head,Mikrozephalie,,mikrocefália,,
13,Compound words,microphthalmia,microphthalmiae,Noun,feminine,microphthalmia,abnormally small eyes,Mikrophthalmie,,mikroftalmia,,
13,Compound words,monoarthritis,monoarthritidis,Noun,feminine,monoarthritis,inflammation of one joint,Monoarthritis,,monoartritída,,
13,Compound words,monocularis,,Adjective,,monocular,relating to one eye,monokular,,monokulárny,,
13,Compound words,musculocutaneus,,Adjective,,musculocutaneous,relating to muscle and skin,muskulokutan,,musculokutánny,,
13,Compound words,myodynia,myodyniae,Noun,feminine,myodynia,muscle pain,Myodynie,,myodýnia,,
13,Compound words,myotomia,myotomiae,Noun,feminine,myotomy,surgical division of a muscle,Myotomie,,myotómia,,
13,Compound words,myotonia,myotoniae,Noun,feminine,myotonia,delayed relaxation of muscles,Myotonie,,myotónia,,
13,Compound words,nasofrontalis,,Adjective,,nasofrontal,relating to nose and forehead,nasofrontal,,nasofrontálny,,
13,Compound words,neurologia,neurologiae,Noun,feminine,neurology,branch of medicine dealing with nervous system,Neurologie,,neurológia,,
13,Compound words,oesophagealis,,Adjective,,esophageal,relating to the esophagus,ösophageal,,ezofageálny,,
13,Compound words,omnis,,Adjective,,all,every,all,,všetok,,
13,Compound words,panarthritis,panarthritidis,Noun,feminine,panarthritis,inflammation of all joints,Pannartritis,,panartritída,,
13,Compound words,pathogenes,,Adjective,,pathogenic,causing disease,pathogen,,patogénny,,
13,Compound words,pathologicus,,Adjective,,pathologic,morbid or diseased,pathologisch,,patologický,,
13,Compound words,phlebostenosis,phlebostenosis,Noun,feminine,phlebostenosis,constriction of veins,Phlebostenose,,flebo-stenóza,,
13,Compound words,polyneuropathia,polyneuropathiae,Noun,feminine,polyneuropathy,disease of many peripheral nerves,Polyneuropathie,,polyneuropatia,,
13,Compound words,polyuria,polyuriae,Noun,feminine,polyuria,excessive urination,Polyurie,,polyúria,,
13,Compound words,propter,,Preposition,,because of,because of,wegen,,pre,accusative
13,Compound words,psychogenes,,Adjective,,psychogenic,of psychic origin,psychogen,,psychogénny,,
13,Compound words,sacrococcygeus,,Adjective,,sacrococcygeal,relating to sacrum and coccyx,sakrokokzygeal,,sakrokokcygeálny,,
13,Compound words,spasmolysis,spasmolysis,Noun,feminine,spasmolysis,release of spasm,Spasmolyse,,spazmolýza,,
13,Compound words,spasticus,,Adjective,,spastic,relating to spasm,spastisch,,spastický,,
13,Compound words,spondylarthrosis,spondylarthrosis,Noun,feminine,spondylarthrosis,degenerative disease of intervertebral joints,Spondylarthrose,,spondylartróza,,
13,Compound words,sternocostalis,,Adjective,,sternocostal,relating to sternum and ribs,sternokostal,,sternokostálny,,
13,Compound words,tachycardia,tachycardiae,Noun,feminine,tachycardia,abnormally rapid heart rate,Tachykardie,,tachykardia,,
13,Compound words,tarsometatarsalis,,Adjective,,tarsometatarsal,relating to tarsus and metatarsus,tarsometatarsal,,tarzometatarzálny,,
13,Compound words,thrombocytopenia,thrombocytopeniae,Noun,feminine,thrombocytopenia,low platelet count,Thrombozytopenie,,trombocytopénia,,
13,Compound words,unifocalis,,Adjective,,unifocal,having one focus,unifokal,,unifokálny,,
13,Compound words,uraemia,uraemiae,Noun,feminine,uraemia,urea in the blood,Urämie,,urémia,,

14,Repetition in exercises,adenectomia,adenectomiae,Noun,feminine,adenectomy,surgical removal of a gland,Adenektomie,,adenektómia,,
14,Repetition in exercises,antibioticum,antibiotici,Noun,neuter,antibiotic,,Antibiotikum,,antibiotikum,,
14,Repetition in exercises,basalis,,Adjective,,basal,relating to the base/bottom,basal,,bazálny,,
14,Repetition in exercises,bursa,bursae,Noun,feminine,bursa,small sac/capsule,Bursa,,burza,,
14,Repetition in exercises,cervicobrachialis,,Adjective,,cervicobrachial,pertaining to the neck and the arm,zervikobrachial,,krčnoramenný,,
14,Repetition in exercises,cheilostomatoplastica,cheilostomatoplasticae,Noun,feminine,cheilostomatoplasty,plastic surgery of the cleft lip and palate,Cheilostomatoplastik,,cheilostomatoplastika,,
14,Repetition in exercises,cirrhosis,cirrhosis,Noun,feminine,cirrhosis,hardening and atrophy of the liver,Zirrhose,,cirhóza,,
14,Repetition in exercises,dysuria,dysuriae,Noun,feminine,dysuria,difficulty or pain in urination,Dysurie,,dyzúria,,
14,Repetition in exercises,endometrium,endometrii,Noun,neuter,endometrium,inner membrane of the uterus,Endometrium,,endometrium,,
14,Repetition in exercises,fetus,fetus,Noun,masculine,fetus,unborn infant in the womb,Fetus,,plod,,
14,Repetition in exercises,gastrostomia,gastrostomiae,Noun,feminine,gastrostomy,surgical incision into the stomach,Gastrostomie,,gastrostómia,,
14,Repetition in exercises,gastroduodenotomia,gastroduodenotomiae,Noun,feminine,gastroduodenotomy,surgical incision into the stomach and duodenum,Gastroduodenotomie,,gastroduodenotómia,,
14,Repetition in exercises,glossopharyngeus,,Adjective,,glossopharyngeal,relating to the tongue and pharynx,Glossopharyngeal,,glossofaryngeálny,,
14,Repetition in exercises,heterosexualitas,heterosexualitatis,Noun,feminine,heterosexuality,,Heterosexualität,,heterosexualita,,
14,Repetition in exercises,homosexualitas,homosexualitatis,Noun,feminine,homosexuality,,Homosexualität,,homosexualita,,
14,Repetition in exercises,hyperthyreosis,hyperthyreosis,Noun,feminine,hyperthyreosis,increased function of the thyroid gland,Hyperthyreose,,hypertyreóza,,
14,Repetition in exercises,hypothyreosis,hypothyreosis,Noun,feminine,hypothyreosis,decreased function of the thyroid gland,Hypothyreose,,hypotyreóza,,
14,Repetition in exercises,interlobaris,,Adjective,,interlobar,occurring between lobes,interlobär,,interlobárny,,
14,Repetition in exercises,intralobularis,,Adjective,,intralobular,occurring inside lobules,intralobulär,,intralobulárny,,
14,Repetition in exercises,isthmus,isthmi,Noun,masculine,isthmus,short narrow passage/part,Isthmus,,istmus,,
14,Repetition in exercises,macronodularis,,Adjective,,macronodular,having large nodes,makronodulär,,makronodulárny,,
14,Repetition in exercises,macrostomia,macrostomiae,Noun,feminine,macrostomy,excessive width of the mouth,Macrostomie,,makrostómia,,
14,Repetition in exercises,macrotia,macrotiae,Noun,feminine,macrotia,congenital excessive auricle size,Macrotie,,makrotia,,
14,Repetition in exercises,megalocardia,megalocardiae,Noun,feminine,megalocardia,abnormally large heart,Megalokardie,,megalokardia,,
14,Repetition in exercises,micrencephalia,micrencephaliae,Noun,feminine,micrencephaly,abnormal smallness of the brain,Mikroenzephalie,,mikrencefália,,
14,Repetition in exercises,micronodularis,,Adjective,,micronodular,having small/tiny nodes,mikronodulär,,mikronodulárny,,
14,Repetition in exercises,monarthritis,monarthritidis,Noun,feminine,monarthritis,inflammation of one joint,Monoarthritis,,monoartritída,,
14,Repetition in exercises,multiformis,,Adjective,,multiform,having many different forms,multiform,,mnohotvarý,,
14,Repetition in exercises,multipara,multiparae,Noun,feminine,multipara,woman who has given birth more than once,Multipara,,multipara,,
14,Repetition in exercises,myometrium,myometrii,Noun,neuter,myometrium,muscular wall of the uterus,Myometrium,,myometrium,,
14,Repetition in exercises,nephropexis,nephropexidis,Noun,feminine,nephropexy,surgical fixation of kidney,Nephropexie,,nefropexia,,
14,Repetition in exercises,neuromyopathia,neuromyopathiae,Noun,feminine,neuromyopathy,disease of muscles and nerves,Neuromyopathie,,neuromyopatia,,
14,Repetition in exercises,nullipara,nulliparae,Noun,feminine,nullipara,woman who has never had children,Nullipara,,nulipara,,
14,Repetition in exercises,oesophagogastroscopia,oesophagogastroscopiae,Noun,feminine,oesophagogastroscopy,visual examination of the esophagus and the stomach,Ösophagogastroskopie,,ezofagogastroskopia,,
14,Repetition in exercises,parahepatitis,parahepatitidis,Noun,feminine,parahepatitis,inflammation of tissues around liver,Parahepatitis,,parahepatitída,,
14,Repetition in exercises,perianalis,,Adjective,,perianal,occurring around the anus,perianal,,perianálny,,
14,Repetition in exercises,perimetrium,perimetrii,Noun,neuter,perimetrium,peritoneal envelope of the uterus,Perimetrium,,perimetrium,,
14,Repetition in exercises,peritonealis,,Adjective,,peritoneal,relating to the peritoneum,peritoneal,,peritoneálny,,
14,Repetition in exercises,phlebosclerosis,phlebosclerosis,Noun,feminine,phlebosclerosis,hardening of the venous wall,Phlebosklerose,,flebo-skleróza,,
14,Repetition in exercises,polyarthritis,polyarthritidis,Noun,feminine,polyarthritis,inflammation of many joints,Polyarthritis,,polyartritída,,
14,Repetition in exercises,polyneuralgia,polyneuralgiae,Noun,feminine,polyneuralgia,pain in many nerves,Polyneuralgie,,polyneurálgia,,
14,Repetition in exercises,primigravida,primigravidae,Noun,feminine,primigravida,woman pregnant for the first time,Primigravida,,primigravida,,
14,Repetition in exercises,primipara,primiparae,Noun,feminine,primipara,woman giving birth to her first child,Primipara,,primipara,,
14,Repetition in exercises,pseudooedema,pseudooedematis,Noun,neuter,pseudooedema,false edema/swelling,Pseudoödem,,pseudooedém,,
14,Repetition in exercises,psychopathia,psychopathiae,Noun,feminine,psychopathy,mental disease/disorder,Psychopathie,,psychopatia,,
14,Repetition in exercises,quartigravida,quartigravidae,Noun,feminine,quartigravida,woman pregnant for the fourth time,Quartigravida,,štvrtorodička,,
14,Repetition in exercises,secundigravida,secundigravidae,Noun,feminine,secundigravida,woman pregnant for the second time,Sekundigravida,,druhorodička,,
14,Repetition in exercises,sinistrocerebralis,,Adjective,,sinistrocerebral,relating to the left side of the brain,linkshemisphärisch,,ľavomozgový,,
14,Repetition in exercises,subdeltoideus,,Adjective,,subdeltoid,beneath the deltoid muscle,subdeltoidal,,pod deltovým svalom,,
14,Repetition in exercises,subduralis,,Adjective,,subdural,occurring under the dura mater,subdural,,subdurálny,,
14,Repetition in exercises,supravaginalis,,Adjective,,supravaginal,above the vagina,supravaginal,,supravaginálny,,
14,Repetition in exercises,taenia,taeniae,Noun,feminine,taenia,bandlike anatomical structure,Tänie,,pásik,,
14,Repetition in exercises,vasodilatans,,Adjective,,vasodilating,causing dilation of vessels,vasodilatierend,,vazodilatačný,,
