id_anamnesis,english_translation,slovak_translation
anam_anamnesis,Anamnesis,Anamnéza
anam_n_1_identification,1. Identification,1. Identifikácia
anam_full_name,Full name,Celé meno
anam_date_of_birth_age,Date of birth / Age,Dátum narodenia / Vek
anam_sex,Sex,Pohlavie
anam_male,Male,Muž
anam_female,Female,Žena
anam_address_city,Address (City),Adresa (Mesto)
anam_admitted_on_date_time,Admitted on (date/time),Prijatý dňa (dátum/čas)
anam_n_2_chief_complaint,2. Chief Complaint,2. Terajšie ochorenie
anam_main_reason_for_admission_caregiver_s_patient_s_words,Main reason for admission (caregiver's / patient's words),Hlavný dôvod prijatia (slová opatrovníka/pacienta)
anam_n_3_history_of_present_illness_socrates,3. History of Present Illness (SOCRATES),3. Anamnéza terajšieho ochorenia (SOCRATES)
anam_site_system_involved,Site / System involved,Miesto / Postihnutý systém
anam_onset_when_did_it_start,Onset (When did it start?),Nástup (Kedy to začalo?)
anam_what_were_you_doing_at_onset,What were you doing at onset?,Čo ste robili keď vám to začalo?
anam_timing_duration,Timing / Duration,Trvanie
anam_exacerbating_factors,Exacerbating factors,Zhoršujúce faktory
anam_relieving_factors,Relieving factors,Zmierňujúce faktory
anam_character_type_of_symptoms,Character / Type of symptoms,Charakter / Typ symptómov
anam_mild,Mild,Mierne
anam_moderate,Moderate,Mierne silné
anam_severe,Severe,Ťažké
anam_progressive,Progressive,Progresívne
anam_episodic,Episodic,Epizodický
anam_fluctuating,Fluctuating,Kolísavý
anam_other,Other,Iné
anam_character_of_pain,Character of pain,Charakter bolesti
anam_sharp,Sharp,Ostrá
anam_dull,Dull,Tupá
anam_burning,Burning,Pálivá
anam_pressing,Pressing,Tlačiaca
anam_colicky,Colicky,Kŕčovitá
anam_radiation,Radiation,Vyžarovanie
anam_no,No,Nie
anam_yes,Yes,Áno
anam_where,Where?,Kde?
anam_associated_symptoms,Associated symptoms,Pridružené symptómy
anam_fever,Fever,Horúčka
anam_headache,Headache,Bolesť hlavy
anam_nausea,Nausea,Nevoľnosť
anam_vomiting,Vomiting,Zvracanie
anam_cough,Cough,Kašeľ
anam_dyspnea,Dyspnea,Dýchavičnosť
anam_palpitations,Palpitations,Palpitácie
anam_severity_vas,Severity (VAS),Závažnosť (VAS)
anam_n_1_10,1-10,1-10
anam_course_since_onset,Course since onset,Priebeh od začiatku
anam_improving,Improving,Zlepšovanie
anam_worsening,Worsening,Zhoršenie
anam_unchanged,Unchanged,Nezmenené
anam_recurrent,Recurrent,Opakujúce sa
anam_notes,Notes,Poznámky
anam_n_4_review_of_systems,4. Review of Systems,4. Prehľad systémov
anam_general,General,generál
anam_weight_loss_12_months,Weight loss (12 months),Chudnutie (12 mesiacov)
anam_weight_gain_12_months,Weight gain (12 months),Nárast hmotnosti (12 mesiacov)
anam_fatigue,Fatigue,Únava
anam_night_sweats,Night sweats,Nočné potenie
anam_general_other_notes,General - Other/Notes,Všeobecné – Iné/Poznámky
anam_head_and_neck,Head & Neck,Hlava a krk
anam_dizziness,Dizziness,Závraty
anam_speech_problems,Speech problems,Problémy s rečou
anam_visual_problems,Visual problems,Vizuálne problémy
anam_ear_pain,Ear pain,Bolesť ucha
anam_sore_throat,Sore throat,Bolesť hrdla
anam_head_and_neck_other_notes,Head & Neck - Other/Notes,Hlava a krk – iné/poznámky
anam_cardiovascular,Cardiovascular,Kardiovaskulárne
anam_chest_pain,Chest pain,Bolesť na hrudníku
anam_dyspnea_on_exertion,Dyspnea on exertion,Dýchavičnosť pri námahe
anam_history_of_mi,History of MI,História MI
anam_cardiovascular_other_notes,Cardiovascular - Other/Notes,Kardiovaskulárne - Iné/Poznámky
anam_respiratory,Respiratory,Respiračné
anam_productive_cough,Productive cough,Produktívny kašeľ
anam_hemoptysis,Hemoptysis,Hemoptýza
anam_respiratory_other_notes,Respiratory - Other/Notes,Respiračné - Iné/Poznámky
anam_gastrointestinal,Gastrointestinal,Gastrointestinálne
anam_dysphagia,Dysphagia,Dysfágia
anam_abdominal_pain,Abdominal pain,Bolesť brucha
anam_diarrhea,Diarrhea,Hnačka
anam_constipation,Constipation,Zápcha
anam_blood_in_stool,Blood in stool,Krv v stolici
anam_gastrointestinal_other_notes,Gastrointestinal - Other/Notes,Gastrointestinálne - Iné/Poznámky
anam_genitourinary,Genitourinary,Genitourinárne
anam_dysuria,Dysuria,Dyzúria
anam_frequency,Frequency,Frekvencia
anam_nocturia,Nocturia,Noktúria
anam_incontinence,Incontinence,Inkontinencia
anam_pain_on_urination,Pain on urination,Bolesť pri močení
anam_genitourinary_other_notes,Genitourinary - Other/Notes,Genitourinárne – iné/poznámky
anam_n_5_past_medical_history,5. Past Medical History,5. Anamnéza v minulosti
anam_hypertension,Hypertension,Hypertenzia
anam_diabetes_mellitus,Diabetes mellitus,Diabetes mellitus
anam_dyslipidemia,Dyslipidemia,Dyslipidémia
anam_ischemic_heart_disease_cad,Ischemic heart disease / CAD,Ischemická choroba srdca / CAD
anam_chronic_heart_failure,Chronic heart failure,Chronické srdcové zlyhanie
anam_chronic_kidney_disease,Chronic kidney disease,Chronické ochorenie obličiek
anam_chronic_lung_disease_copd_asthma,Chronic lung disease (COPD / asthma),Chronické ochorenie pľúc (CHOCHP/astma)
anam_thyroid_disease_hypo_hyper,Thyroid disease (hypo / hyper),Ochorenie štítnej žľazy (hypo/hyper)
anam_chronic_liver_disease,Chronic liver disease,Chronické ochorenie pečene
anam_other_chronic_diseases,Other chronic diseases,Iné chronické ochorenia
anam_specialist_care,Specialist Care,Špecializovaná starostlivosť
anam_cardiologist,Cardiologist,kardiológ
anam_diabetologist,Diabetologist,Diabetológ
anam_endocrinologist,Endocrinologist,Endokrinológ
anam_nephrologist,Nephrologist,Nefrológ
anam_pulmonologist,Pulmonologist,Pulmonológ
anam_gastroenterologist,Gastroenterologist,Gastroenterológ
anam_neurologist,Neurologist,Neurológ
anam_rheumatologist,Rheumatologist,Reumatológ
anam_oncologist,Oncologist,Onkológ
anam_urologist,Urologist,Urológ
anam_gynaecologist,Gynaecologist,Gynekológ
anam_psychiatrist,Psychiatrist,Psychiater
anam_operations_and_hospitalizations,Operations & Hospitalizations,Operácie a hospitalizácie
anam_date,Date,D?tum
anam_procedure_diagnosis,Procedure/Diagnosis,Z?krok/Diagn?za
anam_outcome,Outcome,V?sledok
anam_planned_operation_now,Planned operation now,Teraz plánovaná operácia
anam_previous_examinations,Previous Examinations,Predchádzajúce skúšky
anam_ecg,ECG,ECG
anam_blood_tests,Blood tests,Krvné testy
anam_ultrasound,Ultrasound,Ultrazvuk
anam_ct,CT,CT
anam_mri,MRI,MRI
anam_n_6_allergies_and_transfusions,6. Allergies & Transfusions,6. Alergie a transfúzie
anam_allergy_reaction,Allergy / Reaction,Alergia / Reakcia
anam_blood_transfusion_in_past,Blood transfusion in past,Krvná transfúzia v minulosti
anam_number,Number,číslo
anam_reaction,Reaction,Reakcia
anam_reaction_details,Reaction details,Detaily reakcie
anam_n_7_medication,7. Medication,7. Lieky
anam_drug,Drug,Liek
anam_dose,Dose,D?vka
anam_indication,Indication,Indik?cia
anam_no_otc_drugs,No OTC drugs,Bez vo?nopredajn?ch liekov
anam_otc_drugs,OTC drugs,Vo?nopredajn? lieky
anam_if_yes_which,"If yes, which","Ak áno, ktoré"
anam_no_supplements,No supplements,Žiadne doplnky
anam_supplements_vitamins_herbal,Supplements / vitamins / herbal,Doplnky / vitam?ny / bylinky
anam_history_of_misuse_of_prescribed_drugs,History of misuse of prescribed drugs,Anamnéza zneužívania predpísaných liekov
anam_n_8_gynecological_history_females,8. Gynecological History (Females),8. Gynekologická anamnéza (ženy)
anam_regular_menstruation,Regular menstruation,Pravidelná menštruácia
anam_menopause,Menopause,Menopauza
anam_contraception,Contraception,Antikoncepcia
anam_children,Children,Deti
anam_if_yes_number,"If yes, number","Ak áno, koľko"
anam_deliveries,Deliveries,Pôrody
anam_vaginal,Vaginal,Vaginálny
anam_c_section,C-section,C-rez
anam_miscarriage_abortion,Miscarriage / abortion,Spontánny potrat /Umelé prerušenie tehotenstva
anam_pelvic_pain,Pelvic pain,Bolesť panvy
anam_n_9_family_history,9. Family History,9. Rodinná anamnéza
anam_choroba,Choroba,Choroba
anam_detaily,Detaily,Detaily
anam_relation_to_p,Relation to p.,Vzťah k p.
anam_parents_alive,Parents alive,Rodičia nažive
anam_both,Both,Obaja
anam_one,One,Jeden
anam_none,None,Žiaden
anam_mother_cause_of_death,Mother cause of death,Príčina smrti matky
anam_father_cause_of_death,Father cause of death,Príčína smrti otca
anam_n_10_epidemiological_history,10. Epidemiological History,10. Epidemiologická história
anam_recent_travel_abroad_12_months,Recent travel abroad (12 months),Nedávna cesta do zahraničia (12 mesiacov)
anam_where_2,Where,Kde?
anam_pets_farm_animals,Pets / farm animals,Domáce / hospodárske zvieratá
anam_which,Which,Ktorý?
anam_covid_19_vaccination,COVID-19 vaccination,Očkovanie proti COVID-19
anam_covid_19_infection,COVID-19 infection,Infekcia spôsobená ochorením covid-19
anam_n_11_social_history,11. Social History,11. Sociálna história
anam_employment,Employment,Pracovný stav
anam_working,Working,Pracuje
anam_retired,Retired,Na dôchodku
anam_unemployed,Unemployed,Nezamestnaný
anam_how_long,How long,Ako dlho?
anam_occupation_previous_jobs,Occupation / previous jobs,Povolanie / predchádzajúce zamestnania
anam_marital_status,Marital status,Rodinný stav
anam_single,Single,Slobodný/á
anam_married,Married,Ženatý/Vidatá
anam_divorced,Divorced,Rozvedený/á
anam_widowed,Widowed,Vdova/Vdovec
anam_living_situation,Living situation,Životná situácia
anam_alone,Alone,Sám
anam_with_family,With family,S rodinou
anam_housing,Housing,Bývanie
anam_house,House,Dom
anam_flat,Flat,Byt
anam_homeless,Homeless,Bez domova
anam_house_notes,House notes,Poznámky k bývaniu
anam_which_floor,Which floor,Ktoré poschodie?
anam_elevator_yes,Elevator yes,Má výťah
anam_elevator_no,Elevator no,Nemá výťah
anam_flat_notes,Notes,Poznámky
anam_homeless_notes,Notes, Poznámky
anam_n_12_abuses,12. Abuses,12. Abúzy
anam_smoking,Smoking,Fajčenie
anam_alcohol,Alcohol,Alkohol
anam_coffee,Coffee,Káva
anam_black_tea,Black tea,Čierny čaj
anam_drugs,Drugs,Drogy
anam_n_13_status_praesens_generalis_spg,13. Status Praesens Generalis (SPG),13. Status Praesens Generalis (SPG)
anam_consciousness,Consciousness,Vedomie
anam_alert,Alert,Bdelý
anam_responsive,Responsive,Responzívny
anam_lethargic,Lethargic,Letargický
anam_non_responsive,Non-responsive,Nereaguje
anam_orientation,Orientation,Orientácia
anam_person,Person,Osoba
anam_place,Place,Miesto
anam_time,Time,Čas
anam_general_appearance,General appearance,Celkový vzhľad
anam_calm,Calm,Pokojný
anam_distressed,Distressed,Utrápený
anam_in_pain,In pain,V bolestiach
anam_dyspneic,Dyspneic,Dyspnoický
anam_cachectic,Cachectic,Cachectic
anam_hydration,Hydration,Hydratácia
anam_normal,Normal,Normálne
anam_mild_dehydration,Mild dehydration,Mierna dehydratácia
anam_nutrition_status,Nutrition status,Stav výživy
anam_underweight,Underweight,Podváha
anam_overweight,Overweight,Nadváha
anam_obese,Obese,Obézny
anam_habitus,Habitus,Habitus
anam_asthenic,Asthenic,Astenické
anam_normosthenic,Normosthenic,Normostenický
anam_hypersthenic,Hypersthenic,Hyperstenické
anam_gait_mobility,Gait / mobility,Chôdza / pohyblivosť
anam_ataxic,Ataxic,Ataxický
anam_hemiparetic,Hemiparetic,Hemiparetický
anam_shuffling,Shuffling,Miešanie
anam_uses_aid,Uses aid,Používa pomoc
anam_aid_cane_walker_wheelchair,Aid (cane / walker / wheelchair),Pomôcky (palička / chodítko / invalidný vozík)
anam_speech,Speech,Reč
anam_dysarthria,Dysarthria,Dyzartria
anam_aphasia,Aphasia,Afázia
anam_slurred,Slurred,Nezrozumiteľný
anam_position,Position,Pozícia
anam_active,Active,Aktívne
anam_passive,Passive,Pasívne
anam_forced,Forced,Nútená
anam_skin,Skin,Koža
anam_rashes,Rashes,Vyrážky
anam_lesions,Lesions,Lézie
anam_scars,Scars,Jazvy
anam_icterus,Icterus,Ikterus
anam_cyanosis,Cyanosis,Cyanóza
anam_pallor,Pallor,Bledosť
anam_skin_notes,Skin notes,Poznámky ku koži
anam_peripheral_edema,Peripheral edema,Periférny edém
anam_pretibial,Pretibial,Pretibial
anam_sacral,Sacral,Sakrálny
anam_odor,Odor,Zápach
anam_ketosis,Ketosis,Ketóza
anam_uremic,Uremic,Uremický
anam_hepatic,Hepatic,Pečeňový
anam_n_14_vital_signs_and_values_adult,14. Vital Signs and Values (Adult),14. Vitálne znaky a hodnoty (dospelí)
anam_temperature_c,Temperature (°C),Teplota (°C)
anam_spo2,SpO2 (%),SpO2 (%)
anam_heart_rate_min,Heart rate (/min),Srdcová frekvencia (/min)
anam_weight_kg,Weight (kg),Hmotnosť (kg)
anam_respiratory_rate_min,Respiratory rate (/min),Dychová frekvencia (/min)
anam_height_cm,Height (cm),Výška (cm)
anam_blood_pressure_mmhg,Blood pressure (mmHg),Krvný tlak (mmHg)
anam_bmi_kg_m2,BMI (kg/m2),BMI (kg/m2)
anam_taken,Taken from,Odobrané z
anam_from_monitor,From monitor,Z monitora
anam_from_pt_charts,From Pt. charts,Z p. dokumentácie
anam_if_from_charts_when,"If from charts, when were they taken?","Ak z dokumentácie, kedy boli odobrané?"
anam_n_15_status_praesens_localis_spl,15. Status Praesens Localis (SPL),15. Status Praesens Localis (SPL)
anam_medical_devices_lines_catheters,Medical Devices / Lines / Catheters,Prístroje / Vstupy / Katétre
anam_peripheral_iv_line,Peripheral IV line,Periférna IV linka
anam_central_venous_catheter,Central venous catheter,Centrálny venózny katéter
anam_foley_catheter,Foley catheter,Foleyho katéter
anam_drains,Drains,Odtoky
anam_oxygen_therapy,Oxygen therapy,Kyslíková terapia
anam_ecg_monitoring,ECG monitoring,Monitorovanie EKG
anam_vital_function_monitor,Vital function monitor,Monitor vitálnych funkcií
anam_head,Head,Hlava
anam_face_symmetry_scalp_and_hair_cranial_nerves_eyes_ears_and_nose_mouth_and_pharynx,"Face symmetry, scalp & hair, cranial nerves, eyes, ears & nose, mouth & pharynx","Symetria tváre, vlasová pokožka a vlasy, hlavové nervy, oči, uši a nos, ústa a hltan"
anam_neck,Neck,Krk
anam_lymph_nodes_thyroid_trachea_jvp_carotids_mobility,"Lymph nodes, thyroid, trachea, JVP, carotids, mobility","Lymfatické uzliny, štítna žľaza, priedušnica, JVP, karotídy, pohyblivosť"
anam_thorax,Thorax,Hrudník
anam_chest_lungs_heart,"Chest, lungs, heart","Hrudník, pľúca, srdce"
anam_abdomen,Abdomen,Brucho
anam_inspection_palpation_percussion_auscultation_special_signs,"Inspection, palpation, percussion, auscultation, special signs","Inšpekcia, palpácia, perkusie, auskultácia, špeciálne znaky"
anam_limbs,Limbs,Končatiny
anam_inspection_skin_changes_mobility_joints_pulses,"Inspection, skin changes, mobility, joints, pulses","Inšpekcia, kožné zmeny, pohyblivosť, kĺby, pulzy"
anam_spine,Spine,Chrbtica
anam_posture_curvature_mobility,"Posture, curvature, mobility","Držanie tela, zakrivenie, pohyblivosť"
anam_n_16_reference_values,16. Reference values,16. Referenčné hodnoty
anam_parameter,Parameter,Parameter
anam_units,Units,Jednotky
anam_pt_values,Pt. values,P. hodnoty
anam_clear_form,Clear form,Vymazať formulár
anam_back,Back,Späť
anam_item,×,×
anam_bullet_mode,Bullet mode,Režim odrážok
anam_write_your_general_notes_here,Space for notes...,Miesto pre poznámky...

