muscle_region_en,muscle_region_sk,muscle_region_ge,muscle_category_en,muscle_category_sk,muscle_category_ge,latin_muscle_name,english_muscle_name,muscle_part,type_of_movement,innervation,blood_supply,origo,insercio
Muscles of the Head,Svaly hlavy,Kopfmuskeln,Extra-ocular muscles,Extraokulárne svaly,,Musculus rectus superior,Superior rectus muscle,,,,,
Muscles of the Head,Svaly hlavy,Kopfmuskeln,Extra-ocular muscles,Extraokulárne svaly,,Musculus rectus inferior,Inferior rectus muscle,,,,,
Muscles of the Head,Svaly hlavy,Kopfmuskeln,Extra-ocular muscles,Extraokulárne svaly,,Musculus rectus medialis,Medial rectus muscle,,,,,
Muscles of the Head,Svaly hlavy,Kopfmuskeln,Extra-ocular muscles,Extraokulárne svaly,,Musculus rectus lateralis,Lateral rectus muscle,,,,,
Muscles of the Head,Svaly hlavy,Kopfmuskeln,Extra-ocular muscles,Extraokulárne svaly,,Musculus rectus lateralis,Lateral rectus muscle,Lacertus musculi recti lateralis (check ligament),,,,
Muscles of the Head,Svaly hlavy,Kopfmuskeln,Extra-ocular muscles,Extraokulárne svaly,,Musculus obliquus superior,Superior oblique muscle,,,,,
Muscles of the Head,Svaly hlavy,Kopfmuskeln,Extra-ocular muscles,Extraokulárne svaly,,Musculus obliquus superior,Superior oblique muscle,Trochlea musculi obliqui superioris,,,,
Muscles of the Head,Svaly hlavy,Kopfmuskeln,Extra-ocular muscles,Extraokulárne svaly,,Musculus obliquus inferior,Inferior oblique muscle,,,,,
Muscles of the Head,Svaly hlavy,Kopfmuskeln,Extra-ocular muscles,Extraokulárne svaly,,Musculus levator palpebrae superioris,Levator palpebrae superioris muscle,,,,,
Muscles of the Head,Svaly hlavy,Kopfmuskeln,Extra-ocular muscles,Extraokulárne svaly,Äußere Augenmuskeln,Musculus levator palpebrae superioris,Levator palpebrae superioris muscle,,,,,
Muscles of the Head,Svaly hlavy,Kopfmuskeln,Superficial muscles of head,Povrchové svaly hlavy,,Musculus epicranius,Epicranius muscle,,,,,
Muscles of the Head,Svaly hlavy,Kopfmuskeln,Superficial muscles of head,Povrchové svaly hlavy,,Musculus occipitofrontalis,Occipitofrontalis muscle,,,,,
Muscles of the Head,Svaly hlavy,Kopfmuskeln,Superficial muscles of head,Povrchové svaly hlavy,,Musculus occipitofrontalis,Occipitofrontalis muscle,Venter frontalis,,,,
Muscles of the Head,Svaly hlavy,Kopfmuskeln,Superficial muscles of head,Povrchové svaly hlavy,,Musculus occipitofrontalis,Occipitofrontalis muscle,Venter occipitalis,,,,
Muscles of the Head,Svaly hlavy,Kopfmuskeln,Superficial muscles of head,Povrchové svaly hlavy,,Musculus temporoparietalis,Temporoparietalis muscle,,,,,
Muscles of the Head,Svaly hlavy,Kopfmuskeln,Muscles of mastication,Žuvacie svaly,Kaumuskeln,Musculus masseter,Masseter muscle,,,,,
Muscles of the Head,Svaly hlavy,Kopfmuskeln,Muscles of mastication,Žuvacie svaly,Kaumuskeln,Musculus temporalis,Temporalis muscle,,,,,
Muscles of the Head,Svaly hlavy,Kopfmuskeln,Muscles of mastication,Žuvacie svaly,Kaumuskeln,Musculus pterygoideus medialis,Medial pterygoid muscle,,,,,
Muscles of the Head,Svaly hlavy,Kopfmuskeln,Muscles of mastication,Žuvacie svaly,Kaumuskeln,Musculus pterygoideus medialis,Medial pterygoid muscle,Caput profundum,,,,,
Muscles of the Head,Svaly hlavy,Kopfmuskeln,Muscles of mastication,Žuvacie svaly,Kaumuskeln,Musculus pterygoideus medialis,Medial pterygoid muscle,Caput superficiale,,,,,
Muscles of the Head,Svaly hlavy,Kopfmuskeln,Muscles of mastication,Žuvacie svaly,Kaumuskeln,Musculus pterygoideus lateralis,Lateral pterygoid muscle,,,,,
Muscles of the Head,Svaly hlavy,Kopfmuskeln,Muscles of mastication,Žuvacie svaly,Kaumuskeln,Musculus pterygoideus lateralis,Lateral pterygoid muscle,Caput superius,,,,,
Muscles of the Head,Svaly hlavy,Kopfmuskeln,Muscles of mastication,Žuvacie svaly,Kaumuskeln,Musculus pterygoideus lateralis,Lateral pterygoid muscle,Caput inferius,,,,,
Muscles of the Head,Svaly hlavy,Kopfmuskeln,Facial muscles,Mimické svaly,Mimische Muskeln,Musculus occipitofrontalis,Occipitofrontalis muscle,Venter frontalis
Muscles of the Head,Svaly hlavy,Kopfmuskeln,Facial muscles,Mimické svaly,Mimische Muskeln,Musculus occipitofrontalis,Occipitofrontalis muscle,Venter occipitalis
Muscles of the Head,Svaly hlavy,Kopfmuskeln,Facial muscles,Mimické svaly,Mimische Muskeln,Musculus temporoparietalis,Temporoparietalis muscle,
Muscles of the Head,Svaly hlavy,Kopfmuskeln,Facial muscles,Mimické svaly,Mimische Muskeln,Musculus auricularis anterior,Anterior auricular muscle,
Muscles of the Head,Svaly hlavy,Kopfmuskeln,Facial muscles,Mimické svaly,Mimische Muskeln,Musculus auricularis superior,Superior auricular muscle,
Muscles of the Head,Svaly hlavy,Kopfmuskeln,Facial muscles,Mimické svaly,Mimische Muskeln,Musculus auricularis posterior,Posterior auricular muscle,
Muscles of the Head,Svaly hlavy,Kopfmuskeln,Facial muscles,Mimické svaly,Mimische Muskeln,Musculus helicis major,Major helicis muscle,
Muscles of the Head,Svaly hlavy,Kopfmuskeln,Facial muscles,Mimické svaly,Mimische Muskeln,Musculus helicis minor,Minor helicis muscle,
Muscles of the Head,Svaly hlavy,Kopfmuskeln,Facial muscles,Mimické svaly,Mimische Muskeln,Musculus tragicus,Tragicus muscle,
Muscles of the Head,Svaly hlavy,Kopfmuskeln,Facial muscles,Mimické svaly,Mimische Muskeln,Musculus antitragicus,Antitragicus muscle,
Muscles of the Head,Svaly hlavy,Kopfmuskeln,Facial muscles,Mimické svaly,Mimische Muskeln,Musculus transversus auriculae,Transverse auricular muscle,
Muscles of the Head,Svaly hlavy,Kopfmuskeln,Facial muscles,Mimické svaly,Mimische Muskeln,Musculus obliquus auriculae,Oblique auricular muscle,
Muscles of the Head,Svaly hlavy,Kopfmuskeln,Facial muscles,Mimické svaly,Mimische Muskeln,Musculus corrugator supercilii,Corrugator supercilii muscle,
Muscles of the Head,Svaly hlavy,Kopfmuskeln,Facial muscles,Mimické svaly,Mimische Muskeln,Musculus procerus,Procerus muscle,
Muscles of the Head,Svaly hlavy,Kopfmuskeln,Facial muscles,Mimické svaly,Mimische Muskeln,Musculus nasalis,Nasalis muscle,
Muscles of the Head,Svaly hlavy,Kopfmuskeln,Facial muscles,Mimické svaly,Mimische Muskeln,Musculus nasalis,Nasalis muscle,Pars transversa
Muscles of the Head,Svaly hlavy,Kopfmuskeln,Facial muscles,Mimické svaly,Mimische Muskeln,Musculus nasalis,Nasalis muscle,Pars alaris
Muscles of the Head,Svaly hlavy,Kopfmuskeln,Facial muscles,Mimické svaly,Mimische Muskeln,Musculus depressor septi nasi,Depressor septi nasi muscle,
Muscles of the Head,Svaly hlavy,Kopfmuskeln,Facial muscles,Mimické svaly,Mimische Muskeln,Musculus orbicularis oculi,Orbicularis oculi muscle,
Muscles of the Head,Svaly hlavy,Kopfmuskeln,Facial muscles,Mimické svaly,Mimische Muskeln,Musculus orbicularis oculi,Orbicularis oculi muscle,Pars orbitalis
Muscles of the Head,Svaly hlavy,Kopfmuskeln,Facial muscles,Mimické svaly,Mimische Muskeln,Musculus orbicularis oculi,Orbicularis oculi muscle,Pars palpebralis
Muscles of the Head,Svaly hlavy,Kopfmuskeln,Facial muscles,Mimické svaly,Mimische Muskeln,Musculus levator labii superioris,Levator labii superioris muscle,
Muscles of the Head,Svaly hlavy,Kopfmuskeln,Facial muscles,Mimické svaly,Mimische Muskeln,Musculus levator labii superioris alaeque nasi,Levator labii superioris alaeque nasi muscle,
Muscles of the Head,Svaly hlavy,Kopfmuskeln,Facial muscles,Mimické svaly,Mimische Muskeln,Musculus zygomaticus minor,Zygomaticus minor muscle,
Muscles of the Head,Svaly hlavy,Kopfmuskeln,Facial muscles,Mimické svaly,Mimische Muskeln,Musculus zygomaticus major,Zygomaticus major muscle,
Muscles of the Head,Svaly hlavy,Kopfmuskeln,Facial muscles,Mimické svaly,Mimische Muskeln,Musculus levator anguli oris,Levator anguli oris muscle,
Muscles of the Head,Svaly hlavy,Kopfmuskeln,Facial muscles,Mimické svaly,Mimische Muskeln,Musculus risorius,Risorius muscle,
Muscles of the Head,Svaly hlavy,Kopfmuskeln,Facial muscles,Mimické svaly,Mimische Muskeln,Musculus buccinator,Buccinator muscle,
Muscles of the Head,Svaly hlavy,Kopfmuskeln,Facial muscles,Mimické svaly,Mimische Muskeln,Musculus orbicularis oris,Orbicularis oris muscle,
Muscles of the Head,Svaly hlavy,Kopfmuskeln,Facial muscles,Mimické svaly,Mimische Muskeln,Musculus depressor anguli oris,Depressor anguli oris muscle,
Muscles of the Head,Svaly hlavy,Kopfmuskeln,Facial muscles,Mimické svaly,Mimische Muskeln,Musculus depressor labii inferioris,Depressor labii inferioris muscle,
Muscles of the Head,Svaly hlavy,Kopfmuskeln,Facial muscles,Mimické svaly,Mimische Muskeln,Musculus mentalis,Mentalis muscle,
Muscles of the Tongue,Svaly jazyka,Zungenmuskeln,Tongue muscles,Svaly jazyka,Zungenmuskeln,Musculus genioglossus,Genioglossus muscle,,,,,
Muscles of the Tongue,Svaly jazyka,Zungenmuskeln,Tongue muscles,Svaly jazyka,Zungenmuskeln,Musculus hyoglossus,Hyoglossus muscle,,,,,
Muscles of the Tongue,Svaly jazyka,Zungenmuskeln,Tongue muscles,Svaly jazyka,Zungenmuskeln,Musculus styloglossus,Styloglossus muscle,,,,,
Muscles of the Tongue,Svaly jazyka,Zungenmuskeln,Tongue muscles,Svaly jazyka,Zungenmuskeln,Musculus longitudinalis superior linguae,Superior longitudinal muscle of tongue,,,,,
Muscles of the Tongue,Svaly jazyka,Zungenmuskeln,Tongue muscles,Svaly jazyka,Zungenmuskeln,Musculus longitudinalis inferior linguae,Inferior longitudinal muscle of tongue,,,,,
Muscles of the Tongue,Svaly jazyka,Zungenmuskeln,Tongue muscles,Svaly jazyka,Zungenmuskeln,Musculus transversus linguae,Transverse muscle of tongue,,,,,
Muscles of the Tongue,Svaly jazyka,Zungenmuskeln,Tongue muscles,Svaly jazyka,Zungenmuskeln,Musculus verticalis linguae,Vertical muscle of tongue,,,,,
Muscles of the Neck,Svaly krku,Nackenmuskeln,Superficial neck muscles,Povrchové svaly krku,,Platysma,Platysma muscle,,,,,
Muscles of the Neck,Svaly krku,Nackenmuskeln,Deep anterior cervical muscles,Hlboké predné svaly krku,,Musculus longus colli,Longus colli muscle,,,,,
Muscles of the Neck,Svaly krku,Nackenmuskeln,Deep anterior cervical muscles,Hlboké predné svaly krku,,Musculus longus capitis,Longus capitis muscle,,,,,
Muscles of the Neck,Svaly krku,Nackenmuskeln,Suboccipital / prevertebral muscles,Subokcipitálne / prevertebrálne svaly,,Musculus rectus anterior capitis,Rectus anterior capitis muscle,,,,,
Muscles of the Neck,Svaly krku,Nackenmuskeln,Suboccipital / prevertebral muscles,Subokcipitálne / prevertebrálne svaly,,Musculus rectus lateralis capitis,Rectus lateralis capitis muscle,,,,,
Muscles of the Neck,Svaly krku,Nackenmuskeln,Lateral cervical muscles (Scalene group),Laterálne svaly krku,,Musculus scalenus anterior,Anterior scalene muscle,,,,,
Muscles of the Neck,Svaly krku,Nackenmuskeln,Lateral cervical muscles (Scalene group),Laterálne svaly krku,,Musculus scalenus medius,Middle scalene muscle,,,,,
Muscles of the Neck,Svaly krku,Nackenmuskeln,Lateral cervical muscles (Scalene group),Laterálne svaly krku,,Musculus scalenus posterior,Posterior scalene muscle,,,,,
Muscles of the Neck,Svaly krku,Nackenmuskeln,Lateral cervical muscles (Scalene group),Laterálne svaly krku,,Musculus scalenus minimus,Scalenus minimus muscle,,,,,
Muscles of the Neck,Svaly krku,Nackenmuskeln,Sternocleidomastoid muscle,Kývač hlavy (m. sternocleidomastoideus),,Musculus sternocleidomastoideus,Sternocleidomastoid muscle,,,,,
Muscles of the Neck,Svaly krku,Nackenmuskeln,Sternocleidomastoid muscle,Kývač hlavy (m. sternocleidomastoideus),,Musculus sternocleidomastoideus,Sternocleidomastoid muscle,Caput sternale,,,,
Muscles of the Neck,Svaly krku,Nackenmuskeln,Sternocleidomastoid muscle,Kývač hlavy (m. sternocleidomastoideus),,Musculus sternocleidomastoideus,Sternocleidomastoid muscle,Caput claviculare,,,,
Muscles of the Neck,Svaly krku,Nackenmuskeln,Suprahyoid muscles,Suprahyoidné svaly,,Musculus digastricus,Digastric muscle,,,,,
Muscles of the Neck,Svaly krku,Nackenmuskeln,Suprahyoid muscles,Suprahyoidné svaly,,Musculus digastricus,Digastric muscle,Venter anterior,,,,
Muscles of the Neck,Svaly krku,Nackenmuskeln,Suprahyoid muscles,Suprahyoidné svaly,,Musculus digastricus,Digastric muscle,Venter posterior,,,,
Muscles of the Neck,Svaly krku,Nackenmuskeln,Suprahyoid muscles,Suprahyoidné svaly,,Musculus digastricus,Digastric muscle,Tendo intermedius,,,,
Muscles of the Neck,Svaly krku,Nackenmuskeln,Suprahyoid muscles,Suprahyoidné svaly,,Musculus stylohyoideus,Stylohyoid muscle,,,,,
Muscles of the Neck,Svaly krku,Nackenmuskeln,Suprahyoid muscles,Suprahyoidné svaly,,Musculus mylohyoideus,Mylohyoid muscle,,,,,
Muscles of the Neck,Svaly krku,Nackenmuskeln,Suprahyoid muscles,Suprahyoidné svaly,,Musculus geniohyoideus,Geniohyoid muscle,,,,,
Muscles of the Neck,Svaly krku,Nackenmuskeln,Infrahyoid muscles,Infrahyoidné svaly,,Musculus sternohyoideus,Sternohyoid muscle,,,,,
Muscles of the Neck,Svaly krku,Nackenmuskeln,Infrahyoid muscles,Infrahyoidné svaly,,Musculus omohyoideus,Omohyoid muscle,,,,,
Muscles of the Neck,Svaly krku,Nackenmuskeln,Infrahyoid muscles,Infrahyoidné svaly,,Musculus omohyoideus,Omohyoid muscle,Venter superior,,,,
Muscles of the Neck,Svaly krku,Nackenmuskeln,Infrahyoid muscles,Infrahyoidné svaly,,Musculus omohyoideus,Omohyoid muscle,Venter inferior,,,,
Muscles of the Neck,Svaly krku,Nackenmuskeln,Infrahyoid muscles,Infrahyoidné svaly,,Musculus omohyoideus,Omohyoid muscle,Tendo intermedius,,,,
Muscles of the Neck,Svaly krku,Nackenmuskeln,Infrahyoid muscles,Infrahyoidné svaly,,Musculus sternothyreoideus,Sternothyroid muscle,,,,,
Muscles of the Neck,Svaly krku,Nackenmuskeln,Infrahyoid muscles,Infrahyoidné svaly,,Musculus thyreohyoideus,Thyrohyoid muscle,,,,,
Muscles of the Neck,Svaly krku,Nackenmuskeln,Infrahyoid muscles,Infrahyoidné svaly,,Musculus levator glandulae thyreoideae,Levator glandulae thyreoideae muscle,,,,,
Muscles of the Pharynx,Svaly hltanu,Rachenmuskulatur,Pharyngeal muscles,Svaly hltanu,,Musculus constrictor superior pharyngis,Superior pharyngeal constrictor muscle,,,,,
Muscles of the Pharynx,Svaly hltanu,Rachenmuskulatur,Pharyngeal muscles,Svaly hltanu,,Musculus constrictor superior pharyngis,Superior pharyngeal constrictor muscle,Pars pterygopharyngea,,,,
Muscles of the Pharynx,Svaly hltanu,Rachenmuskulatur,Pharyngeal muscles,Svaly hltanu,,Musculus constrictor superior pharyngis,Superior pharyngeal constrictor muscle,Pars buccopharyngea,,,,
Muscles of the Pharynx,Svaly hltanu,Rachenmuskulatur,Pharyngeal muscles,Svaly hltanu,,Musculus constrictor medius pharyngis,Middle pharyngeal constrictor muscle,,,,,
Muscles of the Pharynx,Svaly hltanu,Rachenmuskulatur,Pharyngeal muscles,Svaly hltanu,,Musculus constrictor inferior pharyngis,Inferior pharyngeal constrictor muscle,,,,,
Muscles of the Pharynx,Svaly hltanu,Rachenmuskulatur,Pharyngeal muscles,Svaly hltanu,,Musculus constrictor inferior pharyngis,Inferior pharyngeal constrictor muscle,Pars thyropharyngea,,,,
Muscles of the Pharynx,Svaly hltanu,Rachenmuskulatur,Pharyngeal muscles,Svaly hltanu,,Musculus constrictor inferior pharyngis,Inferior pharyngeal constrictor muscle,Pars cricopharyngea,,,,
Muscles of the Pharynx,Svaly hltanu,Rachenmuskulatur,Longitudinal pharyngeal muscles,Longitudinálne svaly hltanu,,Musculus stylopharyngeus,Stylopharyngeus muscle,,,,,
Muscles of the Pharynx,Svaly hltanu,Rachenmuskulatur,Longitudinal pharyngeal muscles,Longitudinálne svaly hltanu,,Musculus palatopharyngeus,Palatopharyngeus muscle,,,,,
Muscles of the Pharynx,Svaly hltanu,Rachenmuskulatur,Longitudinal pharyngeal muscles,Longitudinálne svaly hltanu,,Musculus salpingopharyngeus,Salpingopharyngeus muscle,,,,,
Muscles of the Soft Palate,Svaly mäkkého podnebia,Gaumenmuskulatur ,Palatal muscles,Podnebné svaly,,Musculus levator veli palatini,Levator veli palatini muscle,,,,,
Muscles of the Soft Palate,Svaly mäkkého podnebia,Gaumenmuskulatur ,Palatal muscles,Podnebné svaly,,Musculus tensor veli palatini,Tensor veli palatini muscle,,,,,
Muscles of the Soft Palate,Svaly mäkkého podnebia,Gaumenmuskulatur ,Palatal muscles,Podnebné svaly,,Musculus uvulae,Uvula muscle,,,,,
Muscles of the Soft Palate,Svaly mäkkého podnebia,Gaumenmuskulatur ,Palatal muscles,Podnebné svaly,,Musculus palatoglossus,Palatoglossus muscle,,,,,
Muscles of the Soft Palate,Svaly mäkkého podnebia,Gaumenmuskulatur ,Palatal muscles,Podnebné svaly,,Musculus palatopharyngeus,Palatopharyngeus muscle,,,,,
Muscles of the Soft Palate,Svaly mäkkého podnebia,Gaumenmuskulatur ,Palatal muscles,Podnebné svaly,,Musculus palatopharyngeus,Palatopharyngeus muscle,Fasciculus anterior,,,,
Muscles of the Soft Palate,Svaly mäkkého podnebia,Gaumenmuskulatur ,Palatal muscles,Podnebné svaly,,Musculus palatopharyngeus,Palatopharyngeus muscle,Fasciculus posterior,,,,
Muscles of the Thorax,Hrudné svaly,Thoraxmuskulatur,Anterior thoracic muscles,Predné svaly hrudníka,,Musculus pectoralis major,Pectoralis major muscle,,,,,
Muscles of the Thorax,Hrudné svaly,Thoraxmuskulatur,Anterior thoracic muscles,Predné svaly hrudníka,,Musculus pectoralis major,Pectoralis major muscle,Pars clavicularis,,,,
Muscles of the Thorax,Hrudné svaly,Thoraxmuskulatur,Anterior thoracic muscles,Predné svaly hrudníka,,Musculus pectoralis major,Pectoralis major muscle,Pars sternocostalis,,,,
Muscles of the Thorax,Hrudné svaly,Thoraxmuskulatur,Anterior thoracic muscles,Predné svaly hrudníka,,Musculus pectoralis major,Pectoralis major muscle,Pars abdominalis,,,,
Muscles of the Thorax,Hrudné svaly,Thoraxmuskulatur,Anterior thoracic muscles,Predné svaly hrudníka,,Musculus pectoralis minor,Pectoralis minor muscle,,,,,
Muscles of the Thorax,Hrudné svaly,Thoraxmuskulatur,Anterior thoracic muscles,Predné svaly hrudníka,,Musculus subclavius,Subclavius muscle,,,,,
Muscles of the Thorax,Hrudné svaly,Thoraxmuskulatur,Thoracic wall muscles,Svaly hrudnej steny,,Musculus serratus anterior,Serratus anterior muscle,,,,,
Muscles of the Thorax,Hrudné svaly,Thoraxmuskulatur,Posterior thoracic wall muscles,Zadné svaly hrudníka,,Musculi levatores costarum,Levatores costarum muscles,,,,,
Muscles of the Thorax,Hrudné svaly,Thoraxmuskulatur,Posterior thoracic wall muscles,Zadné svaly hrudníka,,Musculi levatores costarum,Levatores costarum muscles,Levatores longi,,,,
Muscles of the Thorax,Hrudné svaly,Thoraxmuskulatur,Posterior thoracic wall muscles,Zadné svaly hrudníka,,Musculi levatores costarum,Levatores costarum muscles,Levatores breves,,,,
Muscles of the Thorax,Hrudné svaly,Thoraxmuskulatur,Intercostal muscles,Medzirebrové svaly,,Musculi intercostales externi,External intercostal muscles,,,,,
Muscles of the Thorax,Hrudné svaly,Thoraxmuskulatur,Intercostal muscles,Medzirebrové svaly,,Musculi intercostales interni,Internal intercostal muscles,,,,,
Muscles of the Thorax,Hrudné svaly,Thoraxmuskulatur,Intercostal muscles,Medzirebrové svaly,,Musculi intercostales intimi,Innermost intercostal muscles,,,,,
Muscles of the Thorax,Hrudné svaly,Thoraxmuskulatur,Thoracic wall muscles,Svaly hrudnej steny,,Musculi subcostales,Subcostal muscles,,,,,
Muscles of the Thorax,Hrudné svaly,Thoraxmuskulatur,Thoracic wall muscles,Svaly hrudnej steny,,Musculus transversus thoracis,Transversus thoracis muscle,,,,,
Muscles of the Thorax,Hrudné svaly,Thoraxmuskulatur,Diaphragm,Bránica,Diaphragma,Diaphragma,Diaphragm,,,,,
Muscles of the Back,Svaly chrbta,Rückenmuskulatur,Superficial back muscles,Povrchové svaly chrbta,,Musculus trapezius,Trapezius muscle,,,,,
Muscles of the Back,Svaly chrbta,Rückenmuskulatur,Superficial back muscles,Povrchové svaly chrbta,,Musculus latissimus dorsi,Latissimus dorsi muscle,,,,,
Muscles of the Back,Svaly chrbta,Rückenmuskulatur,Superficial back muscles,Povrchové svaly chrbta,,Musculus levator scapulae,Levator scapulae muscle,,,,,
Muscles of the Back,Svaly chrbta,Rückenmuskulatur,Superficial back muscles,Povrchové svaly chrbta,,Musculi rhomboidei,Rhomboid muscles,,,,,
Muscles of the Back,Svaly chrbta,Rückenmuskulatur,Superficial back muscles,Povrchové svaly chrbta,,Musculus rhomboideus minor,Rhomboid minor muscle,,,,,
Muscles of the Back,Svaly chrbta,Rückenmuskulatur,Superficial back muscles,Povrchové svaly chrbta,,Musculus rhomboideus major,Rhomboid major muscle,,,,,
Muscles of the Back,Svaly chrbta,Rückenmuskulatur,Intermediate back muscles,Stredná vrstva svalov chrbta,,Musculus serratus posterior superior,Serratus posterior superior muscle,,,,,
Muscles of the Back,Svaly chrbta,Rückenmuskulatur,Intermediate back muscles,Stredná vrstva svalov chrbta,,Musculus serratus posterior inferior,Serratus posterior inferior muscle,,,,,
Muscles of the Back,Svaly chrbta,Rückenmuskulatur,Intrinsic back muscles (Erector spinae),Hlboké svaly chrbta (Vzpriamovače chrbtice),,Musculus erector spinae,Erector spinae muscle,,,,,
Muscles of the Back,Svaly chrbta,Rückenmuskulatur,Intrinsic back muscles (Erector spinae),Hlboké svaly chrbta (Vzpriamovače chrbtice),,Musculus iliocostalis,Iliocostalis muscle,,,,,
Muscles of the Back,Svaly chrbta,Rückenmuskulatur,Intrinsic back muscles (Erector spinae),Hlboké svaly chrbta (Vzpriamovače chrbtice),,Musculus iliocostalis lumborum,Iliocostalis lumborum muscle,,,,,
Muscles of the Back,Svaly chrbta,Rückenmuskulatur,Intrinsic back muscles (Erector spinae),Hlboké svaly chrbta (Vzpriamovače chrbtice),,Musculus iliocostalis thoracis,Iliocostalis thoracis muscle,,,,,
Muscles of the Back,Svaly chrbta,Rückenmuskulatur,Intrinsic back muscles (Erector spinae),Hlboké svaly chrbta (Vzpriamovače chrbtice),,Musculus iliocostalis cervicis,Iliocostalis cervicis muscle,,,,,
Muscles of the Back,Svaly chrbta,Rückenmuskulatur,Intrinsic back muscles (Erector spinae),Hlboké svaly chrbta (Vzpriamovače chrbtice),,Musculus longissimus,Longissimus muscle,,,,,
Muscles of the Back,Svaly chrbta,Rückenmuskulatur,Intrinsic back muscles (Erector spinae),Hlboké svaly chrbta (Vzpriamovače chrbtice),,Musculus longissimus thoracis,Longissimus thoracis muscle,,,,,
Muscles of the Back,Svaly chrbta,Rückenmuskulatur,Intrinsic back muscles (Erector spinae),Hlboké svaly chrbta (Vzpriamovače chrbtice),,Musculus longissimus cervicis,Longissimus cervicis muscle,,,,,
Muscles of the Back,Svaly chrbta,Rückenmuskulatur,Intrinsic back muscles (Erector spinae),Hlboké svaly chrbta (Vzpriamovače chrbtice),,Musculus longissimus capitis,Longissimus capitis muscle,,,,,
Muscles of the Back,Svaly chrbta,Rückenmuskulatur,Intrinsic back muscles (Erector spinae),Hlboké svaly chrbta (Vzpriamovače chrbtice),,Musculus spinalis,Spinalis muscle,,,,,
Muscles of the Back,Svaly chrbta,Rückenmuskulatur,Intrinsic back muscles (Erector spinae),Hlboké svaly chrbta (Vzpriamovače chrbtice),,Musculus spinalis thoracis,Spinalis thoracis muscle,,,,,
Muscles of the Back,Svaly chrbta,Rückenmuskulatur,Intrinsic back muscles (Erector spinae),Hlboké svaly chrbta (Vzpriamovače chrbtice),,Musculus spinalis cervicis,Spinalis cervicis muscle,,,,,
Muscles of the Back,Svaly chrbta,Rückenmuskulatur,Intrinsic back muscles (Erector spinae),Hlboké svaly chrbta (Vzpriamovače chrbtice),,Musculus spinalis capitis,Spinalis capitis muscle,,,,,
Muscles of the Back,Svaly chrbta,Rückenmuskulatur,Intrinsic back muscles (Transversospinales),Hlboké svaly chrbta (Transversospinálne svaly),,Musculi transversospinales,Transversospinal muscles,,,,,
Muscles of the Back,Svaly chrbta,Rückenmuskulatur,Intrinsic back muscles (Transversospinales),Hlboké svaly chrbta (Transversospinálne svaly),,Musculus semispinalis,Semispinalis muscle,,,,,
Muscles of the Back,Svaly chrbta,Rückenmuskulatur,Intrinsic back muscles (Transversospinales),Hlboké svaly chrbta (Transversospinálne svaly),,Musculus semispinalis thoracis,Semispinalis thoracis muscle,,,,,
Muscles of the Back,Svaly chrbta,Rückenmuskulatur,Intrinsic back muscles (Transversospinales),Hlboké svaly chrbta (Transversospinálne svaly),,Musculus semispinalis cervicis,Semispinalis cervicis muscle,,,,,
Muscles of the Back,Svaly chrbta,Rückenmuskulatur,Intrinsic back muscles (Transversospinales),Hlboké svaly chrbta (Transversospinálne svaly),,Musculus semispinalis capitis,Semispinalis capitis muscle,,,,,
Muscles of the Back,Svaly chrbta,Rückenmuskulatur,Intrinsic back muscles (Transversospinales),Hlboké svaly chrbta (Transversospinálne svaly),,Musculus multifidus,Multifidus muscle,,,,,
Muscles of the Back,Svaly chrbta,Rückenmuskulatur,Intrinsic back muscles (Transversospinales),Hlboké svaly chrbta (Transversospinálne svaly),,Musculi rotatores,Rotatores muscles,,,,,
Muscles of the Back,Svaly chrbta,Rückenmuskulatur,Intrinsic back muscles (Transversospinales),Hlboké svaly chrbta (Transversospinálne svaly),,Musculi rotatores thoracis,Thoracic rotatores muscles,,,,,
Muscles of the Back,Svaly chrbta,Rückenmuskulatur,Intrinsic back muscles (Transversospinales),Hlboké svaly chrbta (Transversospinálne svaly),,Musculi rotatores cervicis,Cervical rotatores muscles,,,,,
Muscles of the Back,Svaly chrbta,Rückenmuskulatur,Intrinsic back muscles (Segmental),Hlboké svaly chrbta (Segmentálne svaly),,Musculi interspinales,Interspinales muscles,,,,,
Muscles of the Back,Svaly chrbta,Rückenmuskulatur,Intrinsic back muscles (Segmental),Hlboké svaly chrbta (Segmentálne svaly),,Musculi interspinales cervicis,Cervical interspinales muscles,,,,,
Muscles of the Back,Svaly chrbta,Rückenmuskulatur,Intrinsic back muscles (Segmental),Hlboké svaly chrbta (Segmentálne svaly),,Musculi interspinales thoracis,Thoracic interspinales muscles,,,,,
Muscles of the Back,Svaly chrbta,Rückenmuskulatur,Intrinsic back muscles (Segmental),Hlboké svaly chrbta (Segmentálne svaly),,Musculi interspinales lumborum,Lumbar interspinales muscles,,,,,
Muscles of the Back,Svaly chrbta,Rückenmuskulatur,Intrinsic back muscles (Segmental),Hlboké svaly chrbta (Segmentálne svaly),,Musculi intertransversarii,Intertransversarii muscles,,,,,
Muscles of the Back,Svaly chrbta,Rückenmuskulatur,Intrinsic back muscles (Segmental),Hlboké svaly chrbta (Segmentálne svaly),,Musculi intertransversarii cervicis,Cervical intertransversarii muscles,,,,,
Muscles of the Back,Svaly chrbta,Rückenmuskulatur,Intrinsic back muscles (Segmental),Hlboké svaly chrbta (Segmentálne svaly),,Musculi intertransversarii thoracis,Thoracic intertransversarii muscles,,,,,
Muscles of the Back,Svaly chrbta,Rückenmuskulatur,Intrinsic back muscles (Segmental),Hlboké svaly chrbta (Segmentálne svaly),,Musculi intertransversarii lumborum,Lumbar intertransversarii muscles,,,,,
Muscles of the Upper Limb,Svaly hornej končatiny,Muskulatur der oberen Extremität,Scapular muscles,Svaly lopatky,,Musculus deltoideus,Deltoid muscle,,,,,
Muscles of the Upper Limb,Svaly hornej končatiny,Muskulatur der oberen Extremität,Scapular muscles,Svaly lopatky,,Musculus deltoideus,Deltoid muscle,Pars clavicularis,,,,
Muscles of the Upper Limb,Svaly hornej končatiny,Muskulatur der oberen Extremität,Scapular muscles,Svaly lopatky,,Musculus deltoideus,Deltoid muscle,Pars acromialis,,,,
Muscles of the Upper Limb,Svaly hornej končatiny,Muskulatur der oberen Extremität,Scapular muscles,Svaly lopatky,,Musculus deltoideus,Deltoid muscle,Pars spinalis,,,,
Muscles of the Upper Limb,Svaly hornej končatiny,Muskulatur der oberen Extremität,Scapular muscles,Svaly lopatky,,Musculus supraspinatus,Supraspinatus muscle,,,,,
Muscles of the Upper Limb,Svaly hornej končatiny,Muskulatur der oberen Extremität,Scapular muscles,Svaly lopatky,,Musculus infraspinatus,Infraspinatus muscle,,,,,
Muscles of the Upper Limb,Svaly hornej končatiny,Muskulatur der oberen Extremität,Scapular muscles,Svaly lopatky,,Musculus teres minor,Teres minor muscle,,,,,
Muscles of the Upper Limb,Svaly hornej končatiny,Muskulatur der oberen Extremität,Scapular muscles,Svaly lopatky,,Musculus teres major,Teres major muscle,,,,,
Muscles of the Upper Limb,Svaly hornej končatiny,Muskulatur der oberen Extremität,Scapular muscles,Svaly lopatky,,Musculus subscapularis,Subscapularis muscle,,,,,
Muscles of the Upper Limb,Svaly hornej končatiny,Muskulatur der oberen Extremität,Arm – anterior compartment,Predný svalový oddiel ramena,,Musculus biceps brachii,Biceps brachii muscle,,,,,
Muscles of the Upper Limb,Svaly hornej končatiny,Muskulatur der oberen Extremität,Arm – anterior compartment,Predný svalový oddiel ramena,,Musculus biceps brachii,Biceps brachii muscle,Caput longum,,,,
Muscles of the Upper Limb,Svaly hornej končatiny,Muskulatur der oberen Extremität,Arm – anterior compartment,Predný svalový oddiel ramena,,Musculus biceps brachii,Biceps brachii muscle,Caput breve,,,,
Muscles of the Upper Limb,Svaly hornej končatiny,Muskulatur der oberen Extremität,Arm – anterior compartment,Predný svalový oddiel ramena,,Musculus coracobrachialis,Coracobrachialis muscle,,,,,
Muscles of the Upper Limb,Svaly hornej končatiny,Muskulatur der oberen Extremität,Arm – anterior compartment,Predný svalový oddiel ramena,,Musculus brachialis,Brachialis muscle,,,,,
Muscles of the Upper Limb,Svaly hornej končatiny,Muskulatur der oberen Extremität,Arm – posterior compartment,Zadný svalový oddiel ramena,,Musculus triceps brachii,Triceps brachii muscle,,,,,
Muscles of the Upper Limb,Svaly hornej končatiny,Muskulatur der oberen Extremität,Arm – posterior compartment,Zadný svalový oddiel ramena,,Musculus triceps brachii,Triceps brachii muscle,Caput longum,,,,
Muscles of the Upper Limb,Svaly hornej končatiny,Muskulatur der oberen Extremität,Arm – posterior compartment,Zadný svalový oddiel ramena,,Musculus triceps brachii,Triceps brachii muscle,Caput laterale,,,,
Muscles of the Upper Limb,Svaly hornej končatiny,Muskulatur der oberen Extremität,Arm – posterior compartment,Zadný svalový oddiel ramena,,Musculus triceps brachii,Triceps brachii muscle,Caput mediale,,,,
Muscles of the Upper Limb,Svaly hornej končatiny,Muskulatur der oberen Extremität,Arm – posterior compartment,Zadný svalový oddiel ramena,,Musculus anconeus,Anconeus muscle,,,,,
Muscles of the Upper Limb,Svaly hornej končatiny,Muskulatur der oberen Extremität,"Forearm – anterior compartment, superficial layer","Predný svalový oddiel predlaktia - povrchová vrstva",,Musculus pronator teres,Pronator teres muscle,,,,,
Muscles of the Upper Limb,Svaly hornej končatiny,Muskulatur der oberen Extremität,"Forearm – anterior compartment, superficial layer","Predný svalový oddiel predlaktia - povrchová vrstva",,Musculus pronator teres,Pronator teres muscle,Caput humerale,,,,
Muscles of the Upper Limb,Svaly hornej končatiny,Muskulatur der oberen Extremität,"Forearm – anterior compartment, superficial layer","Predný svalový oddiel predlaktia - povrchová vrstva",,Musculus pronator teres,Pronator teres muscle,Caput ulnare,,,,
Muscles of the Upper Limb,Svaly hornej končatiny,Muskulatur der oberen Extremität,"Forearm – anterior compartment, superficial layer","Predný svalový oddiel predlaktia - povrchová vrstva",,Musculus flexor carpi radialis,Flexor carpi radialis muscle,,,,,
Muscles of the Upper Limb,Svaly hornej končatiny,Muskulatur der oberen Extremität,"Forearm – anterior compartment, superficial layer","Predný svalový oddiel predlaktia - povrchová vrstva",,Musculus palmaris longus,Palmaris longus muscle,,,,,
Muscles of the Upper Limb,Svaly hornej končatiny,Muskulatur der oberen Extremität,"Forearm – anterior compartment, superficial layer","Predný svalový oddiel predlaktia - povrchová vrstva",,Musculus flexor carpi ulnaris,Flexor carpi ulnaris muscle,,,,,
Muscles of the Upper Limb,Svaly hornej končatiny,Muskulatur der oberen Extremität,"Forearm – anterior compartment, superficial layer","Predný svalový oddiel predlaktia - povrchová vrstva",,Musculus flexor carpi ulnaris,Flexor carpi ulnaris muscle,Caput humerale,,,,
Muscles of the Upper Limb,Svaly hornej končatiny,Muskulatur der oberen Extremität,"Forearm – anterior compartment, superficial layer","Predný svalový oddiel predlaktia - povrchová vrstva",,Musculus flexor carpi ulnaris,Flexor carpi ulnaris muscle,Caput ulnare,,,,
Muscles of the Upper Limb,Svaly hornej končatiny,Muskulatur der oberen Extremität,"Forearm – anterior compartment, intermediate layer","Predný svalový oddiel predlaktia - stredná vrstva",,Musculus flexor digitorum superficialis,Flexor digitorum superficialis muscle,,,,,
Muscles of the Upper Limb,Svaly hornej končatiny,Muskulatur der oberen Extremität,"Forearm – anterior compartment, deep layer","Predný svalový oddiel predlaktia - hlboká vrstva",,Musculus flexor digitorum profundus,Flexor digitorum profundus muscle,,,,,
Muscles of the Upper Limb,Svaly hornej končatiny,Muskulatur der oberen Extremität,"Forearm – anterior compartment, deep layer","Predný svalový oddiel predlaktia - hlboká vrstva",,Musculus flexor pollicis longus,Flexor pollicis longus muscle,,,,,
Muscles of the Upper Limb,Svaly hornej končatiny,Muskulatur der oberen Extremität,"Forearm – anterior compartment, deep layer","Predný svalový oddiel predlaktia - hlboká vrstva",,Musculus pronator quadratus,Pronator quadratus muscle,,,,,
Muscles of the Upper Limb,Svaly hornej končatiny,Muskulatur der oberen Extremität,"Forearm – posterior compartment, superficial layer","Zadný svalový oddiel predlaktia - povrchová vrstva",,Musculus brachioradialis,Brachioradialis muscle,,,,,
Muscles of the Upper Limb,Svaly hornej končatiny,Muskulatur der oberen Extremität,"Forearm – posterior compartment, superficial layer","Zadný svalový oddiel predlaktia - povrchová vrstva",,Musculus extensor carpi radialis longus,Extensor carpi radialis longus muscle,,,,,
Muscles of the Upper Limb,Svaly hornej končatiny,Muskulatur der oberen Extremität,"Forearm – posterior compartment, superficial layer","Zadný svalový oddiel predlaktia - povrchová vrstva",,Musculus extensor carpi radialis brevis,Extensor carpi radialis brevis muscle,,,,,
Muscles of the Upper Limb,Svaly hornej končatiny,Muskulatur der oberen Extremität,"Forearm – posterior compartment, superficial layer","Zadný svalový oddiel predlaktia - povrchová vrstva",,Musculus extensor digitorum,Extensor digitorum muscle,,,,,
Muscles of the Upper Limb,Svaly hornej končatiny,Muskulatur der oberen Extremität,"Forearm – posterior compartment, superficial layer","Zadný svalový oddiel predlaktia - povrchová vrstva",,Musculus extensor digiti minimi,Extensor digiti minimi muscle,,,,,
Muscles of the Upper Limb,Svaly hornej končatiny,Muskulatur der oberen Extremität,"Forearm – posterior compartment, superficial layer","Zadný svalový oddiel predlaktia - povrchová vrstva",,Musculus extensor carpi ulnaris,Extensor carpi ulnaris muscle,,,,,
Muscles of the Upper Limb,Svaly hornej končatiny,Muskulatur der oberen Extremität,"Forearm – posterior compartment, deep layer","Zadný svalový oddiel predlaktia - hlboká vrstva",,Musculus supinator,Supinator muscle,,,,,
Muscles of the Upper Limb,Svaly hornej končatiny,Muskulatur der oberen Extremität,"Forearm – posterior compartment, deep layer","Zadný svalový oddiel predlaktia - hlboká vrstva",,Musculus abductor pollicis longus,Abductor pollicis longus muscle,,,,,
Muscles of the Upper Limb,Svaly hornej končatiny,Muskulatur der oberen Extremität,"Forearm – posterior compartment, deep layer","Zadný svalový oddiel predlaktia - hlboká vrstva",,Musculus extensor pollicis brevis,Extensor pollicis brevis muscle,,,,,
Muscles of the Upper Limb,Svaly hornej končatiny,Muskulatur der oberen Extremität,"Forearm – posterior compartment, deep layer","Zadný svalový oddiel predlaktia - hlboká vrstva",,Musculus extensor pollicis longus,Extensor pollicis longus muscle,,,,,
Muscles of the Upper Limb,Svaly hornej končatiny,Muskulatur der oberen Extremität,"Forearm – posterior compartment, deep layer","Zadný svalový oddiel predlaktia - hlboká vrstva",,Musculus extensor indicis,Extensor indicis muscle,,,,,
Muscles of the Upper Limb,Svaly hornej končatiny,Muskulatur der oberen Extremität,"Hand – thenar muscles, superficial layer","Ruka - svaly thenaru (palcového vankúšika), povrchová vrstva",,Musculus abductor pollicis brevis,Abductor pollicis brevis muscle,,,,,
Muscles of the Upper Limb,Svaly hornej končatiny,Muskulatur der oberen Extremität,"Hand – thenar muscles, superficial layer","Ruka - svaly thenaru (palcového vankúšika), povrchová vrstva",,Musculus flexor pollicis brevis,Flexor pollicis brevis muscle,,,,,
Muscles of the Upper Limb,Svaly hornej končatiny,Muskulatur der oberen Extremität,"Hand – thenar muscles, superficial layer","Ruka - svaly thenaru (palcového vankúšika), povrchová vrstva",,Musculus flexor pollicis brevis,Flexor pollicis brevis muscle,Caput superficiale,,,,
Muscles of the Upper Limb,Svaly hornej končatiny,Muskulatur der oberen Extremität,"Hand – thenar muscles, deep layer","Ruka - svaly thenaru (palcového vankúšika), hlboká vrstva",,Musculus flexor pollicis brevis,Flexor pollicis brevis muscle,Caput profundum,,,,
Muscles of the Upper Limb,Svaly hornej končatiny,Muskulatur der oberen Extremität,"Hand – thenar muscles, deep layer","Ruka - svaly thenaru (palcového vankúšika), hlboká vrstva",,Musculus opponens pollicis,Opponens pollicis muscle,,,,,
Muscles of the Upper Limb,Svaly hornej končatiny,Muskulatur der oberen Extremität,"Hand – thenar muscles, deep layer","Ruka - svaly thenaru (palcového vankúšika), hlboká vrstva",,Musculus adductor pollicis,Adductor pollicis muscle,,,,,
Muscles of the Upper Limb,Svaly hornej končatiny,Muskulatur der oberen Extremität,"Hand – thenar muscles, deep layer","Ruka - svaly thenaru (palcového vankúšika), hlboká vrstva",,Musculus adductor pollicis,Adductor pollicis muscle,Caput obliquum,,,,
Muscles of the Upper Limb,Svaly hornej končatiny,Muskulatur der oberen Extremität,"Hand – thenar muscles, deep layer","Ruka - svaly thenaru (palcového vankúšika), hlboká vrstva",,Musculus adductor pollicis,Adductor pollicis muscle,Caput transversum,,,,
Muscles of the Upper Limb,Svaly hornej končatiny,Muskulatur der oberen Extremität,"Hand – hypothenar muscles, superficial layer","Ruka - svaly hypothenaru (malého vankúšika), povrchová vrstva",,Musculus palmaris brevis,Palmaris brevis muscle,,,,,
Muscles of the Upper Limb,Svaly hornej končatiny,Muskulatur der oberen Extremität,"Hand – hypothenar muscles, superficial layer","Ruka - svaly hypothenaru (malého vankúšika), povrchová vrstva",,Musculus abductor digiti minimi,Abductor digiti minimi muscle,,,,,
Muscles of the Upper Limb,Svaly hornej končatiny,Muskulatur der oberen Extremität,"Hand – hypothenar muscles, superficial layer","Ruka - svaly hypothenaru (malého vankúšika), povrchová vrstva",,Musculus flexor digiti minimi brevis,Flexor digiti minimi brevis muscle,,,,,
Muscles of the Upper Limb,Svaly hornej končatiny,Muskulatur der oberen Extremität,"Hand – hypothenar muscles, deep layer","Ruka - svaly hypothenaru (malého vankúšika), hlboká vrstva",,Musculus opponens digiti minimi,Opponens digiti minimi muscle,,,,,
Muscles of the Upper Limb,Svaly hornej končatiny,Muskulatur der oberen Extremität,"Hand – central compartment, superficial layer","Ruka - svaly centrálneho oddielu ruky, povrchová vrstva",,Musculi lumbricales,Lumbrical muscles,,,,,
Muscles of the Upper Limb,Svaly hornej končatiny,Muskulatur der oberen Extremität,"Hand – central compartment, deep layer","Ruka - svaly centrálneho oddielu ruky, hlboká vrstva",,Musculi interossei palmares,Palmar interossei muscles,,,,,
Muscles of the Upper Limb,Svaly hornej končatiny,Muskulatur der oberen Extremität,"Hand – central compartment, deep layer","Ruka - svaly centrálneho oddielu ruky, hlboká vrstva",,Musculi interossei dorsales,Dorsal interossei muscles,,,,,
Muscles of the Lower Limb,Svaly dolnej končatiny,Muskulatur der unteren Extremität,Hip – superficial gluteal muscles,"Bedro - povrchové svaly gluteálne",,Musculus gluteus maximus,Gluteus maximus muscle,,,,,
Muscles of the Lower Limb,Svaly dolnej končatiny,Muskulatur der unteren Extremität,Hip – superficial gluteal muscles,"Berdo - povrchové svaly gluteálne",,Musculus gluteus medius,Gluteus medius muscle,,,,,
Muscles of the Lower Limb,Svaly dolnej končatiny,Muskulatur der unteren Extremität,Hip – superficial gluteal muscles,"Bedro - povrchové svaly gluteálne",,Musculus gluteus minimus,Gluteus minimus muscle,,,,,
Muscles of the Lower Limb,Svaly dolnej končatiny,Muskulatur der unteren Extremität,Hip – deep lateral rotators,"Bedro - hlboké laterálne rotátory",,Musculus piriformis,Piriformis muscle,,,,,
Muscles of the Lower Limb,Svaly dolnej končatiny,Muskulatur der unteren Extremität,Hip – deep lateral rotators,"Bedro - hlboké laterálne rotátory",,Musculus obturatorius internus,Obturator internus muscle,,,,,
Muscles of the Lower Limb,Svaly dolnej končatiny,Muskulatur der unteren Extremität,Hip – deep lateral rotators,"Bedro - hlboké laterálne rotátory",,Musculus obturatorius internus,Obturator internus muscle,Gemellus superior,,,,
Muscles of the Lower Limb,Svaly dolnej končatiny,Muskulatur der unteren Extremität,Hip – deep lateral rotators,"Bedro - hlboké laterálne rotátory",,Musculus obturatorius internus,Obturator internus muscle,Gemellus inferior,,,,
Muscles of the Lower Limb,Svaly dolnej končatiny,Muskulatur der unteren Extremität,Hip – deep lateral rotators,"Bedro - hlboké laterálne rotátory",,Musculus quadratus femoris,Quadratus femoris muscle,,,,,
Muscles of the Lower Limb,Svaly dolnej končatiny,Muskulatur der unteren Extremität,Hip – deep lateral rotators,"Bedro - hlboké laterálne rotátory",,Musculus obturatorius externus,Obturator externus muscle,,,,,
Muscles of the Lower Limb,Svaly dolnej končatiny,Muskulatur der unteren Extremität,Thigh – anterior compartment,"Stehno - predný komparment",,Musculus iliopsoas,Iliopsoas muscle,,,,,
Muscles of the Lower Limb,Svaly dolnej končatiny,Muskulatur der unteren Extremität,Thigh – anterior compartment,"Stehno - predný komparment",,Musculus psoas major,Psoas major muscle,,,,,
Muscles of the Lower Limb,Svaly dolnej končatiny,Muskulatur der unteren Extremität,Thigh – anterior compartment,"Stehno - predný komparment",,Musculus iliacus,Iliacus muscle,,,,,
Muscles of the Lower Limb,Svaly dolnej končatiny,Muskulatur der unteren Extremität,Thigh – anterior compartment,"Stehno - predný komparment",,Musculus sartorius,Sartorius muscle,,,,,
Muscles of the Lower Limb,Svaly dolnej končatiny,Muskulatur der unteren Extremität,Thigh – anterior compartment,"Stehno - predný komparment",,Musculus quadriceps femoris,Quadriceps femoris muscle,,,,,
Muscles of the Lower Limb,Svaly dolnej končatiny,Muskulatur der unteren Extremität,Thigh – anterior compartment,"Stehno - predný komparment",,Musculus quadriceps femoris,Quadriceps femoris muscle,Musculus rectus femoris,,,,
Muscles of the Lower Limb,Svaly dolnej končatiny,Muskulatur der unteren Extremität,Thigh – anterior compartment,"Stehno - predný komparment",,Musculus quadriceps femoris,Quadriceps femoris muscle,Musculus vastus lateralis,,,,
Muscles of the Lower Limb,Svaly dolnej končatiny,Muskulatur der unteren Extremität,Thigh – anterior compartment,"Stehno - predný komparment",,Musculus quadriceps femoris,Quadriceps femoris muscle,Musculus vastus medialis,,,,
Muscles of the Lower Limb,Svaly dolnej končatiny,Muskulatur der unteren Extremität,Thigh – anterior compartment,"Stehno - predný komparment",,Musculus quadriceps femoris,Quadriceps femoris muscle,Musculus vastus intermedius,,,,
Muscles of the Lower Limb,Svaly dolnej končatiny,Muskulatur der unteren Extremität,Thigh – anterior compartment,"Stehno - predný komparment",,Musculus articularis genus,Articularis genus muscle,,,,,
Muscles of the Lower Limb,Svaly dolnej končatiny,Muskulatur der unteren Extremität,Thigh – medial compartment,"Stehno - mediálny komparment",,Musculus pectineus,Pectineus muscle,,,,,
Muscles of the Lower Limb,Svaly dolnej končatiny,Muskulatur der unteren Extremität,Thigh – medial compartment,"Stehno - mediálny komparment",,Musculus adductor longus,Adductor longus muscle,,,,,
Muscles of the Lower Limb,Svaly dolnej končatiny,Muskulatur der unteren Extremität,Thigh – medial compartment,"Stehno - mediálny komparment",,Musculus adductor brevis,Adductor brevis muscle,,,,,
Muscles of the Lower Limb,Svaly dolnej končatiny,Muskulatur der unteren Extremität,Thigh – medial compartment,"Stehno - mediálny komparment",,Musculus adductor magnus,Adductor magnus muscle,,,,,
Muscles of the Lower Limb,Svaly dolnej končatiny,Muskulatur der unteren Extremität,Thigh – medial compartment,"Stehno - mediálny komparment",,Musculus adductor magnus,Adductor magnus muscle,Pars adductoria,,,,
Muscles of the Lower Limb,Svaly dolnej končatiny,Muskulatur der unteren Extremität,Thigh – medial compartment,"Stehno - mediálny komparment",,Musculus adductor magnus,Adductor magnus muscle,Pars hamstringa,,,,
Muscles of the Lower Limb,Svaly dolnej končatiny,Muskulatur der unteren Extremität,Thigh – medial compartment,"Stehno - mediálny komparment",,Musculus gracilis,Gracilis muscle,,,,,
Muscles of the Lower Limb,Svaly dolnej končatiny,Muskulatur der unteren Extremität,Thigh – posterior compartment,"Stehno - zadný komparment",,Musculus biceps femoris,Biceps femoris muscle,,,,,
Muscles of the Lower Limb,Svaly dolnej končatiny,Muskulatur der unteren Extremität,Thigh – posterior compartment,"Stehno - zadný komparment",,Musculus biceps femoris,Biceps femoris muscle,Caput longum,,,,
Muscles of the Lower Limb,Svaly dolnej končatiny,Muskulatur der unteren Extremität,Thigh – posterior compartment,"Stehno - zadný komparment",,Musculus biceps femoris,Biceps femoris muscle,Caput breve,,,,
Muscles of the Lower Limb,Svaly dolnej končatiny,Muskulatur der unteren Extremität,Thigh – posterior compartment,"Stehno - zadný komparment",,Musculus semitendinosus,Semitendinosus muscle,,,,,
Muscles of the Lower Limb,Svaly dolnej končatiny,Muskulatur der unteren Extremität,Thigh – posterior compartment,"Stehno - zadný komparment",,Musculus semimembranosus,Semimembranosus muscle,,,,,
Muscles of the Lower Limb,Svaly dolnej končatiny,Muskulatur der unteren Extremität,Leg – anterior compartment,"Predkolenie - predný kopartment",,Musculus tibialis anterior,Tibialis anterior muscle,,,,,
Muscles of the Lower Limb,Svaly dolnej končatiny,Muskulatur der unteren Extremität,Leg – anterior compartment,"Predkolenie - predný kopartment",,Musculus extensor hallucis longus,Extensor hallucis longus muscle,,,,,
Muscles of the Lower Limb,Svaly dolnej končatiny,Muskulatur der unteren Extremität,Leg – anterior compartment,"Predkolenie - predný kopartment",,Musculus extensor digitorum longus,Extensor digitorum longus muscle,,,,,
Muscles of the Lower Limb,Svaly dolnej končatiny,Muskulatur der unteren Extremität,Leg – anterior compartment,"Predkolenie - predný kopartment",,Musculus fibularis tertius,Fibularis tertius muscle,,,,,
Muscles of the Lower Limb,Svaly dolnej končatiny,Muskulatur der unteren Extremität,Leg – lateral compartment,"Predkolenie - laterálny kopartment",,Musculus fibularis longus,Fibularis longus muscle,,,,,
Muscles of the Lower Limb,Svaly dolnej končatiny,Muskulatur der unteren Extremität,Leg – lateral compartment,"Predkolenie - laterálny kopartment",,Musculus fibularis brevis,Fibularis brevis muscle,,,,,
Muscles of the Lower Limb,Svaly dolnej končatiny,Muskulatur der unteren Extremität,"Leg – posterior compartment, superficial layer","Predkolenie - zadný kopartment, povrchová vrstva",,Musculus gastrocnemius,Gastrocnemius muscle,,,,,
Muscles of the Lower Limb,Svaly dolnej končatiny,Muskulatur der unteren Extremität,"Leg – posterior compartment, superficial layer","Predkolenie - zadný kopartment, povrchová vrstva",,Musculus gastrocnemius,Gastrocnemius muscle,Caput mediale,,,,
Muscles of the Lower Limb,Svaly dolnej končatiny,Muskulatur der unteren Extremität,"Leg – posterior compartment, superficial layer","Predkolenie - zadný kopartment, povrchová vrstva",,Musculus gastrocnemius,Gastrocnemius muscle,Caput laterale,,,,
Muscles of the Lower Limb,Svaly dolnej končatiny,Muskulatur der unteren Extremität,"Leg – posterior compartment, superficial layer","Predkolenie - zadný kopartment, povrchová vrstva",,Musculus soleus,Soleus muscle,,,,,
Muscles of the Lower Limb,Svaly dolnej končatiny,Muskulatur der unteren Extremität,"Leg – posterior compartment, superficial layer","Predkolenie - zadný kopartment, povrchová vrstva",,Musculus plantaris,Plantaris muscle,,,,,
Muscles of the Lower Limb,Svaly dolnej končatiny,Muskulatur der unteren Extremität,"Leg – posterior compartment, deep layer","Predkolenie - zadný kopartment, hlboká vrstva",,Musculus popliteus,Popliteus muscle,,,,,
Muscles of the Lower Limb,Svaly dolnej končatiny,Muskulatur der unteren Extremität,"Leg – posterior compartment, deep layer","Predkolenie - zadný kopartment, hlboká vrstva",,Musculus tibialis posterior,Tibialis posterior muscle,,,,,
Muscles of the Lower Limb,Svaly dolnej končatiny,Muskulatur der unteren Extremität,"Leg – posterior compartment, deep layer","Predkolenie - zadný kopartment, hlboká vrstva",,Musculus flexor hallucis longus,Flexor hallucis longus muscle,,,,,
Muscles of the Lower Limb,Svaly dolnej končatiny,Muskulatur der unteren Extremität,"Leg – posterior compartment, deep layer","Predkolenie - zadný kopartment, hlboká vrstva",,Musculus flexor digitorum longus,Flexor digitorum longus muscle,,,,,
Muscles of the Lower Limb,Svaly dolnej končatiny,Muskulatur der unteren Extremität,Foot – dorsal muscles,"Chodidlo - dorzálne svaly",,Musculus extensor digitorum brevis,Extensor digitorum brevis muscle,,,,,
Muscles of the Lower Limb,Svaly dolnej končatiny,Muskulatur der unteren Extremität,Foot – dorsal muscles,"Chodidlo - dorzálne svaly",,Musculus extensor hallucis brevis,Extensor hallucis brevis muscle,,,,,
Muscles of the Lower Limb,Svaly dolnej končatiny,Muskulatur der unteren Extremität,"Foot – plantar muscles, layer I","Chodidlo - plantárne svaly, I vrstva",,Musculus abductor hallucis,Abductor hallucis muscle,,,,,
Muscles of the Lower Limb,Svaly dolnej končatiny,Muskulatur der unteren Extremität,"Foot – plantar muscles, layer I","Chodidlo - plantárne svaly, I vrstva",,Musculus flexor digitorum brevis,Flexor digitorum brevis muscle,,,,,
Muscles of the Lower Limb,Svaly dolnej končatiny,Muskulatur der unteren Extremität,"Foot – plantar muscles, layer I","Chodidlo - plantárne svaly, I vrstva",,Musculus abductor digiti minimi,Abductor digiti minimi muscle,,,,,
Muscles of the Lower Limb,Svaly dolnej končatiny,Muskulatur der unteren Extremität,"Foot – plantar muscles, layer II","Chodidlo - plantárne svaly, II vrstva",,Musculus quadratus plantae,Quadratus plantae muscle,,,,,
Muscles of the Lower Limb,Svaly dolnej končatiny,Muskulatur der unteren Extremität,"Foot – plantar muscles, layer II","Chodidlo - plantárne svaly, II vrstva",,Musculi lumbricales,Lumbrical muscles,,,,,
Muscles of the Lower Limb,Svaly dolnej končatiny,Muskulatur der unteren Extremität,"Foot – plantar muscles, layer III","Chodidlo - plantárne svaly, III vrstva",,Musculus flexor hallucis brevis,Flexor hallucis brevis muscle,,,,,
Muscles of the Lower Limb,Svaly dolnej končatiny,Muskulatur der unteren Extremität,"Foot – plantar muscles, layer III","Chodidlo - plantárne svaly, III vrstva",,Musculus adductor hallucis,Adductor hallucis muscle,,,,,
Muscles of the Lower Limb,Svaly dolnej končatiny,Muskulatur der unteren Extremität,"Foot – plantar muscles, layer III","Chodidlo - plantárne svaly, III vrstva",,Musculus adductor hallucis,Adductor hallucis muscle,Caput obliquum,,,,
Muscles of the Lower Limb,Svaly dolnej končatiny,Muskulatur der unteren Extremität,"Foot – plantar muscles, layer III","Chodidlo - plantárne svaly, III vrstva",,Musculus adductor hallucis,Adductor hallucis muscle,Caput transversum,,,,
Muscles of the Lower Limb,Svaly dolnej končatiny,Muskulatur der unteren Extremität,"Foot – plantar muscles, layer III","Chodidlo - plantárne svaly, III vrstva",,Musculus flexor digiti minimi brevis,Flexor digiti minimi brevis muscle,,,,,
Muscles of the Lower Limb,Svaly dolnej končatiny,Muskulatur der unteren Extremität,"Foot – plantar muscles, layer IV","Chodidlo - plantárne svaly, IV vrstva",,Musculi interossei plantares,Plantar interossei muscles,,,,,
Muscles of the Lower Limb,Svaly dolnej končatiny,Muskulatur der unteren Extremität,"Foot – plantar muscles, layer IV","Chodidlo - plantárne svaly, IV vrstva",,Musculi interossei dorsales,Dorsal interossei muscles,,,,,