id,english_term,german_term,slovak_term,abbreviation,analyte,system,sample_type,normal_range,units,physiological_role,causes_of_increase,causes_of_decrease,clinical_use,notes,tags
lab_0001,Hemoglobin,das Hämoglobin,hemoglobín,Hb,Hemoglobin,Hematology,EDTA whole blood,M: 135–175; F: 120–155,g/L,Oxygen transport in erythrocytes,"Polycythemia; dehydration; chronic hypoxia (COPD, altitude); smoking",Iron deficiency; acute/chronic bleeding; hemolysis; anemia of chronic disease; renal failure (↓EPO),Screening/monitoring anemia and polycythemia,"Ranges depend on lab, altitude, hydration","Hematology;CBC;Anemia"
lab_0002,Red blood cell count,die Erythrozytenzahl,počet erytrocytov,RBC,Erythrocyte count,Hematology,EDTA whole blood,M: 4.5–5.9; F: 4.0–5.2,×10^12/L,Number of circulating erythrocytes,Polycythemia; dehydration,"Anemia (nutritional, hemolytic); marrow suppression; bleeding",Part of CBC; anemia/polycythemia workup,,"Hematology;CBC;Anemia"
lab_0003,Hematocrit,der Hämatokrit,hematokrit,Hct,Packed cell volume,Hematology,EDTA whole blood,M: 0.40–0.52; F: 0.36–0.46,L/L,Fraction of blood volume occupied by RBCs,Dehydration; polycythemia,Anemia; overhydration,Assess anemia/polycythemia and fluid status,Affected by plasma volume,"Hematology;CBC;Anemia"
lab_0004,Mean corpuscular volume,das mittlere Erythrozytenvolumen,stredný objem erytrocytu,MCV,MCV,Hematology,EDTA whole blood,80–96,fL,Average RBC size,Macrocytosis: B12/folate deficiency; alcohol; liver disease; hypothyroidism; reticulocytosis,Microcytosis: iron deficiency; thalassemia; anemia of chronic disease (sometimes),Classify anemia (micro/macro/normocytic),Cold agglutinins can artifactually ↑MCV,"Hematology;CBC;Anemia"
lab_0005,Mean corpuscular hemoglobin,das mittlere korpuskuläre Hämoglobin,stredný hemoglobín v erytrocyte,MCH,MCH,Hematology,EDTA whole blood,27–33,pg,Average hemoglobin per RBC,Macrocytosis; reticulocytosis,Iron deficiency; thalassemia,Anemia classification,Interpreted with MCV/MCHC,"Hematology;CBC;Anemia"
lab_0006,Mean corpuscular hemoglobin concentration,die mittlere korpuskuläre Hämoglobinkonzentration,stredná koncentrácia Hb v erytrocyte,MCHC,MCHC,Hematology,EDTA whole blood,320–360,g/L,Average Hb concentration in RBCs,Hereditary spherocytosis; cold agglutinins (artifact),Iron deficiency; overhydration,Anemia evaluation; hemolysis/spherocytosis hints,Lipemia can artifactually ↑MCHC,"Hematology;CBC;Anemia"
lab_0007,Red cell distribution width,die Erythrozytenverteilungsbreite,šírka distribúcie erytrocytov,RDW,RDW,Hematology,EDTA whole blood,11.5–14.5,%,Variation in RBC size (anisocytosis),Iron deficiency; mixed deficiencies; recent transfusion,Often normal in thalassemia trait,Differentiate iron deficiency vs thalassemia; mixed anemia assessment,Reference depends on analyzer,"Hematology;CBC;Anemia"
lab_0008,White blood cell count,die Leukozytenzahl,počet leukocytov,WBC,Leukocyte count,Hematology,EDTA whole blood,4.0–10.0,×10^9/L,Innate/adaptive immune cells in circulation,Infection/inflammation; steroids; stress; leukemia,Viral infections; bone marrow failure; chemotherapy; aplastic anemia,Infection/inflammation evaluation; monitoring marrow suppression,Differential is essential,"Hematology;CBC;Infection"
lab_0009,Neutrophils (absolute),die Neutrophilen (absolut),neutrofily (absolútne),NEU,Neutrophils,Hematology,EDTA whole blood,1.5–7.5,×10^9/L,Primary defense against bacteria/fungi,Bacterial infection; corticosteroids; stress; myeloproliferative disorders,Drug-induced neutropenia; chemotherapy; aplastic anemia; severe infection/sepsis (consumption),Assess bacterial infection risk and neutropenia,Interpret with bands/left shift,"Hematology;CBC;Infection"
lab_0010,Lymphocytes (absolute),die Lymphozyten (absolut),lymfocyty (absolútne),LYM,Lymphocytes,Hematology,EDTA whole blood,1.0–4.0,×10^9/L,"Adaptive immunity (T, B, NK cells)",Viral infections; CLL; pertussis,Steroids; HIV; chemotherapy; severe stress,Evaluate immune status; viral/hematologic disorders,Age-dependent (higher in children),"Hematology;CBC;Infection"
lab_0011,Platelets,die Thrombozyten,trombocyty,PLT,Platelet count,Hematology,EDTA whole blood,150–400,×10^9/L,Primary hemostasis (platelet plug),"Reactive thrombocytosis (inflammation, iron deficiency); myeloproliferative neoplasms",ITP; DIC; heparin-induced thrombocytopenia; marrow failure,Bleeding/thrombosis risk assessment; monitoring chemo/heparin,EDTA clumping can cause pseudothrombocytopenia,"Hematology;CBC;Bleeding"
lab_0012,C-reactive protein,das C-reaktive Protein,C-reaktívny proteín,CRP,CRP,Inflammation,Serum/Plasma,< 5,mg/L,Acute-phase protein produced by liver (IL-6 mediated),Bacterial infection; tissue injury; inflammatory diseases; malignancy,Not specific; can be low despite localized infection or immunosuppression,Monitor infection/inflammation and therapy response,Rises within ~6–12 h; peaks ~48 h,"Inflammation;Infection;Sepsis"
lab_0013,Erythrocyte sedimentation rate,die Blutsenkungsgeschwindigkeit,sedimentácia erytrocytov,ESR,ESR,Inflammation,Whole blood,M: < 15; F: < 20,mm/h,Non-specific marker of inflammation (fibrinogen increases rouleaux),Chronic inflammation; autoimmune disease; infection; malignancy,Polycythemia; sickle cell disease; extreme leukocytosis,Helpful in temporal arteritis/PMR; chronic inflammatory monitoring,"Affected by anemia, pregnancy, age","Inflammation;Autoimmune;Chronic inflammation"
lab_0014,Procalcitonin,das Prokalzitonin,prokalcitonín,PCT,Procalcitonin,Inflammation,Serum/Plasma,< 0.05,ng/mL,Peptide elevated mainly in bacterial systemic infection,Sepsis; severe bacterial infection; major trauma/surgery (transient),Viral infections (usually); localized infections may not elevate,Sepsis risk stratification; antibiotic stewardship/monitoring,Interpret with clinical context and kinetics,"Inflammation;Sepsis;Infection"
lab_0015,Creatinine,das Kreatinin,kreatinín,Cr,Creatinine,Renal,Serum/Plasma,M: 64–104; F: 49–90,µmol/L,Byproduct of muscle metabolism; filtered by kidneys,Acute/chronic kidney injury; dehydration; rhabdomyolysis,Low muscle mass; pregnancy; severe liver disease,Assess kidney function; dosing renally cleared drugs,Use eGFR; affected by muscle mass,"Renal;AKI;CKD"
lab_0016,Estimated GFR (CKD-EPI),die geschätzte glomeruläre Filtrationsrate,odhadovaná glomerulárna filtrácia,eGFR,eGFR,Renal,Serum/Plasma,≥ 90,mL/min/1.73m²,Estimate of kidney filtration based on creatinine (and age/sex),Not applicable (it decreases with CKD); can be falsely high with low creatinine,Lower in CKD/AKI; lower with age,CKD staging; drug dosing; trend kidney function,Equation differs by lab; less accurate in extremes of muscle mass,"Renal;CKD;AKI"
lab_0017,Urea,der Harnstoff,močovina,Urea,Urea,Renal,Serum/Plasma,2.5–7.8,mmol/L,Nitrogen waste from protein metabolism,Dehydration; GI bleeding; high protein intake; renal failure,Severe liver failure; low protein intake; overhydration,Assess azotemia and hydration; interpret with creatinine,More affected by diet/catabolism than creatinine,"Renal;AKI;Hydration"
lab_0018,BUN/Creatinine ratio,das BUN/Kreatinin-Verhältnis,pomer močovina/kreatinín,BUN/Cr,Urea-to-creatinine ratio,Renal,Serum/Plasma,10–20,(ratio),Helps differentiate pre-renal vs renal causes of azotemia,Pre-renal azotemia; GI bleeding; catabolic states,Low protein intake; liver disease; rhabdomyolysis (relative ↑Cr),Pre-renal vs intrinsic renal evaluation,Unit conventions vary (BUN vs urea),"Renal;AKI;Hydration"
lab_0019,Sodium,das Natrium,sodík,Na,Sodium,Electrolytes,Serum/Plasma,135–145,mmol/L,Major extracellular cation; osmolality and fluid balance,Hypernatremia: dehydration; diabetes insipidus; hypertonic intake,Hyponatremia: SIADH; diuretics; heart failure; cirrhosis; polydipsia,Evaluate fluid/electrolyte disorders; monitoring therapy,Consider serum osmolality and glucose,"Electrolytes;Hyponatremia;Hypernatremia"
lab_0020,Potassium,das Kalium,draslík,K,Potassium,Electrolytes,Serum/Plasma,3.5–5.1,mmol/L,Major intracellular cation; cardiac and neuromuscular excitability,Hemolysis (pseudo); renal failure; ACEi/ARB; K-sparing diuretics; acidosis,Diuretics; vomiting/diarrhea; hyperaldosteronism; insulin therapy; alkalosis,Arrhythmia risk assessment; renal and endocrine evaluation,Hemolysis falsely elevates K,"Electrolytes;Hyperkalemia;Arrhythmia"
lab_0021,Chloride,das Chlorid,chloridy,Cl,Chloride,Electrolytes,Serum/Plasma,98–107,mmol/L,Acid-base and osmotic balance,Dehydration; hyperchloremic acidosis (saline); renal tubular acidosis,Vomiting (loss of HCl); metabolic alkalosis; diuretics,Acid-base evaluation; calculate anion gap,Interpret with Na and HCO3-,"Electrolytes;Acid-base"
lab_0022,Bicarbonate (total CO₂),das Bikarbonat (Gesamt-CO₂),bikarbonát (celkové CO₂),HCO₃,Bicarbonate,Acid-base,Serum/Plasma,22–29,mmol/L,Main extracellular buffer,Metabolic alkalosis; compensation for respiratory acidosis,Metabolic acidosis; compensation for respiratory alkalosis,Acid-base disorders; DKA monitoring,ABG gives more precise acid-base picture,"Acid-base;ICU;DKA"
lab_0023,Calcium (total),das Gesamtcalcium,vápnik (celkový),Ca,Total calcium,Electrolytes,Serum,2.15–2.55,mmol/L,"Bone, neuromuscular function, coagulation",Hyperparathyroidism; malignancy; vitamin D excess; sarcoidosis,Hypoparathyroidism; vitamin D deficiency; CKD; pancreatitis; massive transfusion (citrate),"Workup of tetany, stones, bone disease",Correct for albumin; ionized Ca in critical illness,"Electrolytes;Calcium disorders;Bone"
lab_0024,Ionized calcium,das ionisierte Calcium,ionizovaný vápnik,iCa,Ionized calcium,Electrolytes,Heparinized whole blood/Plasma,1.12–1.32,mmol/L,Physiologically active calcium fraction,Same causes as hypercalcemia; alkalosis can lower iCa without changing total Ca,Critical illness; alkalosis; massive transfusion; sepsis,Better assessment of calcium status in ICU,pH-dependent; sample handling critical,"Electrolytes;ICU;Calcium disorders"
lab_0025,Magnesium,das Magnesium,horčík,Mg,Magnesium,Electrolytes,Serum/Plasma,0.70–1.05,mmol/L,Enzyme cofactor; neuromuscular stability,Renal failure; Mg-containing antacids/laxatives,Diarrhea; diuretics; alcoholism; PPIs; malnutrition,"Arrhythmias, seizures, refractory hypokalemia evaluation",Often low with low K/Ca,"Electrolytes;Arrhythmia;ICU"
lab_0026,Phosphate,das Phosphat,fosfát,PO₄,Phosphate,Electrolytes,Serum/Plasma,0.80–1.45,mmol/L,"ATP, bone mineral, acid-base buffering",CKD; hypoparathyroidism; tumor lysis; rhabdomyolysis,Refeeding syndrome; hyperparathyroidism; DKA treatment; malabsorption,Bone/mineral disorders; ICU electrolyte management,Hemolysis can ↑ phosphate,"Electrolytes;Bone;ICU"
lab_0027,Fasting plasma glucose,die Nüchternglukose,glykémia nalačno,FPG,Glucose,Metabolism,Plasma,3.9–5.5,mmol/L,Primary energy substrate,Diabetes; stress; steroids; pancreatitis,Insulin excess; adrenal insufficiency; sepsis; liver failure,Diabetes diagnosis/monitoring; hypoglycemia evaluation,Pre-analytic glycolysis lowers value if delayed separation,"Metabolism;Diabetes"
lab_0028,HbA1c,das HbA1c,glykovaný hemoglobín,HbA1c,Glycated hemoglobin,Metabolism,EDTA whole blood,20–42,mmol/mol,Reflects average glycemia over ~8–12 weeks,Diabetes; poor glycemic control,Hemolysis; recent transfusion; shortened RBC lifespan,Diabetes monitoring and diagnosis (per guidelines),Hemoglobin variants can interfere,"Metabolism;Diabetes"
lab_0029,Alanine aminotransferase,die Alanin-Aminotransferase,alanínaminotransferáza,ALT,ALT,Liver,Serum,M: < 50; F: < 35,U/L,Hepatocellular enzyme (cytosolic),"Hepatitis (viral, toxic); NAFLD; ischemic injury",Not clinically used as 'low' marker,Detect/monitor hepatocellular injury,AST/ALT ratio can be informative,"Liver;Liver injury"
lab_0030,Aspartate aminotransferase,die Aspartat-Aminotransferase,aspartátaminotransferáza,AST,AST,Liver/Muscle,Serum,M: < 50; F: < 35,U/L,"Enzyme in liver, heart, muscle (mitochondrial/cytosolic)",Hepatitis; alcohol-related liver disease; muscle injury; MI (less used),Not clinically used as 'low' marker,Assess hepatocellular vs muscle injury with CK/ALT,Hemolysis can falsely ↑ AST,"Liver;Liver injury;Muscle"
lab_0031,Alkaline phosphatase,die Alkalische Phosphatase,alkalická fosfatáza,ALP,ALP,Liver/Bone,Serum,40–130,U/L,Bile duct and bone isoenzymes,Cholestasis; biliary obstruction; bone disease; pregnancy,Malnutrition; hypothyroidism (sometimes),Cholestasis workup; differentiate liver vs bone with GGT,Age-dependent (high in adolescents),"Liver;Cholestasis;Bone"
lab_0032,Gamma-glutamyltransferase,die Gamma-Glutamyltransferase,gama-glutamyltransferáza,GGT,GGT,Liver,Serum,M: < 60; F: < 40,U/L,Enzyme induced in cholestasis and alcohol use,Cholestasis; alcohol; enzyme-inducing drugs,Not used as 'low' marker,Support hepatic source of ALP elevation,Inducible; not specific,"Liver;Cholestasis"
lab_0033,Bilirubin (total),das Gesamtbilirubin,bilirubín (celkový),TBil,Total bilirubin,Liver,Serum,5–21,µmol/L,Heme breakdown product; processed by liver,Hemolysis; hepatitis; cholestasis; Gilbert syndrome,Not used clinically as 'low' marker,Jaundice evaluation; hemolysis vs cholestasis differentiation,Split into direct/indirect,"Liver;Jaundice;Hemolysis"
lab_0034,Bilirubin (direct),das direkte Bilirubin,bilirubín (priamy),DBil,Conjugated bilirubin,Liver,Serum,< 5,µmol/L,Conjugated fraction excreted in bile,Cholestasis; hepatocellular dysfunction,Not used clinically as 'low' marker,Differentiate conjugated vs unconjugated hyperbilirubinemia,Urine bilirubin positive when conjugated elevated,"Liver;Cholestasis;Jaundice"
lab_0035,Albumin,das Albumin,albumín,Alb,Albumin,Liver/Nutrition,Serum,35–50,g/L,Maintains oncotic pressure; carrier protein,Dehydration,Chronic liver disease; nephrotic syndrome; inflammation; malnutrition,Assess chronic liver function and nutritional status,Acute phase negative reactant,"Liver;Nutrition;CKD"
lab_0036,Prothrombin time / INR,die Prothrombinzeit / das INR,protrombínový čas / INR,PT/INR,Extrinsic coagulation,Coagulation,Citrate plasma,INR 0.8–1.2,(ratio),Vitamin K-dependent clotting factors; hepatic synthesis,Warfarin therapy; liver failure; vitamin K deficiency; DIC,Thrombophilia not inferred by low INR,Bleeding risk; warfarin monitoring; liver synthetic function,Citrate tube must be filled correctly,"Coagulation;Bleeding;Liver"
lab_0037,Total cholesterol,das Gesamtcholesterin,cholesterol (celkový),TC,Cholesterol,Lipids,Serum,< 5.0,mmol/L,"Membranes, steroid hormones, bile acids",Familial hypercholesterolemia; hypothyroidism; nephrotic syndrome,Malnutrition; hyperthyroidism; severe liver disease,CV risk estimation and therapy monitoring,Non-fasting acceptable for TC,"Lipids;ASCVD"
lab_0038,LDL cholesterol,das LDL-Cholesterin,LDL cholesterol,LDL-C,LDL cholesterol,Lipids,Serum,< 3.0,mmol/L,Atherogenic cholesterol carrier,Genetic dyslipidemias; diabetes; hypothyroidism,Intensive lipid-lowering therapy; malnutrition,Primary target for ASCVD prevention,Calculated vs direct measurement,"Lipids;ASCVD"
lab_0039,HDL cholesterol,das HDL-Cholesterin,HDL cholesterol,HDL-C,HDL cholesterol,Lipids,Serum,M: > 1.0; F: > 1.2,mmol/L,Reverse cholesterol transport (protective marker),Often not clinically actionable as 'high' alone,Smoking; metabolic syndrome; hypertriglyceridemia,CV risk profiling,Very high HDL not always protective,"Lipids;ASCVD"
lab_0040,Triglycerides,die Triglyceride,triacylglyceroly,TG,Triglycerides,Lipids,Serum,< 1.7,mmol/L,Energy storage; transported in VLDL/chylomicrons,Diabetes; alcohol; obesity; pancreatitis risk when very high,Malnutrition; hyperthyroidism,Metabolic risk; pancreatitis risk assessment,Fasting preferred for TG,"Lipids;Metabolic syndrome;Pancreatitis"
lab_0041,Thyroid-stimulating hormone,das Thyreoidea-stimulierende Hormon,tyreotropný hormón,TSH,TSH,Endocrine,Serum,0.4–4.0,mIU/L,Pituitary control of thyroid hormone production,Primary hypothyroidism; TSHoma (rare),Hyperthyroidism; pituitary failure; severe illness,First-line thyroid function screening,Interpret with free T4,"Endocrine;Thyroid"
lab_0042,Free thyroxine,das freie Thyroxin,voľný tyroxín,fT4,Free T4,Endocrine,Serum,10–22,pmol/L,Main circulating thyroid hormone prohormone,Hyperthyroidism; thyroid hormone replacement excess,Hypothyroidism; pituitary failure,Characterize hypo/hyperthyroidism with TSH,Biotin can interfere with some assays,"Endocrine;Thyroid"
lab_0043,High-sensitivity troponin,das hochsensitive Troponin,vysoko-senzitívny troponín,hs-cTn,Troponin I/T,Cardiac,Serum/Plasma,Assay-specific (often < 14),ng/L,Contractile protein released with myocardial injury,Acute MI; myocarditis; heart failure; renal failure; sepsis,Not used as 'low' marker,Rule-in/rule-out acute coronary syndrome,Use dynamic change and assay-specific cutoffs,"Cardiac;ACS;ICU"
lab_0044,B-type natriuretic peptide,das B-natriuretische Peptid,B-natriuretický peptid,BNP,BNP,Cardiac,Plasma,< 100,pg/mL,Released with ventricular stretch; natriuresis/vasodilation,Heart failure; renal failure; pulmonary hypertension,Obesity; early HF,Support diagnosis/prognosis in heart failure,Cutoffs depend on age and assay,"Cardiac;Heart failure"
lab_0045,Activated partial thromboplastin time,die aktivierte partielle Thromboplastinzeit,aktivovaný parciálny tromboplastínový čas,aPTT,Intrinsic coagulation,Coagulation,Citrate plasma,25–35,s,Assesses intrinsic/common pathways,Heparin therapy; hemophilia; lupus anticoagulant; DIC,Not generally clinically meaningful,Bleeding disorder workup; heparin monitoring (context-dependent),Preanalytical issues common,"Coagulation;Bleeding"
lab_0046,Fibrinogen,das Fibrinogen,fibrinogén,FIB,Fibrinogen,Coagulation/Inflammation,Citrate plasma,2.0–4.0,g/L,Clot substrate; acute-phase reactant,Inflammation; pregnancy; malignancy,DIC; severe liver disease; massive bleeding,DIC evaluation; bleeding risk; inflammatory state,High fibrinogen increases ESR,"Coagulation;Bleeding;Inflammation"
lab_0047,D-dimer,das D-Dimer,D-dimér,D-dimer,D-dimer,Coagulation,Plasma,< 0.5,mg/L FEU,Fibrin degradation product,VTE/PE; DIC; infection; cancer; pregnancy; post-op,Not used as 'low' marker,Rule-out VTE in low-risk patients; DIC support,Age-adjusted cutoffs often used,"Coagulation;Thrombosis;DIC"
lab_0048,Ferritin,das Ferritin,feritín,Ferritin,Ferritin,Hematology,Serum,M: 30–400; F: 15–150,µg/L,Iron storage protein; acute-phase reactant,Inflammation; iron overload; liver disease,Iron deficiency,Differentiate iron deficiency vs anemia of chronic disease,Inflammation can mask deficiency (ferritin falsely high),"Hematology;Iron studies;Anemia"
lab_0049,Serum iron,das Serum-Eisen,železo v sére,Fe,Iron,Hematology,Serum,10–30,µmol/L,Circulating iron bound to transferrin,Hemolysis; iron overload; supplementation,Iron deficiency; chronic disease,Iron deficiency/overload evaluation,Diurnal variation; fasting morning sample preferred,"Hematology;Iron studies;Anemia"
lab_0050,Transferrin saturation,die Transferrinsättigung,saturácia transferínu,TSAT,Transferrin saturation,Hematology,Serum,20–45,%,Fraction of transferrin bound with iron,Iron overload; supplementation,Iron deficiency; inflammation (functional iron deficiency),Workup of microcytic anemia; hemochromatosis screening,Calculated from iron and TIBC/transferrin,"Hematology;Iron studies;Anemia"
lab_0051,Blood urea nitrogen,der Blutharnstoffstickstoff,močovinový dusík v krvi,BUN,Urea nitrogen,Renal,Serum/Plasma,2.5–7.1,mmol/L,Protein catabolism marker,Dehydration; GI bleed; renal failure,Liver failure; malnutrition,Azotemia evaluation,Unit conventions vary,"Renal;AKI;Hydration"
lab_0052,Uric acid,die Harnsäure,kyselina močová,UA,Uric acid,Metabolism/Renal,Serum,200–420,µmol/L,Purine metabolism end-product,Gout; tumor lysis; renal failure,SIADH; xanthine oxidase inhibitors,Gout and tumor lysis monitoring,Diet affects levels,"Metabolism;Gout;Oncology"
lab_0053,Total protein,das Gesamtprotein,celkové bielkoviny,TP,Total protein,Liver/Nutrition,Serum,60–80,g/L,Albumin + globulins,Dehydration; chronic inflammation,Nephrotic syndrome; liver disease; malnutrition,Nutritional/inflammatory assessment,Interpret with albumin,"Liver;Nutrition;Inflammation"
lab_0054,Lactate dehydrogenase,die Laktatdehydrogenase,laktátdehydrogenáza,LDH,LDH,Tissue injury,Serum,135–225,U/L,Ubiquitous enzyme released with cell injury,Hemolysis; malignancy; tissue infarction,Not used clinically as 'low',Hemolysis/infarction/malignancy support,Hemolysis falsely elevates,"Tissue injury;Hemolysis;Oncology"
lab_0055,Creatine kinase,die Kreatinkinase,kreatínkináza,CK,CK,Muscle,Serum,M: < 190; F: < 170,U/L,Muscle energy metabolism enzyme,Rhabdomyolysis; myositis; trauma; statins,Not used clinically as 'low',Muscle injury and rhabdomyolysis assessment,Exercise elevates,"Muscle;Rhabdomyolysis;ICU"
lab_0056,Amylase,die Amylase,amyláza,AMY,Amylase,Pancreas,Serum,28–100,U/L,Carbohydrate digestion enzyme,Acute pancreatitis; salivary disease; macroamylasemia,Not used as 'low',Pancreatitis workup (with lipase),Less specific than lipase,"Pancreas;Pancreatitis"
lab_0057,Lipase,die Lipase,lipáza,LIP,Lipase,Pancreas,Serum,13–60,U/L,Fat digestion enzyme,Acute pancreatitis; renal failure,Not used as 'low',Pancreatitis diagnosis/monitoring,More specific than amylase,"Pancreas;Pancreatitis"
lab_0058,Lactate,das Laktat,laktát,Lac,Lactate,Perfusion,Arterial/venous blood,0.5–2.2,mmol/L,Marker of anaerobic metabolism,Shock; sepsis; hypoxia; seizures,Not used as 'low',Sepsis/shock severity and resuscitation monitoring,Tourniquet/prolonged stasis can ↑,"Perfusion;Sepsis;Shock"
lab_0059,pH (arterial),der pH-Wert (arteriell),pH (arteriálne),pH,pH,ABG,Arterial blood,7.35–7.45,(pH),Acid-base status,Resp/metabolic alkalosis,Resp/metabolic acidosis,Acid-base evaluation in critical illness,Requires heparinized sample,"ABG;Acid-base;ICU"
lab_0060,pCO₂ (arterial),der pCO₂ (arteriell),pCO₂ (arteriálne),pCO₂,Carbon dioxide partial pressure,ABG,Arterial blood,35–45,mmHg,Ventilation indicator,Hypoventilation; COPD exacerbation,Hyperventilation,Respiratory failure evaluation,Temperature affects values,"ABG;Acid-base;ICU"
lab_0061,pO₂ (arterial),der pO₂ (arteriell),pO₂ (arteriálne),pO₂,Oxygen partial pressure,ABG,Arterial blood,80–100,mmHg,Oxygenation indicator,Supplemental O₂; hyperventilation,"Hypoxemia (lung disease, shunt)",Assess oxygenation and gas exchange,Interpret with FiO₂/A–a gradient,"ABG;ICU;Respiratory"
lab_0062,Urinalysis: protein,das Urinprotein,bielkovina v moči,Prot (U),Protein,Urinalysis,Urine,Negative/trace,(semiquant),Protein loss marker,Glomerular disease; infection; exercise,Not applicable,Kidney disease screening,Dipstick mainly detects albumin,"Urinalysis;Renal;CKD"
lab_0063,Urinalysis: glucose,die Uringlukose,glukóza v moči,Glu (U),Glucose,Urinalysis,Urine,Negative,(semiquant),Glycosuria when plasma glucose exceeds renal threshold,Diabetes; SGLT2 inhibitors,Not applicable,Diabetes and tubular function assessment,SGLT2 inhibitors cause glycosuria,"Urinalysis;Diabetes"
lab_0064,Urinalysis: ketones,die Urinketone,ketolátky v moči,Ket (U),Ketones,Urinalysis,Urine,Negative,(semiquant),Fat metabolism/ketosis marker,DKA; fasting; vomiting,Not applicable,DKA and starvation ketosis support,False positives possible,"Urinalysis;DKA;Diabetes"
lab_0065,Urinalysis: nitrite,das Urinnitrit,nitrit v moči,Nit (U),Nitrite,Urinalysis,Urine,Negative,(qual),Bacterial nitrate reduction marker,Gram-negative UTI,Not applicable,UTI screening,Requires bladder dwell time,"Urinalysis;UTI;Infection"
lab_0066,Urinalysis: leukocyte esterase,die Leukozytenesterase im Urin,leukocytová esteráza v moči,LE (U),Leukocyte esterase,Urinalysis,Urine,Negative,(qual),Marker of pyuria,UTI; inflammation,Not applicable,UTI screening,Contamination can cause positives,"Urinalysis;UTI;Infection"
lab_0067,Vitamin D (25-OH),das 25-OH-Vitamin D,25-OH vitamín D,25(OH)D,25-hydroxyvitamin D,Endocrine/Bone,Serum,50–125,nmol/L,Calcium/phosphate homeostasis; bone health,Supplementation; granulomatous disease (sometimes),Low sunlight; malabsorption; CKD; liver disease,Assess deficiency/osteomalacia risk; monitor replacement,Seasonal variation; assay variability,"Endocrine;Bone;Deficiency"
lab_0068,Parathyroid hormone,das Parathormon,parathormón,PTH,PTH,Endocrine/Bone,Plasma,15–65,pg/mL,Regulates calcium and phosphate via bone/kidney,Primary/secondary hyperparathyroidism; CKD,Hypoparathyroidism; post-thyroidectomy; severe hypomagnesemia,Workup of calcium disorders; CKD mineral bone disease,"Interpret with Ca, PO₄, vit D","Endocrine;Bone;Calcium disorders"
lab_0069,Reticulocyte count,die Retikulozytenzahl,retikulocyty,RET,Hematology,EDTA whole blood,0.5–2.5,%,Young RBC production marker,"Hemolysis; acute bleeding; recovery from anemia","Aplastic anemia; marrow suppression; B12/folate deficiency","Differentiate production vs destruction anemia","Interpret with Hb","Hematology;Anemia;Hemolysis"
lab_0070,Absolute reticulocyte count,die absolute Retikulozytenzahl,absolútny počet retikulocytov,RET abs,Hematology,EDTA whole blood,25–100,×10^9/L,Bone marrow erythropoietic activity,"Hemolysis; bleeding","Bone marrow failure","More accurate anemia evaluation","Preferred over percentage","Hematology;Anemia;Hemolysis"
lab_0071,Mean platelet volume,das mittlere Thrombozytenvolumen,stredný objem trombocytov,MPV,Hematology,EDTA whole blood,7.5–11.5,fL,Platelet size indicator,"ITP; increased platelet turnover","Bone marrow suppression","Assess thrombocytopenia mechanism","High MPV suggests peripheral destruction","Hematology;Bleeding;CBC"
lab_0072,Immature platelet fraction,der Anteil unreifer Thrombozyten,podiel nezrelých trombocytov,IPF,Hematology,EDTA whole blood,1–7,%,Bone marrow platelet production,"Peripheral platelet destruction","Bone marrow failure","Differentiate ITP vs marrow failure","Advanced hematology analyzer required","Hematology;Bleeding;CBC"
lab_0073,Eosinophils (absolute),die Eosinophilen (absolut),eozinofily (absolútne),EOS,Hematology,EDTA whole blood,0.04–0.40,×10^9/L,Allergic and parasitic immune response,"Allergy; parasitosis; asthma; Hodgkin lymphoma","Steroids; acute stress","Allergy and parasitic infection workup","Interpret with clinical context","Hematology;Allergy;Infection"
lab_0074,Basophils (absolute),die Basophilen (absolut),bazofily (absolútne),BASO,Hematology,EDTA whole blood,0.01–0.10,×10^9/L,Inflammatory mediator cells,"Myeloproliferative disorders; CML","Acute infection; stress","Support myeloproliferative diagnosis","Rarely isolated finding","Hematology;Oncology;CBC"
lab_0075,Monocytes (absolute),die Monozyten (absolut),monocyty (absolútne),MONO,Hematology,EDTA whole blood,0.2–0.8,×10^9/L,Phagocytic immune cells,"Chronic infection; inflammation; CMML","Bone marrow suppression","Chronic inflammatory states evaluation","Interpret in differential","Hematology;Inflammation;CBC"
lab_0076,Transferrin,das Transferrin,transferín,TRF,Hematology,Serum,2.0–3.6,g/L,Iron transport protein,"Iron deficiency; pregnancy","Chronic inflammation; liver disease","Iron metabolism assessment","Negative acute-phase reactant","Hematology;Iron studies;Anemia"
lab_0077,Total iron binding capacity,die totale Eisenbindungskapazität,celková väzbová kapacita železa,TIBC,Hematology,Serum,45–72,µmol/L,Indirect measure of transferrin,"Iron deficiency","Chronic disease; malnutrition","Iron deficiency differentiation","Calculated from transferrin","Hematology;Iron studies;Anemia"
lab_0078,Soluble transferrin receptor,der lösliche Transferrinrezeptor,solubilný transferínový receptor,sTfR,Hematology,Serum,0.8–2.2,mg/L,Cellular iron demand marker,"Iron deficiency","Aplastic anemia","Differentiate IDA vs anemia of chronic disease","Not acute-phase reactant","Hematology;Iron studies;Anemia"
lab_0079,Haptoglobin,das Haptoglobin,haptoglobín,Haptoglobin,Hematology,Serum,0.3–2.0,g/L,Binds free hemoglobin,"Inflammation","Hemolysis","Hemolytic anemia evaluation","Decreased in intravascular hemolysis","Hematology;Hemolysis;Anemia"
lab_0080,Direct antiglobulin test,der direkte Coombs-Test,priamy Coombsov test,DAT,Hematology,Whole blood,Negative,(qual),Detects RBC-bound antibodies,"Autoimmune hemolysis","Not applicable","AIHA diagnosis","Also called direct Coombs","Hematology;Hemolysis;Autoimmune"
lab_0081,Indirect antiglobulin test,der indirekte Coombs-Test,nepriamy Coombsov test,IAT,Hematology,Serum,Negative,(qual),Detects circulating RBC antibodies,"Transfusion reaction risk","Not applicable","Pre-transfusion screening","Prenatal testing","Hematology;Transfusion;Blood bank"
lab_0082,Vitamin B12,das Vitamin B12,vitamín B12,B12,Hematology,Serum,150–650,pmol/L,DNA synthesis and neurologic function,"Liver disease; myeloproliferative disease","Pernicious anemia; malabsorption","Macrocytic anemia workup","Borderline values need MMA","Hematology;Anemia;Deficiency"
lab_0083,Folate,das Folat,kyselina listová,Folate,Hematology,Serum,7–45,nmol/L,DNA synthesis,"Supplementation","Malnutrition; alcoholism","Macrocytic anemia evaluation","RBC folate more stable","Hematology;Anemia;Deficiency"
lab_0084,Antithrombin III,das Antithrombin III,antitrombín III,ATIII,Coagulation,Plasma,80–120,%,Natural anticoagulant,"Heparin therapy (functional increase)","Inherited deficiency; DIC; liver disease","Thrombophilia evaluation","Reduced in acute thrombosis","Coagulation;Thrombophilia;Thrombosis"
lab_0085,Protein C,das Protein C,proteín C,Protein C,Coagulation,Plasma,70–140,%,Vitamin K-dependent anticoagulant,"Not clinically relevant","Inherited deficiency; warfarin therapy","Thrombophilia assessment","Measured off warfarin","Coagulation;Thrombophilia;Thrombosis"
lab_0086,Protein S,das Protein S,proteín S,Protein S,Coagulation,Plasma,60–140,%,Cofactor for protein C,"Not clinically relevant","Inherited deficiency; pregnancy; OCP use","Thrombophilia assessment","Free vs total forms","Coagulation;Thrombophilia;Thrombosis"
lab_0087,Factor V Leiden mutation,die Faktor-V-Leiden-Mutation,mutácia faktora V Leiden,FVL,Coagulation,Whole blood,Negative,(genetic),Activated protein C resistance,"Inherited thrombophilia","Not applicable","Recurrent VTE evaluation","Genetic test","Coagulation;Thrombophilia;Genetics"
lab_0088,Homocysteine,das Homocystein,homocysteín,Hcy,Coagulation/Metabolic,Serum,5–15,µmol/L,Methionine metabolism marker,"B12 deficiency; renal failure","Supplementation","Thrombosis risk evaluation","Cardiovascular risk marker","Coagulation;Thrombophilia;Metabolism"
lab_0089,Anti-factor Xa,das Anti-Faktor-Xa,anti-Xa,Anti-Xa,Coagulation,Plasma,Assay-specific,IU/mL,Heparin activity measurement,"Heparin therapy","Subtherapeutic dosing","Monitor LMWH/UFH therapy","Requires timing precision","Coagulation;Anticoagulation;Therapeutic monitoring"
lab_0090,Thrombin time,die Thrombinzeit,trombínový čas,TT,Coagulation,Plasma,14–21,s,Fibrinogen to fibrin conversion,"Heparin; DIC","Not clinically relevant","Assess fibrinogen disorders","Prolonged with heparin","Coagulation;Bleeding;DIC"
lab_0091,Cystatin C,das Cystatin C,cystatín C,Cystatin C,Renal,Serum,0.6–1.2,mg/L,GFR marker independent of muscle mass,"Renal impairment","Hyperthyroidism","Alternative GFR estimation","Useful in elderly","Renal;CKD;AKI"
lab_0092,Urine albumin/creatinine ratio,der Albumin/Kreatinin-Quotient im Urin,pomer albumín/kreatinín v moči,ACR,Renal,Urine,< 3,mg/mmol,Early glomerular damage marker,"Diabetes; hypertension","Not clinically relevant","CKD screening","Spot urine sample","Renal;CKD;Diabetes"
lab_0093,24-hour proteinuria,die 24-h-Proteinurie,24-hodinová proteinúria,Protein 24h,Renal,Urine,< 150,mg/day,Quantifies protein loss,"Nephrotic syndrome","Not clinically relevant","Nephrotic syndrome diagnosis","Collection accuracy important","Renal;CKD;Nephrotic syndrome"
lab_0094,Fractional excretion of sodium,die fraktionelle Natriumausscheidung,frakčná exkrécia sodíka,FENa,Renal,Calculated,< 1,%,Tubular sodium handling,"Intrinsic renal failure (>2%)","Pre-renal azotemia (<1%)","Differentiate AKI cause","Interpret with diuretics carefully","Renal;AKI;Diagnostics"
lab_0095,Fractional excretion of urea,die fraktionelle Harnstoffausscheidung,frakčná exkrécia močoviny,FEUrea,Renal,Calculated,< 35,%,Alternative to FENa in diuretic use,"Intrinsic AKI","Pre-renal azotemia","AKI differentiation","Useful if on diuretics","Renal;AKI;Diagnostics"
lab_0096,Urine sodium,das Urinnatrium,sodík v moči,Na (U),Renal,Urine,20–40,mmol/L,Tubular sodium excretion,"SIADH; intrinsic AKI","Pre-renal states","Hyponatremia evaluation","Interpret with osmolality","Renal;Hyponatremia;Diagnostics"
lab_0097,Urine osmolality,die Urinosmolalität,osmolalita moču,U Osm,Renal,Urine,300–900,mOsm/kg,Urine concentration ability,"SIADH","Diabetes insipidus","Hyponatremia workup","Compare to serum osmolality","Renal;Hyponatremia;Diagnostics"
lab_0098,Serum osmolality,die Serumosmolalität,osmolalita séra,S Osm,Electrolytes,Serum,275–295,mOsm/kg,Plasma solute concentration,"Hypernatremia; hyperglycemia","Hyponatremia","Assess true hypotonic hyponatremia","Calculate osmolar gap","Electrolytes;Hyponatremia;Diagnostics"
lab_0099,Free triiodothyronine,das freie Trijodthyronin,voľný trijódtyronín,fT3,Endocrine,Serum,3.1–6.8,pmol/L,Active thyroid hormone,"Hyperthyroidism","Hypothyroidism","Clarify hyperthyroid states","Less useful in mild hypothyroidism","Endocrine;Thyroid"
lab_0100,Anti-thyroid peroxidase antibodies,die Anti-TPO-Antikörper,anti-TPO protilátky,Anti-TPO,Endocrine,Serum,Negative,(qual),Autoimmune thyroid marker,"Hashimoto; Graves disease","Not clinically relevant","Autoimmune thyroid diagnosis","High in Hashimoto","Endocrine;Thyroid;Autoimmune"
lab_0101,Anti-thyroglobulin antibodies,die Anti-Thyreoglobulin-Antikörper,anti-tyreoglobulínové protilátky,Anti-Tg,Endocrine,Serum,Negative,(qual),Autoimmune thyroid marker,"Autoimmune thyroiditis","Not clinically relevant","Support autoimmune thyroid disease","Interferes with Tg measurement","Endocrine;Thyroid;Autoimmune"
lab_0102,TSH receptor antibodies,die TSH-Rezeptor-Antikörper,protilátky proti TSH receptoru,TRAb,Endocrine,Serum,Negative,(qual),Stimulating/blocking TSH receptor antibodies,"Graves disease","Not clinically relevant","Confirm Graves disease","Predict relapse risk","Endocrine;Thyroid;Autoimmune"
lab_0103,Cortisol (morning),das Kortisol (morgens),kortizol (ráno),Cortisol,Endocrine,Serum,140–690,nmol/L,Stress hormone; metabolism regulator,"Cushing syndrome; stress","Addison disease; pituitary failure","Adrenal function assessment","Circadian variation","Endocrine;Adrenal"
lab_0104,Adrenocorticotropic hormone,das ACTH,adrenokortikotropný hormón,ACTH,Endocrine,Plasma,2–11,pmol/L,Stimulates cortisol production,"Primary adrenal failure","Secondary adrenal insufficiency","Differentiate primary vs secondary AI","Sample handling critical","Endocrine;Adrenal"
lab_0105,Aldosterone,das Aldosteron,aldosterón,Aldosterone,Endocrine,Plasma,100–400,pmol/L,Sodium retention hormone,"Primary hyperaldosteronism","Adrenal insufficiency","Hypertension workup","Interpret with renin","Endocrine;Adrenal;Hypertension"
lab_0106,Plasma renin activity,die Plasma-Renin-Aktivität,plazmatická renínová aktivita,PRA,Endocrine,Plasma,0.5–3.3,ng/mL/h,Renin-angiotensin system marker,"Renal artery stenosis","Primary hyperaldosteronism","Secondary hypertension evaluation","Position dependent","Endocrine;Adrenal;Hypertension"
lab_0107,Aldosterone/renin ratio,das Aldosteron/Renin-Verhältnis,pomer aldosterón/renín,ARR,Endocrine,Calculated,< 20,(ratio),Screening tool for hyperaldosteronism,"Primary aldosteronism","Not clinically relevant","Hypertension screening","Medication interference common","Endocrine;Adrenal;Hypertension"
lab_0108,Luteinizing hormone,das luteinisierende Hormon,luteinizačný hormón,LH,Endocrine,Serum,"M: 1.7–8.6; F variable",IU/L,Gonadal stimulation,"PCOS; menopause","Hypogonadotropic hypogonadism","Infertility workup","Cycle dependent in women","Endocrine;Reproductive;Infertility"
lab_0109,Follicle-stimulating hormone,das follikelstimulierende Hormon,folikulostimulačný hormón,FSH,Endocrine,Serum,"M: 1.5–12.4; F variable",IU/L,Gamete production,"Menopause; gonadal failure","Hypogonadotropic hypogonadism","Infertility evaluation","Cycle dependent","Endocrine;Reproductive;Infertility"
lab_0110,Estradiol,das Estradiol,estradiol,E2,Endocrine,Serum,"F variable; M: 40–160",pmol/L,Primary estrogen hormone,"Ovarian tumors; pregnancy","Menopause; ovarian failure","Reproductive evaluation","Cycle dependent","Endocrine;Reproductive"
lab_0111,Progesterone,das Progesteron,progesterón,Progesterone,Endocrine,Serum,"F variable",nmol/L,Luteal phase hormone,"Pregnancy","Luteal phase defect","Ovulation assessment","Cycle timing important","Endocrine;Reproductive;Infertility"
lab_0112,Testosterone,das Testosteron,testosterón,Testosterone,Endocrine,Serum,"M: 8–30; F: 0.5–2.5",nmol/L,Primary androgen,"PCOS; tumors","Hypogonadism","Androgen disorders","Morning sample preferred","Endocrine;Reproductive"
lab_0113,Prolactin,das Prolaktin,prolaktín,PRL,Endocrine,Serum,100–500,mIU/L,Lactation hormone,"Prolactinoma; stress","Pituitary failure","Amenorrhea workup","Stress sensitive","Endocrine;Reproductive;Pituitary"
lab_0114,Beta-hCG,das Beta-hCG,beta-hCG,β-hCG,Endocrine,Serum,< 5,IU/L,Pregnancy marker,"Pregnancy; trophoblastic disease","Not applicable","Pregnancy confirmation; tumor marker","Also oncology marker","Endocrine;Pregnancy;Oncology"
lab_0115,Insulin,das Insulin,inzulín,Insulin,Endocrine,Serum,2–25,µIU/mL,Glucose regulation hormone,"Insulinoma; insulin resistance","Type 1 diabetes","Hyperinsulinemia evaluation","Interpret with glucose","Endocrine;Diabetes"
lab_0116,C-peptide,das C-Peptid,C-peptid,C-peptide,Endocrine,Serum,0.3–2.0,nmol/L,Endogenous insulin production marker,"Insulinoma","Type 1 diabetes","Differentiate endogenous vs exogenous insulin","Measured with insulin","Endocrine;Diabetes"
lab_0117,Oral glucose tolerance test,der orale Glukosetoleranztest,orálny glukózový tolerančný test,OGTT,Endocrine,Plasma,< 7.8,mmol/L (2h),Glucose metabolism assessment,"Diabetes","Not applicable","Diagnose diabetes/prediabetes","75g glucose load","Endocrine;Diabetes"
lab_0118,Ammonia,das Ammoniak,amoniak,Ammonia,Liver,Plasma,11–35,µmol/L,Nitrogen metabolism marker,"Liver failure; urea cycle defects","Not clinically relevant","Hepatic encephalopathy assessment","Sample handling critical","Liver;Hepatic encephalopathy;ICU"
lab_0119,Ceruloplasmin,das Coeruloplasmin,ceruloplazmín,Ceruloplasmin,Liver,Serum,0.2–0.6,g/L,Copper transport protein,"Inflammation","Wilson disease","Wilson disease evaluation","Acute-phase reactant","Liver;Wilson disease;Metabolism"
lab_0120,Alpha-1 antitrypsin,das Alpha-1-Antitrypsin,alfa-1-antitrypsín,A1AT,Liver,Serum,0.9–2.0,g/L,Protease inhibitor,"Inflammation","A1AT deficiency","Liver/lung disease evaluation","Genetic deficiency","Liver;Genetics;Pulmonology"
lab_0121,Anti-mitochondrial antibodies,die Anti-Mitochondrien-Antikörper,anti-mitochondriálne protilátky,AMA,Liver,Serum,Negative,(qual),Autoimmune cholestasis marker,"Primary biliary cholangitis","Not applicable","Cholestatic liver disease diagnosis","High specificity","Liver;Autoimmune;Cholestasis"
lab_0122,Anti-smooth muscle antibodies,die Anti-Glattmuskel-Antikörper,anti-hladkosvalové protilátky,ASMA,Liver,Serum,Negative,(qual),Autoimmune hepatitis marker,"Autoimmune hepatitis","Not applicable","Hepatitis evaluation","Supportive test","Liver;Autoimmune;Liver injury"
lab_0123,Base excess,der Base Excess,bázový exces,BE,ABG,Arterial blood,-2 to +2,mmol/L,Metabolic acid-base component,"Metabolic alkalosis","Metabolic acidosis","Acid-base interpretation","Calculated parameter","ABG;Acid-base;ICU"
lab_0124,Mixed venous oxygen saturation,die gemischtvenöse Sauerstoffsättigung,zmiešaná venózna saturácia kyslíkom,SvO₂,ICU,Venous blood,60–80,%,Global oxygen balance indicator,"High-output states","Shock; hypoperfusion","Hemodynamic monitoring","Central line sample","ICU;Shock;Perfusion"
lab_0125,Procalcitonin clearance,die Prokalzitonin-Clearance,klírens prokalcitonínu,PCT clearance,ICU,Calculated,> 30,%,Sepsis treatment response marker,"Treatment response","Poor response","Sepsis monitoring","Trend-based parameter","ICU;Sepsis;Therapy monitoring"
lab_0126,Interleukin-6,das Interleukin-6,interleukín-6,IL-6,Inflammation,Serum,< 7,pg/mL,Cytokine mediator,"Sepsis; cytokine storm","Not clinically relevant","Severe inflammation monitoring","Research/ICU use","Inflammation;ICU;Sepsis"
lab_0127,Serum ketones (β-hydroxybutyrate),das Beta-Hydroxybutyrat,beta-hydroxybutyrát,BHB,Metabolism,Serum,< 0.6,mmol/L,Ketone body marker,"DKA; starvation","Not clinically relevant","DKA diagnosis","More reliable than urine ketones","Metabolism;DKA;Diabetes"
lab_0128,Prostate-specific antigen,das prostataspezifische Antigen,prostatický špecifický antigén,PSA,Oncology,Serum,< 4.0,µg/L,Prostate epithelium protein,"Prostate cancer; BPH; prostatitis","Not clinically relevant","Prostate cancer screening/monitoring","Age-adjusted ranges preferred","Oncology;Tumor marker;Urology"
lab_0129,Carcinoembryonic antigen,das carcinoembryonale Antigen,karcinoembryonálny antigén,CEA,Oncology,Serum,< 5.0,µg/L,Tumor-associated glycoprotein,"Colorectal cancer; smoking; inflammation","Not clinically relevant","Colorectal cancer monitoring","Not screening test","Oncology;Tumor marker;Gastroenterology"
lab_0130,Alpha-fetoprotein,das Alpha-Fetoprotein,alfa-fetoproteín,AFP,Oncology,Serum,< 10,µg/L,Fetal plasma protein marker,"Hepatocellular carcinoma; germ cell tumors","Not clinically relevant","HCC and germ cell tumor monitoring","Also used in prenatal screening","Oncology;Tumor marker;Liver"
lab_0131,CA-125,das CA-125,CA-125,CA-125,Oncology,Serum,< 35,U/mL,Ovarian tumor marker,"Ovarian cancer; endometriosis","Not clinically relevant","Ovarian cancer monitoring","Low specificity","Oncology;Tumor marker;Gynecology"
lab_0132,CA 19-9,das CA 19-9,CA 19-9,CA19-9,Oncology,Serum,< 37,U/mL,Pancreatic tumor marker,"Pancreatic cancer; cholestasis","Not clinically relevant","Pancreatic cancer monitoring","Elevated in benign cholestasis","Oncology;Tumor marker;Pancreas"
lab_0133,Beta-2 microglobulin,das Beta-2-Mikroglobulin,beta-2-mikroglobulín,β2M,Oncology,Serum,0.7–1.8,mg/L,MHC class I component,"Multiple myeloma; lymphoma; renal failure","Not clinically relevant","Myeloma prognosis","Renal function affects levels","Oncology;Hematology;Tumor marker"
lab_0134,Antinuclear antibodies,die antinukleären Antikörper,antinukleárne protilátky,ANA,Autoimmune,Serum,Negative,(titer),Autoimmune screening marker,"SLE; autoimmune diseases","Not applicable","Autoimmune screening","Low specificity","Autoimmune;Rheumatology"
lab_0135,Anti-double-stranded DNA antibodies,die Anti-dsDNA-Antikörper,anti-dsDNA protilátky,Anti-dsDNA,Autoimmune,Serum,Negative,(qual),SLE-specific antibody,"Systemic lupus erythematosus","Not applicable","SLE monitoring","Correlates with disease activity","Autoimmune;SLE;Rheumatology"
lab_0136,Anti-cyclic citrullinated peptide,die Anti-CCP-Antikörper,anti-CCP protilátky,Anti-CCP,Autoimmune,Serum,Negative,(qual),Rheumatoid arthritis marker,"Rheumatoid arthritis","Not applicable","RA diagnosis","High specificity","Autoimmune;Rheumatology;RA"
lab_0137,Rheumatoid factor,der Rheumafaktor,reumatoidný faktor,RF,Autoimmune,Serum,< 14,IU/mL,Autoantibody against IgG Fc,"RA; chronic infection","Not clinically relevant","Rheumatoid arthritis evaluation","Low specificity","Autoimmune;Rheumatology;RA"
lab_0138,ANCA (c-ANCA),das c-ANCA,c-ANCA,c-ANCA,Autoimmune,Serum,Negative,(qual),PR3 antibody marker,"Granulomatosis with polyangiitis","Not applicable","Vasculitis diagnosis","Subtype important","Autoimmune;Vasculitis"
lab_0139,ANCA (p-ANCA),das p-ANCA,p-ANCA,p-ANCA,Autoimmune,Serum,Negative,(qual),MPO antibody marker,"Microscopic polyangiitis","Not applicable","Vasculitis diagnosis","Subtype important","Autoimmune;Vasculitis"
lab_0140,Complement C3,der Komplementfaktor C3,komplement C3,C3,Autoimmune,Serum,0.9–1.8,g/L,Complement cascade protein,"Inflammation","SLE; complement consumption","Autoimmune activity monitoring","Interpret with C4","Autoimmune;SLE;Rheumatology"
lab_0141,Complement C4,der Komplementfaktor C4,komplement C4,C4,Autoimmune,Serum,0.1–0.4,g/L,Complement cascade protein,"Inflammation","SLE; complement consumption","Autoimmune activity monitoring","Used in SLE activity","Autoimmune;SLE;Rheumatology"
lab_0142,Hepatitis B surface antigen,das HBs-Antigen,HBs antigén,HBsAg,Infectious,Serum,Negative,(qual),HBV infection marker,"Active HBV infection","Not applicable","HBV screening","Part of HBV panel","Infectious;HBV;Screening"
lab_0143,Anti-HBs antibodies,die Anti-HBs-Antikörper,anti-HBs protilátky,Anti-HBs,Infectious,Serum,> 10,IU/L,HBV immunity marker,"Vaccination; past infection","Not applicable","Assess HBV immunity","Protective if >10","Infectious;HBV;Immunity"
lab_0144,Anti-HBc antibodies,die Anti-HBc-Antikörper,anti-HBc protilátky,Anti-HBc,Infectious,Serum,Negative,(qual),Past HBV exposure marker,"Past/ongoing infection","Not applicable","HBV status evaluation","IgM vs IgG important","Infectious;HBV;Diagnostics"
lab_0145,Anti-HCV antibodies,die Anti-HCV-Antikörper,anti-HCV protilátky,Anti-HCV,Infectious,Serum,Negative,(qual),HCV exposure marker,"HCV infection","Not applicable","HCV screening","Confirm with PCR","Infectious;HCV;Screening"
lab_0146,HIV antigen/antibody combo,der HIV Ag/AK-Test,HIV Ag/Ab test,HIV Ag/Ab,Infectious,Serum,Negative,(qual),HIV infection screening,"HIV infection","Not applicable","HIV screening","4th generation test","Infectious;HIV;Screening"
lab_0147,Cytomegalovirus IgM,das CMV-IgM,CMV IgM,CMV IgM,Infectious,Serum,Negative,(qual),Acute CMV infection marker,"Acute CMV","Not applicable","CMV diagnosis","Interpret with IgG","Infectious;CMV;Serology"
lab_0148,Epstein-Barr virus VCA IgM,das EBV-VCA-IgM,EBV VCA IgM,EBV IgM,Infectious,Serum,Negative,(qual),Acute EBV infection marker,"Infectious mononucleosis","Not applicable","EBV diagnosis","Serology pattern important","Infectious;EBV;Serology"
lab_0149,Ethanol,das Ethanol,etanol,Ethanol,Toxicology,Serum,< 0.1,g/L,Alcohol intoxication marker,"Acute alcohol intake","Not applicable","Assess intoxication","Legal relevance","Toxicology;Overdose;Emergency"
lab_0150,Paracetamol level,der Paracetamolspiegel,hladina paracetamolu,Paracetamol,Toxicology,Serum,Undetectable,µmol/L,Drug toxicity marker,"Overdose","Not applicable","Assess overdose risk","Interpret with nomogram","Toxicology;Overdose;Emergency"
lab_0151,Salicylate level,der Salicylatspiegel,hladina salicylátov,Salicylate,Toxicology,Serum,< 100,mg/L,Aspirin toxicity marker,"Overdose","Not applicable","Salicylate poisoning assessment","Serial measurements needed","Toxicology;Overdose;Emergency"
lab_0152,CSF glucose,die Liquorglukose,glukóza v likvore,CSF Glucose,Neurology,CSF,2.2–4.4,mmol/L,CSF metabolism marker,"Not clinically relevant","Bacterial meningitis","Meningitis evaluation","Compare with serum glucose","Neurology;Meningitis;Infection"
lab_0153,CSF protein,das Liquorprotein,bielkovina v likvore,CSF Protein,Neurology,CSF,0.15–0.45,g/L,BBB integrity marker,"Infection; inflammation; tumor","Not clinically relevant","Neurologic disease evaluation","Elevated in GBS","Neurology;Meningitis;Inflammation"
lab_0154,CSF white cell count,die Liquorleukozyten,leukocyty v likvore,CSF WBC,Neurology,CSF,< 5,×10^6/L,CSF inflammation marker,"Meningitis; encephalitis","Not applicable","CNS infection diagnosis","Cell differential important","Neurology;Meningitis;Infection"
lab_0155,ABO blood group,das AB0-Blutgruppensystem,krvná skupina ABO,ABO,Transfusion,Whole blood,A/B/AB/O,(qual),Blood group classification,"Not applicable","Not applicable","Transfusion compatibility","Mandatory before transfusion","Transfusion;Blood bank"
lab_0156,Rh factor,der Rhesusfaktor,Rh faktor,RhD,Transfusion,Whole blood,Positive/Negative,(qual),Rh blood group antigen,"Not applicable","Not applicable","Transfusion compatibility","Important in pregnancy","Transfusion;Blood bank;Pregnancy"
lab_0157,Antibody screen,der Antikörpersuchtest,skríning protilátok,Antibody screen,Transfusion,Serum,Negative,(qual),Detects irregular antibodies,"Alloimmunization","Not applicable","Pre-transfusion testing","Essential for crossmatch","Transfusion;Blood bank"
