muscle_region_en,muscle_region_sk,muscle_region_ge,muscle_category_en,muscle_category_sk,muscle_category_ge,latin_muscle_name,english_muscle_name,muscle_part,innervation,blood_supply,origo,insercio,movement_function
Muscles of the Head,Svaly hlavy,Kopfmuskeln,Extra-ocular muscles,Extraokulárne svaly,Extraokuläre Muskeln,Musculus rectus superior,Superior rectus muscle,,Superior division of oculomotor nerve (CN III),Superior muscular branches of ophthalmic artery,Common tendinous ring (annulus of Zinn),Superior surface of eyeball,"Elevates, adducts, and medially rotates the eyeball"
Muscles of the Head,Svaly hlavy,Kopfmuskeln,Extra-ocular muscles,Extraokulárne svaly,Extraokuläre Muskeln,Musculus rectus inferior,Inferior rectus muscle,,Inferior division of oculomotor nerve (CN III),Inferior muscular branches of ophthalmic artery,Common tendinous ring,Inferior surface of eyeball,"Depresses, adducts, and laterally rotates the eyeball"
Muscles of the Head,Svaly hlavy,Kopfmuskeln,Extra-ocular muscles,Extraokulárne svaly,Extraokuläre Muskeln,Musculus rectus medialis,Medial rectus muscle,,Inferior division of oculomotor nerve (CN III),Medial muscular branches of ophthalmic artery,Common tendinous ring,Medial surface of eyeball,Adducts the eyeball
Muscles of the Head,Svaly hlavy,Kopfmuskeln,Extra-ocular muscles,Extraokulárne svaly,Extraokuläre Muskeln,Musculus rectus lateralis,Lateral rectus muscle,Lacertus musculi recti lateralis (check ligament),Abducens nerve (CN VI),Lateral muscular branches of ophthalmic artery,Common tendinous ring,Lateral surface of eyeball,Abducts the eyeball
Muscles of the Head,Svaly hlavy,Kopfmuskeln,Extra-ocular muscles,Extraokulárne svaly,Extraokuläre Muskeln,Musculus obliquus superior,Superior oblique muscle,Trochlea musculi obliqui superioris,Trochlear nerve (CN IV),Superior muscular branches of ophthalmic artery,Body of sphenoid (above common tendinous ring),Through trochlea to superior lateral eyeball,"Depresses, abducts, and medially rotates the eyeball"
Muscles of the Head,Svaly hlavy,Kopfmuskeln,Extra-ocular muscles,Extraokulárne svaly,Extraokuläre Muskeln,Musculus obliquus inferior,Inferior oblique muscle,,Inferior division of oculomotor nerve (CN III),Infraorbital artery; muscular branches,Anterior medial floor of orbit,Inferior lateral surface of eyeball,"Elevates, abducts, and laterally rotates the eyeball"
Muscles of the Head,Svaly hlavy,Kopfmuskeln,Extra-ocular muscles,Extraokulárne svaly,Extraokuläre Muskeln,Musculus levator palpebrae superioris,Levator palpebrae superioris muscle,,Superior division of oculomotor nerve (CN III),Ophthalmic artery branches,Lesser wing of sphenoid (near optic foramen),Superior tarsal plate of upper eyelid,Elevates upper eyelid
Muscles of the Head,Svaly hlavy,Kopfmuskeln,Superficial muscles of head,Povrchové svaly hlavy,Oberflächliche Kopfmuskeln,Musculus epicranius,Epicranius muscle,,,,,
Muscles of the Head,Svaly hlavy,Kopfmuskeln,Superficial muscles of head,Povrchové svaly hlavy,Oberflächliche Kopfmuskeln,Musculus occipitofrontalis,Occipitofrontalis muscle,"Venter frontalis,Venter occipitalis",Facial nerve (CN VII),Supraorbital and supratrochlear arteries; occipital artery,"Epicranial aponeurosis (frontal belly), occipital bone (occipital belly)","Skin of forehead (frontal belly), epicranial aponeurosis (occipital belly)",Raises eyebrows and wrinkles forehead
Muscles of the Head,Svaly hlavy,Kopfmuskeln,Superficial muscles of head,Povrchové svaly hlavy,Oberflächliche Kopfmuskeln,Musculus temporoparietalis,Temporoparietalis muscle,,Facial nerve (CN VII),Superficial temporal artery,Auricular muscles,Galea aponeurotica,Tenses galea aponeurotica
Muscles of the Head,Svaly hlavy,Kopfmuskeln,Muscles of mastication,Žuvacie svaly,Kaumuskeln,Musculus masseter,Masseter muscle,,Mandibular branch of trigeminal nerve (CN V3),Masseteric artery (branch of maxillary artery),Zygomatic arch; maxillary process of zygomatic bone,Lateral surface of ramus and angle of mandible,Elevates and protrudes the mandible
Muscles of the Head,Svaly hlavy,Kopfmuskeln,Muscles of mastication,Žuvacie svaly,Kaumuskeln,Musculus temporalis,Temporalis muscle,,Deep temporal nerves from mandibular nerve (CN V3),Deep temporal arteries (branches of maxillary artery),Temporal fossa and temporal fascia,Coronoid process and anterior border of mandibular ramus,Elevates and retracts the mandible
Muscles of the Head,Svaly hlavy,Kopfmuskeln,Muscles of mastication,Žuvacie svaly,Kaumuskeln,Musculus pterygoideus medialis,Medial pterygoid muscle,"Caput profundum,Caput superficiale",Medial pterygoid nerve from mandibular nerve (CN V3),Pterygoid branches of maxillary artery,Medial surface of lateral pterygoid plate; maxillary tuberosity,Medial surface of mandibular angle,Elevates and protrudes the mandible; assists in side-to-side movements
Muscles of the Head,Svaly hlavy,Kopfmuskeln,Muscles of mastication,Žuvacie svaly,Kaumuskeln,Musculus pterygoideus lateralis,Lateral pterygoid muscle,"Caput superius,Caput inferius",Lateral pterygoid nerve from mandibular nerve (CN V3),Pterygoid branches of maxillary artery,Infratemporal surface and crest of greater wing of sphenoid; lateral surface of lateral pterygoid plate,Pterygoid fovea on neck of mandible; articular disc and capsule of temporomandibular joint,Protrudes mandible; depresses chin; side-to-side movement
Muscles of the Head,Svaly hlavy,Kopfmuskeln,Muscles of mastication,Žuvacie svaly,Kaumuskeln,Musculus pterygoideus lateralis,Lateral pterygoid muscle,,Lateral pterygoid nerve from mandibular nerve (CN V3),Pterygoid branches of maxillary artery,Infratemporal surface and crest of greater wing of sphenoid; lateral surface of lateral pterygoid plate,Pterygoid fovea on neck of mandible; articular disc and capsule of temporomandibular joint,Protrudes mandible; depresses chin; side-to-side movement
Muscles of the Head,Svaly hlavy,Kopfmuskeln,Facial muscles,Mimické svaly,Mimische Muskeln,Musculus auricularis anterior,Anterior auricular muscle,,Temporal branch of facial nerve (CN VII),Auricular branches of posterior auricular and superficial temporal arteries,Temporal fascia,Helix of the ear,Draws ear upward and forward
Muscles of the Head,Svaly hlavy,Kopfmuskeln,Facial muscles,Mimické svaly,Mimische Muskeln,Musculus auricularis superior,Superior auricular muscle,,Temporal branch of facial nerve (CN VII),Auricular branches of posterior auricular and superficial temporal arteries,Galea aponeurotica,Upper part of auricle,Elevates the ear
Muscles of the Head,Svaly hlavy,Kopfmuskeln,Facial muscles,Mimické svaly,Mimische Muskeln,Musculus auricularis posterior,Posterior auricular muscle,,Posterior auricular nerve (branch of CN VII),Auricular branches of posterior auricular artery,Mastoid process,Posterior part of auricle,Draws ear backward
Muscles of the Head,Svaly hlavy,Kopfmuskeln,Facial muscles,Mimické svaly,Mimische Muskeln,Musculus helicis major,Major helicis muscle,,Facial nerve (CN VII),Posterior auricular artery,Auricular cartilage of helix,Auricular cartilage of helix,Minor shaping of the auricle
Muscles of the Head,Svaly hlavy,Kopfmuskeln,Facial muscles,Mimické svaly,Mimische Muskeln,Musculus helicis minor,Minor helicis muscle,,Facial nerve (CN VII),Posterior auricular artery,Auricular cartilage of helix,Auricular cartilage of helix,Minor shaping of the auricle
Muscles of the Head,Svaly hlavy,Kopfmuskeln,Facial muscles,Mimické svaly,Mimische Muskeln,Musculus tragicus,Tragicus muscle,,Facial nerve (CN VII),Posterior auricular artery,Auricular cartilage of tragus,Auricular cartilage of tragus,Assists in narrowing of the external acoustic meatus
Muscles of the Head,Svaly hlavy,Kopfmuskeln,Facial muscles,Mimické svaly,Mimische Muskeln,Musculus antitragicus,Antitragicus muscle,,Facial nerve (CN VII),Posterior auricular artery,Auricular cartilage of antitragus,Auricular cartilage of antitragus,Assists in shaping and stabilization of the auricle
Muscles of the Head,Svaly hlavy,Kopfmuskeln,Facial muscles,Mimické svaly,Mimische Muskeln,Musculus transversus auriculae,Transverse auricular muscle,,Facial nerve (CN VII),Posterior auricular artery,Posterior surface of auricular cartilage,Posterior surface of auricular cartilage,Draws parts of the auricle together
Muscles of the Head,Svaly hlavy,Kopfmuskeln,Facial muscles,Mimické svaly,Mimische Muskeln,Musculus obliquus auriculae,Oblique auricular muscle,,Facial nerve (CN VII),Posterior auricular artery,Posterior surface of auricular cartilage,Posterior surface of auricular cartilage,Minor adjustment of auricular shape
Muscles of the Head,Svaly hlavy,Kopfmuskeln,Facial muscles,Mimické svaly,Mimische Muskeln,Musculus corrugator supercilii,Corrugator supercilii muscle,,Temporal branch of facial nerve (CN VII),Supratrochlear and supraorbital arteries,Medial end of superciliary arch,Skin of eyebrow,Draws eyebrows medially and downward
Muscles of the Head,Svaly hlavy,Kopfmuskeln,Facial muscles,Mimické svaly,Mimische Muskeln,Musculus procerus,Procerus muscle,,Temporal branch of facial nerve (CN VII),Facial artery,Nasal bone and lateral nasal cartilage,Skin of glabella,Wrinkles skin over the bridge of nose
Muscles of the Head,Svaly hlavy,Kopfmuskeln,Facial muscles,Mimické svaly,Mimische Muskeln,Musculus nasalis,Nasalis muscle,"Pars transversa, Pars alaris",Facial nerve (CN VII),Facial artery; lateral nasal artery,Maxilla lateral to nasal aperture,Nasal cartilage,Compresses or dilates nostrils
Muscles of the Head,Svaly hlavy,Kopfmuskeln,Facial muscles,Mimické svaly,Mimische Muskeln,Musculus depressor septi nasi,Depressor septi nasi muscle,,Facial nerve (CN VII),Superior labial artery,Incisive fossa of maxilla,Nasal septum and alar cartilage,Depresses nasal septum and assists in opening nostrils
Muscles of the Head,Svaly hlavy,Kopfmuskeln,Facial muscles,Mimické svaly,Mimische Muskeln,Musculus orbicularis oculi,Orbicularis oculi muscle,"Pars palpebralis,Pars orbitalis",Temporal and zygomatic branches of facial nerve (CN VII),"Facial, superficial temporal, ophthalmic arteries","Medial orbital margin, lacrimal bone","Skin around the orbit, tarsal plate",Closes the eyelids
Muscles of the Head,Svaly hlavy,Kopfmuskeln,Facial muscles,Mimické svaly,Mimische Muskeln,Musculus levator labii superioris,Levator labii superioris muscle,,Facial nerve (CN VII),Facial artery; infraorbital artery,Infraorbital margin of maxilla,Skin of upper lip,Elevates upper lip
Muscles of the Head,Svaly hlavy,Kopfmuskeln,Facial muscles,Mimické svaly,Mimische Muskeln,Musculus levator labii superioris alaeque nasi,Levator labii superioris alaeque nasi muscle,,Facial nerve (CN VII),Facial artery; angular artery,Frontal process of maxilla,Upper lip and nasal ala,Elevates upper lip and dilates nostril
Muscles of the Head,Svaly hlavy,Kopfmuskeln,Facial muscles,Mimické svaly,Mimische Muskeln,Musculus zygomaticus minor,Zygomaticus minor muscle,,Facial nerve (CN VII),Facial artery,Zygomatic bone,Upper lip,Elevates upper lip
Muscles of the Head,Svaly hlavy,Kopfmuskeln,Facial muscles,Mimické svaly,Mimische Muskeln,Musculus zygomaticus major,Zygomaticus major muscle,,Facial nerve (CN VII),Facial artery,Zygomatic bone,Angle of mouth,Draws angle of mouth superolaterally (smiling)
Muscles of the Head,Svaly hlavy,Kopfmuskeln,Facial muscles,Mimické svaly,Mimische Muskeln,Musculus levator anguli oris,Levator anguli oris muscle,,Facial nerve (CN VII),Facial artery,Canine fossa of maxilla,Angle of mouth,Elevates angle of mouth
Muscles of the Head,Svaly hlavy,Kopfmuskeln,Facial muscles,Mimické svaly,Mimische Muskeln,Musculus risorius,Risorius muscle,,Facial nerve (CN VII),Facial artery; transverse facial artery,Parotid fascia and masseteric fascia,Angle of mouth,Retracts angle of mouth laterally
Muscles of the Head,Svaly hlavy,Kopfmuskeln,Facial muscles,Mimické svaly,Mimische Muskeln,Musculus buccinator,Buccinator muscle,,Facial nerve (CN VII),Buccal artery; facial artery,Alveolar processes of maxilla and mandible; pterygomandibular raphe,Angle of mouth and orbicularis oris,Presses cheek against teeth
Muscles of the Head,Svaly hlavy,Kopfmuskeln,Facial muscles,Mimické svaly,Mimische Muskeln,Musculus orbicularis oris,Orbicularis oris muscle,,Facial nerve (CN VII),Superior and inferior labial arteries,Medial maxilla and mandible; modiolus,Skin of lips,Closes and protrudes lips
Muscles of the Head,Svaly hlavy,Kopfmuskeln,Facial muscles,Mimické svaly,Mimische Muskeln,Musculus depressor anguli oris,Depressor anguli oris muscle,,Facial nerve (CN VII),Facial artery,Base of mandible,Angle of mouth,Depresses angle of mouth
Muscles of the Head,Svaly hlavy,Kopfmuskeln,Facial muscles,Mimické svaly,Mimische Muskeln,Musculus depressor labii inferioris,Depressor labii inferioris muscle,,Facial nerve (CN VII),Inferior labial artery,Mandible below mental foramen,Lower lip,Depresses lower lip
Muscles of the Head,Svaly hlavy,Kopfmuskeln,Facial muscles,Mimické svaly,Mimische Muskeln,Musculus mentalis,Mentalis muscle,,Facial nerve (CN VII),Inferior labial artery,Incisive fossa of mandible,Skin of chin,Elevates and protrudes lower lip
Middle Ear Muscles,Svaly stredného ucha,Mittelohrmuskeln,Auditory muscles,Svaly sluchového aparátu,Mittelohrmuskeln,Musculus stapedius,Stapedius muscle,,Facial nerve (CN VII),Posterior auricular artery,Prominence of facial canal,Neck of stapes,Dampens stapes vibrations
Middle Ear Muscles,Svaly stredného ucha,Mittelohrmuskeln,Auditory muscles,Svaly sluchového aparátu,Mittelohrmuskeln,Musculus tensor tympani,Tensor tympani muscle,,Mandibular nerve (V3),Maxillary artery,Cartilaginous part of auditory tube,Handle of malleus,Tenses tympanic membrane
Muscles of the Tongue,Svaly jazyka,Zungenmuskeln,Tongue muscles,Svaly jazyka,Zungenmuskeln,Musculus genioglossus,Genioglossus muscle,,Hypoglossal nerve (CN XII),Lingual artery,Mental spine of mandible,Entire length of tongue and body of hyoid bone,Protrudes and depresses tongue
Muscles of the Tongue,Svaly jazyka,Zungenmuskeln,Tongue muscles,Svaly jazyka,Zungenmuskeln,Musculus hyoglossus,Hyoglossus muscle,,Hypoglossal nerve (CN XII),Lingual artery,Body and greater horn of hyoid bone,Side of tongue,Depresses and retracts tongue
Muscles of the Tongue,Svaly jazyka,Zungenmuskeln,Tongue muscles,Svaly jazyka,Zungenmuskeln,Musculus styloglossus,Styloglossus muscle,,Hypoglossal nerve (CN XII),Lingual artery,Styloid process of temporal bone,Side of tongue,Retracts and elevates tongue
Muscles of the Tongue,Svaly jazyka,Zungenmuskeln,Tongue muscles,Svaly jazyka,Zungenmuskeln,Musculus longitudinalis superior linguae,Superior longitudinal muscle of tongue,,Hypoglossal nerve (CN XII),Lingual artery,Submucosa of tongue root and fibrous septum,Margins and apex of tongue,Shortens tongue and curls apex upward
Muscles of the Tongue,Svaly jazyka,Zungenmuskeln,Tongue muscles,Svaly jazyka,Zungenmuskeln,Musculus longitudinalis inferior linguae,Inferior longitudinal muscle of tongue,,Hypoglossal nerve (CN XII),Lingual artery,Root of tongue,Apex of tongue,Shortens tongue and curls apex downward
Muscles of the Tongue,Svaly jazyka,Zungenmuskeln,Tongue muscles,Svaly jazyka,Zungenmuskeln,Musculus transversus linguae,Transverse muscle of tongue,,Hypoglossal nerve (CN XII),Lingual artery,Median fibrous septum,Side margins of tongue,Narrows and elongates tongue
Muscles of the Tongue,Svaly jazyka,Zungenmuskeln,Tongue muscles,Svaly jazyka,Zungenmuskeln,Musculus verticalis linguae,Vertical muscle of tongue,,Hypoglossal nerve (CN XII),Lingual artery,Dorsal surface of tongue,Inferior surface of tongue,Flattens and broadens tongue
Muscles of the Neck,Svaly krku,Nackenmuskeln,Superficial neck muscles,Povrchové svaly krku,Oberflächliche Halsmuskeln,Platysma,Platysma muscle,,Facial nerve (CN VII),Submental and supraclavicular branches of facial artery,Fascia over pectoralis major and deltoid,Lower border of mandible and skin of lower face,Tenses skin of neck and depresses mandible
Muscles of the Neck,Svaly krku,Nackenmuskeln,Deep anterior cervical muscles,Hlboké predné svaly krku,Tiefe vordere Halsmuskeln,Musculus longus colli,Longus colli muscle,,Cervical spinal nerves (C2-C6),Vertebral artery and ascending cervical artery,Bodies and transverse processes of C3-T3 vertebrae,Bodies and transverse processes of C1-C6 vertebrae,Flexes and stabilizes cervical spine
Muscles of the Neck,Svaly krku,Nackenmuskeln,Deep anterior cervical muscles,Hlboké predné svaly krku,Tiefe vordere Halsmuskeln,Musculus longus capitis,Longus capitis muscle,,Cervical spinal nerves (C1-C3),Ascending pharyngeal artery,Transverse processes of C3-C6 vertebrae,Basilar part of occipital bone,Flexes head and upper cervical spine
Muscles of the Neck,Svaly krku,Nackenmuskeln,Suboccipital / prevertebral muscles,Subokcipitálne / prevertebrálne svaly,Subokzipitale / prävertebrale Muskeln,Musculus rectus anterior capitis,Rectus anterior capitis muscle,,Cervical spinal nerves (C1-C2),Vertebral artery,Lateral mass of atlas (C1),Basilar part of occipital bone,Flexes head at atlanto-occipital joint
Muscles of the Neck,Svaly krku,Nackenmuskeln,Suboccipital / prevertebral muscles,Subokcipitálne / prevertebrálne svaly,Subokzipitale / prävertebrale Muskeln,Musculus rectus lateralis capitis,Rectus lateralis capitis muscle,,Cervical spinal nerve (C1),Vertebral artery,Transverse process of atlas (C1),Jugular process of occipital bone,Lateral flexion of head
Muscles of the Neck,Svaly krku,Nackenmuskeln,Lateral cervical muscles (Scalene group),Laterálne svaly krku,Laterale Halsmuskeln (Skalenusgruppe),Musculus scalenus anterior,Anterior scalene muscle,,Cervical spinal nerves (C4-C6),Ascending cervical artery,Anterior tubercles of transverse processes C3-C6,Scalene tubercle of first rib,Flexes neck and elevates first rib during inspiration
Muscles of the Neck,Svaly krku,Nackenmuskeln,Lateral cervical muscles (Scalene group),Laterálne svaly krku,Laterale Halsmuskeln (Skalenusgruppe),Musculus scalenus medius,Middle scalene muscle,,Cervical spinal nerves (C3-C8),Ascending cervical artery,Posterior tubercles of transverse processes C2-C7,First rib,Elevates first rib and laterally flexes neck
Muscles of the Neck,Svaly krku,Nackenmuskeln,Lateral cervical muscles (Scalene group),Laterálne svaly krku,Laterale Halsmuskeln (Skalenusgruppe),Musculus scalenus posterior,Posterior scalene muscle,,Cervical spinal nerves (C6-C8),Ascending cervical artery,Posterior tubercles of transverse processes C4-C6,Second rib,Elevates second rib and laterally flexes neck
Muscles of the Neck,Svaly krku,Nackenmuskeln,Lateral cervical muscles (Scalene group),Laterálne svaly krku,Laterale Halsmuskeln (Skalenusgruppe),Musculus scalenus minimus,Scalenus minimus muscle,,Cervical spinal nerves (C7-C8),Ascending cervical artery,Transverse process of C7 vertebra,First rib and suprapleural membrane,Tenses cervical pleura and assists in elevation of first rib
Muscles of the Neck,Svaly krku,Nackenmuskeln,Sternocleidomastoid muscle,Kývač hlavy (m. sternocleidomastoideus),Musculus sternocleidomastoideus,Musculus sternocleidomastoideus,Sternocleidomastoid muscle,"Caput claviculare, Caput sternale",Accessory nerve (CN XI); cervical plexus (C2-C3),Occipital artery; superior thyroid artery,Manubrium sterni and medial clavicle,Mastoid process and superior nuchal line,Rotates head to opposite side and flexes neck
Muscles of the Neck,Svaly krku,Nackenmuskeln,Suprahyoid muscles,Suprahyoidné svaly,Suprahyoidale Muskeln,Musculus digastricus,Digastric muscle,"Venter anterior, Venter posterior, Tendo intermedius",Facial nerve (CN VII); mandibular nerve (V3),"Facial artery, occipital artery",Mandible (anterior belly) and mastoid notch (posterior belly),Body and greater horn of hyoid bone via intermediate tendon,Elevates hyoid and depresses mandible
Muscles of the Neck,Svaly krku,Nackenmuskeln,Suprahyoid muscles,Suprahyoidné svaly,Suprahyoidale Muskeln,Musculus stylohyoideus,Stylohyoid muscle,,Facial nerve (CN VII),"Primary supply - Posterior auricular artery, Secondary supply - facial/occipital artery",Styloid process of temporal bone,Body of hyoid bone,Elevates and retracts hyoid bone
Muscles of the Neck,Svaly krku,Nackenmuskeln,Suprahyoid muscles,Suprahyoidné svaly,Suprahyoidale Muskeln,Musculus mylohyoideus,Mylohyoid muscle,,Mandibular nerve (V3),Submental artery,Mylohyoid line of mandible,Hyoid bone and median raphe,Elevates floor of mouth and hyoid
Muscles of the Neck,Svaly krku,Nackenmuskeln,Suprahyoid muscles,Suprahyoidné svaly,Suprahyoidale Muskeln,Musculus geniohyoideus,Geniohyoid muscle,,Hypoglossal nerve (CN XII via C1),Lingual artery,Inferior mental spine of mandible,Body of hyoid bone,Pulls hyoid anteriorly and shortens floor of mouth
Muscles of the Neck,Svaly krku,Nackenmuskeln,Infrahyoid muscles,Infrahyoidné svaly,Infrahyoidale Muskeln,Musculus sternohyoideus,Sternohyoid muscle,,Ansa cervicalis (C1-C3),Superior thyroid artery,Manubrium sterni and medial clavicle,Body of hyoid bone,Depresses hyoid bone
Muscles of the Neck,Svaly krku,Nackenmuskeln,Infrahyoid muscles,Infrahyoidné svaly,Infrahyoidale Muskeln,Musculus omohyoideus,Omohyoid muscle,"Venter superior, Venter inferior, Tendo intermedius",Ansa cervicalis (C1-C3),Superior thyroid artery; transverse cervical artery,Superior border of scapula,Body of hyoid bone,Depresses and stabilizes hyoid bone
Muscles of the Neck,Svaly krku,Nackenmuskeln,Infrahyoid muscles,Infrahyoidné svaly,Infrahyoidale Muskeln,Musculus sternothyreoideus,Sternothyroid muscle,,Ansa cervicalis (C2-C3),Superior thyroid artery,Posterior surface of manubrium sterni and first costal cartilage,Oblique line of thyroid cartilage,Depresses larynx
Muscles of the Neck,Svaly krku,Nackenmuskeln,Infrahyoid muscles,Infrahyoidné svaly,Infrahyoidale Muskeln,Musculus thyreohyoideus,Thyrohyoid muscle,,Cervical spinal nerve C1 (via hypoglossal nerve),Superior thyroid artery,Oblique line of thyroid cartilage,Body and greater horn of hyoid bone,Depresses hyoid or elevates larynx
Muscles of the Neck,Svaly krku,Nackenmuskeln,Infrahyoid muscles,Infrahyoidné svaly,Infrahyoidale Muskeln,Musculus levator glandulae thyreoideae,Levator glandulae thyreoideae muscle,,Ansa cervicalis (variable),Superior thyroid artery,Thyroid cartilage or hyoid bone,Thyroid gland,Elevates thyroid gland
Muscles of the Larynx,Svaly hrtana,Kehlkopfmuskulatur,Intrinsic laryngeal muscles,Vnútorné svaly hrtana,Innere Kehlkopfmuskeln,Musculus cricothyroideus,Cricothyroid muscle,,External branch of superior laryngeal nerve,Superior laryngeal artery,Anterolateral cricoid cartilage,Inferior margin of thyroid cartilage,Tenses vocal cords
Muscles of the Larynx,Svaly hrtana,Kehlkopfmuskulatur,Intrinsic laryngeal muscles,Vnútorné svaly hrtana,Innere Kehlkopfmuskeln,Musculus cricoarytenoideus posterior,Posterior cricoarytenoid muscle,,Recurrent laryngeal nerve,Inferior laryngeal artery,Posterior cricoid lamina,Muscular process of arytenoid cartilage,Abducts vocal cords
Muscles of the Larynx,Svaly hrtana,Kehlkopfmuskulatur,Intrinsic laryngeal muscles,Vnútorné svaly hrtana,Innere Kehlkopfmuskeln,Musculus cricoarytenoideus lateralis,Lateral cricoarytenoid muscle,,Recurrent laryngeal nerve,Inferior laryngeal artery,Upper border of cricoid cartilage,Muscular process of arytenoid cartilage,Adducts vocal cords
Muscles of the Larynx,Svaly hrtana,Kehlkopfmuskulatur,Intrinsic laryngeal muscles,Vnútorné svaly hrtana,Innere Kehlkopfmuskeln,Musculus arytenoideus transversus,Transverse arytenoid muscle,,Recurrent laryngeal nerve,Inferior laryngeal artery,Posterior surface of arytenoid cartilage,Opposite arytenoid cartilage,Closes posterior rima glottidis
Muscles of the Larynx,Svaly hrtana,Kehlkopfmuskulatur,Intrinsic laryngeal muscles,Vnútorné svaly hrtana,Innere Kehlkopfmuskeln,Musculus arytenoideus obliquus,Oblique arytenoid muscle,,Recurrent laryngeal nerve,Inferior laryngeal artery,Apex of arytenoid cartilage,Aryepiglottic fold,Narrows laryngeal inlet
Muscles of the Larynx,Svaly hrtana,Kehlkopfmuskulatur,Intrinsic laryngeal muscles,Vnútorné svaly hrtana,Innere Kehlkopfmuskeln,Musculus thyroarytenoideus,Thyroarytenoid muscle,,Recurrent laryngeal nerve,Inferior laryngeal artery,Inner surface of thyroid cartilage,Arytenoid cartilage,Relaxes vocal cords
Muscles of the Larynx,Svaly hrtana,Kehlkopfmuskulatur,Intrinsic laryngeal muscles,Vnútorné svaly hrtana,Innere Kehlkopfmuskeln,Musculus vocalis,Vocalis muscle,,Recurrent laryngeal nerve,Inferior laryngeal artery,Thyroid cartilage,Vocal ligament,Fine tension control of vocal cords
Muscles of the Pharynx,Svaly hltanu,Rachenmuskulatur,Pharyngeal muscles,Svaly hltanu,Pharynxmuskulatur,Musculus constrictor superior pharyngis,Superior pharyngeal constrictor muscle,"Pars pterygopharyngea, Pars buccopharyngea",Pharyngeal plexus (CN X),Ascending pharyngeal artery; facial artery,Pterygoid hamulus and buccinator region,Pharyngeal raphe,Constriction of pharynx during swallowing
Muscles of the Pharynx,Svaly hltanu,Rachenmuskulatur,Pharyngeal muscles,Svaly hltanu,Pharynxmuskulatur,Musculus constrictor medius pharyngis,Middle pharyngeal constrictor muscle,,Pharyngeal plexus (CN X),Ascending pharyngeal artery,Greater and lesser horns of hyoid bone,Pharyngeal raphe,Constriction of pharynx during swallowing
Muscles of the Pharynx,Svaly hltanu,Rachenmuskulatur,Pharyngeal muscles,Svaly hltanu,Pharynxmuskulatur,Musculus constrictor inferior pharyngis,Inferior pharyngeal constrictor muscle,"Pars thyropharyngea, Pars cricopharyngea",Pharyngeal plexus (CN X),Ascending pharyngeal artery; inferior thyroid artery,Thyroid and cricoid cartilages,Pharyngeal raphe and esophagus,Constriction of lower pharynx and regulation of esophageal entry
Muscles of the Pharynx,Svaly hltanu,Rachenmuskulatur,Longitudinal pharyngeal muscles,Longitudinálne svaly hltanu,Longitudinale Pharynxmuskeln,Musculus stylopharyngeus,Stylopharyngeus muscle,,Glossopharyngeal nerve (CN IX),Ascending pharyngeal artery,Styloid process of temporal bone,Pharyngeal wall and thyroid cartilage,Elevates pharynx and larynx during swallowing
Muscles of the Pharynx,Svaly hltanu,Rachenmuskulatur,Longitudinal pharyngeal muscles,Longitudinálne svaly hltanu,Longitudinale Pharynxmuskeln,Musculus palatopharyngeus,Palatopharyngeus muscle,,Pharyngeal plexus (CN X),Ascending palatine artery,Palatine aponeurosis and hard palate,Pharyngeal wall and thyroid cartilage,Elevates pharynx and closes nasopharynx
Muscles of the Pharynx,Svaly hltanu,Rachenmuskulatur,Longitudinal pharyngeal muscles,Longitudinálne svaly hltanu,Longitudinale Pharynxmuskeln,Musculus salpingopharyngeus,Salpingopharyngeus muscle,,Pharyngeal plexus (CN X),Ascending pharyngeal artery,Cartilage of auditory tube,Pharyngeal wall,Elevates pharynx and opens auditory tube
Muscles of the Soft Palate,Svaly mäkkého podnebia,Gaumenmuskulatur,Palatal muscles,Podnebné svaly,Gaumenmuskulatur,Musculus levator veli palatini,Levator veli palatini muscle,,Pharyngeal plexus (CN X),Ascending palatine artery; ascending pharyngeal artery,Petrous part of temporal bone and auditory tube cartilage,Palatine aponeurosis,Elevates soft palate
Muscles of the Soft Palate,Svaly mäkkého podnebia,Gaumenmuskulatur,Palatal muscles,Podnebné svaly,Gaumenmuskulatur,Musculus tensor veli palatini,Tensor veli palatini muscle,,Mandibular nerve (V3),Middle meningeal artery,Scaphoid fossa and auditory tube cartilage,Palatine aponeurosis,Tenses soft palate and opens auditory tube
Muscles of the Soft Palate,Svaly mäkkého podnebia,Gaumenmuskulatur,Palatal muscles,Podnebné svaly,Gaumenmuskulatur,Musculus uvulae,Uvula muscle,,Pharyngeal plexus (CN X),Ascending palatine artery,Palatine aponeurosis,Mucosa of uvula,Shortens and elevates uvula
Muscles of the Soft Palate,Svaly mäkkého podnebia,Gaumenmuskulatur,Palatal muscles,Podnebné svaly,Gaumenmuskulatur,Musculus palatoglossus,Palatoglossus muscle,,Pharyngeal plexus (CN X),Ascending palatine artery,Palatine aponeurosis,Side of tongue,Elevates posterior tongue and narrows oropharyngeal isthmus
Muscles of the Soft Palate,Svaly mäkkého podnebia,Gaumenmuskulatur,Palatal muscles,Podnebné svaly,Gaumenmuskulatur,Musculus palatopharyngeus,Palatopharyngeus muscle,"Fasciculus anterior, Fasciculus posterior",Pharyngeal plexus (CN X),Ascending palatine artery,Palatine aponeurosis,Pharyngeal wall and thyroid cartilage,Elevates pharynx and closes nasopharynx
Muscles of the Thorax,Hrudné svaly,Thoraxmuskulatur,Anterior thoracic muscles,Predné svaly hrudníka,Vordere Thoraxmuskeln,Musculus pectoralis major,Pectoralis major muscle,"Pars clavicularis, Pars sternocostalis, Pars abdominalis",Medial and lateral pectoral nerves,Thoracoacromial artery; lateral thoracic artery,"Clavicle, sternum and costal cartilages",Greater tubercle of humerus,Adducts and medially rotates arm
Muscles of the Thorax,Hrudné svaly,Thoraxmuskulatur,Anterior thoracic muscles,Predné svaly hrudníka,Vordere Thoraxmuskeln,Musculus pectoralis minor,Pectoralis minor muscle,,Medial pectoral nerve,Thoracoacromial artery; lateral thoracic artery,Ribs (2)3-5(6),Coracoid process of scapula,Stabilizes scapula and assists inspiration
Muscles of the Thorax,Hrudné svaly,Thoraxmuskulatur,Anterior thoracic muscles,Predné svaly hrudníka,Vordere Thoraxmuskeln,Musculus subclavius,Subclavius muscle,,Nerve to subclavius (C5-C6),Thoracoacromial artery,First rib and costal cartilage,Inferior surface of clavicle,Stabilizes clavicle
Muscles of the Thorax,Hrudné svaly,Thoraxmuskulatur,Thoracic wall muscles,Svaly hrudnej steny,Thoraxwandmuskulatur,Musculus serratus anterior,Serratus anterior muscle,,Long thoracic nerve (C5-C7),Lateral thoracic artery,Ribs 1-8,Medial border of scapula,Protracts and stabilizes scapula
Muscles of the Thorax,Hrudné svaly,Thoraxmuskulatur,Posterior thoracic wall muscles,Zadné svaly hrudníka,Hintere Thoraxwandmuskeln,Musculi levatores costarum,Levatores costarum muscles,"Levatores breves, Levatores longi",Posterior rami of spinal nerves,Posterior intercostal arteries,Transverse processes of thoracic vertebrae,Ribs below origin,Elevate ribs during inspiration
Muscles of the Thorax,Hrudné svaly,Thoraxmuskulatur,Intercostal muscles,Medzirebrové svaly,Interkostalmuskeln,Musculi intercostales externi,External intercostal muscles,,Intercostal nerves,Posterior and anterior intercostal arteries,Lower border of rib above,Upper border of rib below,Elevate ribs during inspiration
Muscles of the Thorax,Hrudné svaly,Thoraxmuskulatur,Intercostal muscles,Medzirebrové svaly,Interkostalmuskeln,Musculi intercostales interni,Internal intercostal muscles,,Intercostal nerves,Posterior and anterior intercostal arteries,Lower border of rib above,Upper border of rib below,Depress ribs during forced expiration
Muscles of the Thorax,Hrudné svaly,Thoraxmuskulatur,Intercostal muscles,Medzirebrové svaly,Interkostalmuskeln,Musculi intercostales intimi,Innermost intercostal muscles,,Intercostal nerves,Posterior and anterior intercostal arteries,Inner surface of ribs,Inner surface of ribs,Assist internal intercostals in expiration
Muscles of the Thorax,Hrudné svaly,Thoraxmuskulatur,Thoracic wall muscles,Svaly hrudnej steny,Thoraxwandmuskulatur,Musculi subcostales,Subcostal muscles,,Intercostal nerves,Posterior intercostal arteries,Inner surface of lower ribs,Inner surface of ribs two or three levels below,Depress ribs
Muscles of the Thorax,Hrudné svaly,Thoraxmuskulatur,Thoracic wall muscles,Svaly hrudnej steny,Thoraxwandmuskulatur,Musculus transversus thoracis,Transversus thoracis muscle,,Intercostal nerves,Internal thoracic artery,Posterior surface of sternum and xiphoid process,Costal cartilages of ribs 2-6,Depresses ribs
Muscles of the Thorax,Hrudné svaly,Thoraxmuskulatur,Diaphragm,Bránica,Diaphragma,Diaphragma,Diaphragm,,Phrenic nerve (C3-C5),Inferior phrenic arteries; pericardiacophrenic arteries,Xiphoid process ribs 7-12 and lumbar vertebrae via crura,Central tendon,Primary muscle of inspiration
Muscles of the Back,Svaly chrbta,Rückenmuskulatur,Superficial back muscles,Povrchové svaly chrbta,Oberflächliche Rückenmuskeln,Musculus trapezius,Trapezius muscle,,Accessory nerve (CN XI); cervical spinal nerves (C3-C4),Transverse cervical artery; dorsal scapular artery,External occipital protuberance nuchal ligament and spinous processes C7-T12,Lateral clavicle acromion and spine of scapula,Elevates retracts and rotates scapula
Muscles of the Back,Svaly chrbta,Rückenmuskulatur,Superficial back muscles,Povrchové svaly chrbta,Oberflächliche Rückenmuskeln,Musculus latissimus dorsi,Latissimus dorsi muscle,,Thoracodorsal nerve,Thoracodorsal artery,Spinous processes T6-L5 thoracolumbar fascia iliac crest and lower ribs,Intertubercular sulcus of humerus,Extends adducts and medially rotates arm
Muscles of the Back,Svaly chrbta,Rückenmuskulatur,Superficial back muscles,Povrchové svaly chrbta,Oberflächliche Rückenmuskeln,Musculus levator scapulae,Levator scapulae muscle,,Dorsal scapular nerve,Dorsal scapular artery,Transverse processes C1-C4,Superior angle of scapula,Elevates and rotates scapula
Muscles of the Back,Svaly chrbta,Rückenmuskulatur,Superficial back muscles,Povrchové svaly chrbta,Oberflächliche Rückenmuskeln,Musculi rhomboidei,Rhomboid muscles,"Rhomboideus minor, Rhomboideus major",Dorsal scapular nerve,Dorsal scapular artery,Spinous processes C7-T5,Medial border of scapula,Retracts and stabilizes scapula
Muscles of the Back,Svaly chrbta,Rückenmuskulatur,Intermediate back muscles,Stredná vrstva svalov chrbta,Zwischenschicht der Rückenmuskeln,Musculus serratus posterior superior,Serratus posterior superior muscle,,Intercostal nerves (T2-T5),Posterior intercostal arteries,Spinous processes C7-T3,Ribs 2-5,Elevates ribs
Muscles of the Back,Svaly chrbta,Rückenmuskulatur,Intermediate back muscles,Stredná vrstva svalov chrbta,Zwischenschicht der Rückenmuskeln,Musculus serratus posterior inferior,Serratus posterior inferior muscle,,Intercostal nerves (T9-T12),Posterior intercostal arteries,Spinous processes T11-L2,Ribs 9-12,Depresses ribs
Muscles of the Back,Svaly chrbta,Rückenmuskulatur,Intrinsic back muscles (Erector spinae),Hlboké svaly chrbta (Vzpriamovače chrbtice),Autochthone Rückenmuskeln,Musculus erector spinae,Erector spinae muscle,,Posterior rami of spinal nerves,Posterior intercostal and lumbar arteries,Sacrum iliac crest and lumbar vertebrae,Ribs vertebrae and skull,Extends and laterally flexes vertebral column
Muscles of the Back,Svaly chrbta,Rückenmuskulatur,Intrinsic back muscles (Erector spinae),Hlboké svaly chrbta (Vzpriamovače chrbtice),Autochthone Rückenmuskeln,Musculus iliocostalis lumborum,Iliocostalis lumborum muscle,,Posterior rami of spinal nerves,Lumbar arteries,Iliac crest and sacrum,Lower ribs,Extends and laterally flexes lumbar spine
Muscles of the Back,Svaly chrbta,Rückenmuskulatur,Intrinsic back muscles (Erector spinae),Hlboké svaly chrbta (Vzpriamovače chrbtice),Autochthone Rückenmuskeln,Musculus iliocostalis thoracis,Iliocostalis thoracis muscle,,Posterior rami of spinal nerves,Posterior intercostal arteries,Lower ribs,Upper ribs,Extends thoracic spine and elevates ribs
Muscles of the Back,Svaly chrbta,Rückenmuskulatur,Intrinsic back muscles (Erector spinae),Hlboké svaly chrbta (Vzpriamovače chrbtice),Autochthone Rückenmuskeln,Musculus iliocostalis cervicis,Iliocostalis cervicis muscle,,Posterior rami of spinal nerves,Deep cervical artery,Ribs 3-6,Transverse processes of C4-C6,Lateral flexion and extension of cervical spine
Muscles of the Back,Svaly chrbta,Rückenmuskulatur,Intrinsic back muscles (Erector spinae),Hlboké svaly chrbta (Vzpriamovače chrbtice),Autochthone Rückenmuskeln,Musculus longissimus thoracis,Longissimus thoracis muscle,,Posterior rami of spinal nerves,Posterior intercostal arteries,Transverse processes of lumbar vertebrae and sacrum,Thoracic transverse processes and ribs,Extends thoracic spine
Muscles of the Back,Svaly chrbta,Rückenmuskulatur,Intrinsic back muscles (Erector spinae),Hlboké svaly chrbta (Vzpriamovače chrbtice),Autochthone Rückenmuskeln,Musculus longissimus cervicis,Longissimus cervicis muscle,,Posterior rami of spinal nerves,Deep cervical artery,Upper thoracic transverse processes,Transverse processes of C2-C6,Extends and laterally flexes neck
Muscles of the Back,Svaly chrbta,Rückenmuskulatur,Intrinsic back muscles (Erector spinae),Hlboké svaly chrbta (Vzpriamovače chrbtice),Autochthone Rückenmuskeln,Musculus longissimus capitis,Longissimus capitis muscle,,Posterior rami of spinal nerves,Occipital artery,Upper thoracic and cervical transverse processes,Mastoid process,Extends and rotates head
Muscles of the Back,Svaly chrbta,Rückenmuskulatur,Intrinsic back muscles (Erector spinae),Hlboké svaly chrbta (Vzpriamovače chrbtice),Autochthone Rückenmuskeln,Musculus spinalis thoracis,Spinalis thoracis muscle,,Posterior rami of spinal nerves,Posterior intercostal arteries,Spinous processes of T10-L2,Spinous processes of T2-T8,Extends thoracic spine
Muscles of the Back,Svaly chrbta,Rückenmuskulatur,Intrinsic back muscles (Erector spinae),Hlboké svaly chrbta (Vzpriamovače chrbtice),Autochthone Rückenmuskeln,Musculus spinalis cervicis,Spinalis cervicis muscle,,Posterior rami of spinal nerves,Deep cervical artery,Spinous processes of C7-T2,Spinous processes of C2-C4,Extends cervical spine
Muscles of the Back,Svaly chrbta,Rückenmuskulatur,Intrinsic back muscles (Erector spinae),Hlboké svaly chrbta (Vzpriamovače chrbtice),Autochthone Rückenmuskeln,Musculus spinalis capitis,Spinalis capitis muscle,,Posterior rami of spinal nerves,Occipital artery,Spinous processes of upper thoracic vertebrae,Occipital bone,Extends head
Muscles of the Back,Svaly chrbta,Rückenmuskulatur,Intrinsic back muscles (Transversospinales),Hlboké svaly chrbta (Transversospinálne svaly),Autochthone Rückenmuskeln,Musculi transversospinales,Transversospinal muscles,,Posterior rami of spinal nerves,Posterior intercostal and lumbar arteries,Transverse processes of vertebrae,Spinous processes of vertebrae,Stabilize vertebral column and assist rotation
Muscles of the Back,Svaly chrbta,Rückenmuskulatur,Intrinsic back muscles (Transversospinales),Hlboké svaly chrbta (Transversospinálne svaly),Autochthone Rückenmuskeln,Musculus semispinalis thoracis,Semispinalis thoracis muscle,,Posterior rami of spinal nerves,Posterior intercostal arteries,Transverse processes of T6-T10,Spinous processes of C6-T4,Extends thoracic spine
Muscles of the Back,Svaly chrbta,Rückenmuskulatur,Intrinsic back muscles (Transversospinales),Hlboké svaly chrbta (Transversospinálne svaly),Autochthone Rückenmuskeln,Musculus semispinalis cervicis,Semispinalis cervicis muscle,,Posterior rami of spinal nerves,Deep cervical artery,Transverse processes of T1-T6,Spinous processes of C2-C5,Extends and rotates cervical spine
Muscles of the Back,Svaly chrbta,Rückenmuskulatur,Intrinsic back muscles (Transversospinales),Hlboké svaly chrbta (Transversospinálne svaly),Autochthone Rückenmuskeln,Musculus semispinalis capitis,Semispinalis capitis muscle,,Posterior rami of spinal nerves,Occipital and deep cervical arteries,Transverse processes of C4-T6,Occipital bone,Extends and rotates head
Muscles of the Back,Svaly chrbta,Rückenmuskulatur,Intrinsic back muscles (Transversospinales),Hlboké svaly chrbta (Transversospinálne svaly),Autochthone Rückenmuskeln,Musculus multifidus,Multifidus muscle,,Posterior rami of spinal nerves,Posterior intercostal and lumbar arteries,Sacrum transverse processes and articular processes,Spinous processes of vertebrae 2-4 levels above,Stabilizes vertebral column
Muscles of the Back,Svaly chrbta,Rückenmuskulatur,Intrinsic back muscles (Transversospinales),Hlboké svaly chrbta (Transversospinálne svaly),Autochthone Rückenmuskeln,Musculi rotatores thoracis,Thoracic rotatores muscles,,Posterior rami of spinal nerves,Posterior intercostal arteries,Transverse processes of thoracic vertebrae,Spinous processes of adjacent vertebrae,Rotate thoracic vertebrae
Muscles of the Back,Svaly chrbta,Rückenmuskulatur,Intrinsic back muscles (Transversospinales),Hlboké svaly chrbta (Transversospinálne svaly),Autochthone Rückenmuskeln,Musculi rotatores cervicis,Cervical rotatores muscles,,Posterior rami of spinal nerves,Deep cervical artery,Transverse processes of cervical vertebrae,Spinous processes of adjacent vertebrae,Rotate cervical vertebrae
Muscles of the Back,Svaly chrbta,Rückenmuskulatur,Intrinsic back muscles (Segmental),Hlboké svaly chrbta (Segmentálne svaly),Autochthone Rückenmuskeln,Musculi interspinales cervicis,Cervical interspinales muscles,,Posterior rami of cervical spinal nerves,Deep cervical artery,Spinous process of cervical vertebra,Spinous process of adjacent cervical vertebra,Assist extension and stabilization of cervical spine
Muscles of the Back,Svaly chrbta,Rückenmuskulatur,Intrinsic back muscles (Segmental),Hlboké svaly chrbta (Segmentálne svaly),Autochthone Rückenmuskeln,Musculi interspinales thoracis,Thoracic interspinales muscles,,Posterior rami of thoracic spinal nerves,Posterior intercostal arteries,Spinous process of thoracic vertebra,Spinous process of adjacent thoracic vertebra,Assist extension and stabilization of thoracic spine
Muscles of the Back,Svaly chrbta,Rückenmuskulatur,Intrinsic back muscles (Segmental),Hlboké svaly chrbta (Segmentálne svaly),Autochthone Rückenmuskeln,Musculi interspinales lumborum,Lumbar interspinales muscles,,Posterior rami of lumbar spinal nerves,Lumbar arteries,Spinous process of lumbar vertebra,Spinous process of adjacent lumbar vertebra,Assist extension and stabilization of lumbar spine
Muscles of the Back,Svaly chrbta,Rückenmuskulatur,Intrinsic back muscles (Segmental),Hlboké svaly chrbta (Segmentálne svaly),Autochthone Rückenmuskeln,Musculi intertransversarii cervicis,Cervical intertransversarii muscles,,Anterior and posterior rami of cervical spinal nerves,Deep cervical artery,Transverse process of cervical vertebra,Transverse process of adjacent cervical vertebra,Lateral flexion and stabilization of cervical spine
Muscles of the Back,Svaly chrbta,Rückenmuskulatur,Intrinsic back muscles (Segmental),Hlboké svaly chrbta (Segmentálne svaly),Autochthone Rückenmuskeln,Musculi intertransversarii thoracis,Thoracic intertransversarii muscles,,Posterior rami of thoracic spinal nerves,Posterior intercostal arteries,Transverse process of thoracic vertebra,Transverse process of adjacent thoracic vertebra,Stabilization of thoracic spine
Muscles of the Back,Svaly chrbta,Rückenmuskulatur,Intrinsic back muscles (Segmental),Hlboké svaly chrbta (Segmentálne svaly),Autochthone Rückenmuskeln,Musculi intertransversarii lumborum,Lumbar intertransversarii muscles,,Anterior rami of lumbar spinal nerves,Lumbar arteries,Transverse process of lumbar vertebra,Transverse process of adjacent lumbar vertebra,Lateral flexion and stabilization of lumbar spine
Muscles of the Abdominal Wall,Svaly brušnej steny,Bauchwandmuskulatur,Anterolateral abdominal muscles,Predné a bočné svaly brucha,Anterolaterale Bauchmuskeln,Musculus obliquus externus abdominis,External oblique muscle,,Thoracoabdominal nerves,Lower intercostal arteries,Ribs V-XII,Linea alba and iliac crest,Rotates and flexes trunk
Muscles of the Abdominal Wall,Svaly brušnej steny,Bauchwandmuskulatur,Anterolateral abdominal muscles,Predné a bočné svaly brucha,Anterolaterale Bauchmuskeln,Musculus obliquus internus abdominis,Internal oblique muscle,,Thoracoabdominal nerves,Lower intercostal arteries,Iliac crest and thoracolumbar fascia,Ribs X-XII and linea alba,Rotates and flexes trunk
Muscles of the Abdominal Wall,Svaly brušnej steny,Bauchwandmuskulatur,Anterolateral abdominal muscles,Predné a bočné svaly brucha,Anterolaterale Bauchmuskeln,Musculus transversus abdominis,Transversus abdominis muscle,,Thoracoabdominal nerves,Lower intercostal arteries,Costal cartilages VII-XII,Linea alba,Compresses abdominal contents
Muscles of the Abdominal Wall,Svaly brušnej steny,Bauchwandmuskulatur,Anterior abdominal muscles,Predné svaly brucha,Vordere Bauchmuskeln,Musculus rectus abdominis,Rectus abdominis muscle,,Thoracoabdominal nerves,Superior and inferior epigastric arteries,Pubic symphysis and crest,Xiphoid process and ribs V-VII,Flexes trunk
Muscles of the Abdominal Wall,Svaly brušnej steny,Bauchwandmuskulatur,Anterior abdominal muscles,Predné svaly brucha,Vordere Bauchmuskeln,Musculus pyramidalis,Pyramidalis muscle,,Subcostal nerve,Inferior epigastric artery,Pubic crest,Linea alba,Tenses linea alba
Muscles of the Pelvic Floor,Svaly panvového dna,Beckenbodenmuskulatur,Pelvic diaphragm,Panvová bránica,Beckendiaphragma,Musculus levator ani,Levator ani muscle,"Puborectalis, Pubococcygeus, Iliococcygeus",Pudendal nerve,Inferior gluteal artery,Pubis and ischial spine,Coccyx and anococcygeal ligament,Supports pelvic organs
Muscles of the Pelvic Floor,Svaly panvového dna,Beckenbodenmuskulatur,Pelvic diaphragm,Panvová bránica,Beckendiaphragma,Musculus coccygeus,Coccygeus muscle,,Pudendal nerve,Inferior gluteal artery,Ischial spine,Sacrum and coccyx,Supports pelvic viscera
Muscles of the Perineum,Svaly hrádze,Dammmuskulatur,Superficial perineal muscles,Povrchové svaly hrádze,Oberflächliche Dammmuskeln,Musculus bulbospongiosus,Bulbospongiosus muscle,,Pudendal nerve,Perineal artery,Perineal body,Corpus spongiosum,Compresses bulb
Muscles of the Perineum,Svaly hrádze,Dammmuskulatur,Superficial perineal muscles,Povrchové svaly hrádze,Oberflächliche Dammmuskeln,Musculus ischiocavernosus,Ischiocavernosus muscle,,Pudendal nerve,Perineal artery,Ischial tuberosity,Crus of penis/clitoris,Maintains erection
Muscles of the Perineum,Svaly hrádze,Dammmuskulatur,Superficial perineal muscles,Povrchové svaly hrádze,Oberflächliche Dammmuskeln,Musculus transversus perinei superficialis,Superficial transverse perineal muscle,,Pudendal nerve,Perineal artery,Ischial tuberosity,Perineal body,Stabilizes perineal body
Muscles of the Perineum,Svaly hrádze,Dammmuskulatur,Deep perineal muscles,Hlboké svaly hrádze,Tiefe Dammmuskeln,Musculus transversus perinei profundus,Deep transverse perineal muscle,,Pudendal nerve,Perineal artery,Ischial ramus,Perineal body,Supports pelvic floor
Muscles of the Perineum,Svaly hrádze,Dammmuskulatur,Deep perineal muscles,Hlboké svaly hrádze,Tiefe Dammmuskeln,Musculus sphincter urethrae externus,External urethral sphincter,,Pudendal nerve,Perineal artery,Pubic rami,Urethra,Urinary continence
Muscles of the Upper Limb,Svaly hornej končatiny,Muskulatur der oberen Extremität,Scapular muscles,Svaly lopatky,Schulterblattmuskeln,Musculus deltoideus,Deltoid muscle,"Pars clavicularis, Pars acromialis, Pars spinalis",Axillary nerve (C5-C6),Posterior circumflex humeral artery,Lateral clavicle acromion and spine of scapula,Deltoid tuberosity of humerus,Abducts arm and assists flexion extension and rotation
Muscles of the Upper Limb,Svaly hornej končatiny,Muskulatur der oberen Extremität,Scapular muscles,Svaly lopatky,Schulterblattmuskeln,Musculus supraspinatus,Supraspinatus muscle,,Suprascapular nerve,Suprascapular artery,Supraspinous fossa of scapula,Greater tubercle of humerus,Initiates abduction of arm
Muscles of the Upper Limb,Svaly hornej končatiny,Muskulatur der oberen Extremität,Scapular muscles,Svaly lopatky,Schulterblattmuskeln,Musculus infraspinatus,Infraspinatus muscle,,Suprascapular nerve,Suprascapular artery,Infraspinous fossa of scapula,Greater tubercle of humerus,Laterally rotates arm
Muscles of the Upper Limb,Svaly hornej končatiny,Muskulatur der oberen Extremität,Scapular muscles,Svaly lopatky,Schulterblattmuskeln,Musculus teres minor,Teres minor muscle,,Axillary nerve,Posterior circumflex humeral artery,Lateral border of scapula,Greater tubercle of humerus,Laterally rotates arm and stabilizes shoulder
Muscles of the Upper Limb,Svaly hornej končatiny,Muskulatur der oberen Extremität,Scapular muscles,Svaly lopatky,Schulterblattmuskeln,Musculus teres major,Teres major muscle,,Lower subscapular nerve,Circumflex scapular artery,Inferior angle of scapula,Medial lip of intertubercular sulcus,Adducts medially rotates and extends arm
Muscles of the Upper Limb,Svaly hornej končatiny,Muskulatur der oberen Extremität,Scapular muscles,Svaly lopatky,Schulterblattmuskeln,Musculus subscapularis,Subscapularis muscle,,Upper and lower subscapular nerves,Subscapular artery,Subscapular fossa,Lesser tubercle of humerus,Medially rotates arm and stabilizes shoulder
Muscles of the Upper Limb,Svaly hornej končatiny,Muskulatur der oberen Extremität,Arm - anterior compartment,Predný svalový oddiel ramena,Vordere Oberarmmuskeln,Musculus biceps brachii,Biceps brachii muscle,"Caput longum, Caput breve",Musculocutaneous nerve (C5-C6),Brachial artery; anterior circumflex humeral artery,Coracoid process and supraglenoid tubercle of scapula,Radial tuberosity and bicipital aponeurosis,Flexes elbow and supinates forearm
Muscles of the Upper Limb,Svaly hornej končatiny,Muskulatur der oberen Extremität,Arm - anterior compartment,Predný svalový oddiel ramena,Vordere Oberarmmuskeln,Musculus coracobrachialis,Coracobrachialis muscle,,Musculocutaneous nerve,Brachial artery,Coracoid process of scapula,Medial surface of humerus,Flexes and adducts arm
Muscles of the Upper Limb,Svaly hornej končatiny,Muskulatur der oberen Extremität,Arm - anterior compartment,Predný svalový oddiel ramena,Vordere Oberarmmuskeln,Musculus brachialis,Brachialis muscle,,Musculocutaneous nerve; radial nerve (partial),Brachial artery,Anterior surface of humerus,Coronoid process and tuberosity of ulna,Primary flexor of elbow
Muscles of the Upper Limb,Svaly hornej končatiny,Muskulatur der oberen Extremität,Arm - posterior compartment,Zadný svalový oddiel ramena,Hintere Oberarmmuskeln,Musculus triceps brachii,Triceps brachii muscle,"Caput longum, Caput laterale, Caput mediale",Radial nerve,Profunda brachii artery,Infraglenoid tubercle and posterior humerus,Olecranon of ulna,Extends elbow and assists arm extension
Muscles of the Upper Limb,Svaly hornej končatiny,Muskulatur der oberen Extremität,Arm - posterior compartment,Zadný svalový oddiel ramena,Hintere Oberarmmuskeln,Musculus anconeus,Anconeus muscle,,Radial nerve,Middle collateral artery,Lateral epicondyle of humerus,Olecranon and proximal ulna,Assists elbow extension and stabilizes joint
Muscles of the Upper Limb,Svaly hornej končatiny,Muskulatur der oberen Extremität,"Forearm - anterior compartment, superficial layer","Predný svalový oddiel predlaktia - povrchová vrstva",Vordere Unterarmmuskeln (oberflächliche Schicht),Musculus pronator teres,Pronator teres muscle,"Caput humerale, Caput ulnare",Median nerve,Ulnar and radial arteries,Medial epicondyle of humerus and coronoid process of ulna,Lateral surface of radius,Pronates forearm and flexes elbow
Muscles of the Upper Limb,Svaly hornej končatiny,Muskulatur der oberen Extremität,"Forearm - anterior compartment, superficial layer","Predný svalový oddiel predlaktia - povrchová vrstva",Vordere Unterarmmuskeln (oberflächliche Schicht),Musculus flexor carpi radialis,Flexor carpi radialis muscle,,Median nerve,Radial artery,Medial epicondyle of humerus,Bases of metacarpals II-III,Flexes and abducts wrist
Muscles of the Upper Limb,Svaly hornej končatiny,Muskulatur der oberen Extremität,"Forearm - anterior compartment, superficial layer","Predný svalový oddiel predlaktia - povrchová vrstva",Vordere Unterarmmuskeln (oberflächliche Schicht),Musculus palmaris longus,Palmaris longus muscle,,Median nerve,Ulnar artery,Medial epicondyle of humerus,Palmar aponeurosis,Flexes wrist and tenses palmar aponeurosis
Muscles of the Upper Limb,Svaly hornej končatiny,Muskulatur der oberen Extremität,"Forearm - anterior compartment, superficial layer","Predný svalový oddiel predlaktia - povrchová vrstva",Vordere Unterarmmuskeln (oberflächliche Schicht),Musculus flexor carpi ulnaris,Flexor carpi ulnaris muscle,"Caput humerale, Caput ulnare",Ulnar nerve,Ulnar artery,Medial epicondyle of humerus and olecranon of ulna,Pisiform hamate and base of metacarpal V,Flexes and adducts wrist
Muscles of the Upper Limb,Svaly hornej končatiny,Muskulatur der oberen Extremität,"Forearm - anterior compartment, intermediate layer","Predný svalový oddiel predlaktia - stredná vrstva",Vordere Unterarmmuskeln (mittlere Schicht),Musculus flexor digitorum superficialis,Flexor digitorum superficialis muscle,,Median nerve,Ulnar artery and anterior interosseous artery,Medial epicondyle coronoid process and radius,Middle phalanges of digits II-V,Flexes fingers and wrist
Muscles of the Upper Limb,Svaly hornej končatiny,Muskulatur der oberen Extremität,"Forearm - anterior compartment, deep layer","Predný svalový oddiel predlaktia - hlboká vrstva",Vordere Unterarmmuskeln (tiefe Schicht),Musculus flexor digitorum profundus,Flexor digitorum profundus muscle,,Median nerve (anterior interosseous branch) and ulnar nerve,Anterior interosseous artery,Anterior surface of ulna and interosseous membrane,Distal phalanges of digits II-V,Flexes distal interphalangeal joints
Muscles of the Upper Limb,Svaly hornej končatiny,Muskulatur der oberen Extremität,"Forearm - anterior compartment, deep layer","Predný svalový oddiel predlaktia - hlboká vrstva",Vordere Unterarmmuskeln (tiefe Schicht),Musculus flexor pollicis longus,Flexor pollicis longus muscle,,Median nerve (anterior interosseous branch),Anterior interosseous artery,Anterior surface of radius and interosseous membrane,Distal phalanx of thumb,Flexes thumb
Muscles of the Upper Limb,Svaly hornej končatiny,Muskulatur der oberen Extremität,"Forearm - anterior compartment, deep layer","Predný svalový oddiel predlaktia - hlboká vrstva",Vordere Unterarmmuskeln (tiefe Schicht),Musculus pronator quadratus,Pronator quadratus muscle,,Median nerve (anterior interosseous branch),Anterior interosseous artery,Distal anterior surface of ulna,Distal anterior surface of radius,Pronates forearm
Muscles of the Upper Limb,Svaly hornej končatiny,Muskulatur der oberen Extremität,"Forearm - posterior compartment, superficial layer","Zadný svalový oddiel predlaktia - povrchová vrstva",Hintere Unterarmmuskeln (oberflächliche Schicht),Musculus brachioradialis,Brachioradialis muscle,,Radial nerve,Radial recurrent artery,Lateral supracondylar ridge of humerus,Styloid process of radius,Flexes elbow in mid-pronation
Muscles of the Upper Limb,Svaly hornej končatiny,Muskulatur der oberen Extremität,"Forearm - posterior compartment, superficial layer","Zadný svalový oddiel predlaktia - povrchová vrstva",Hintere Unterarmmuskeln (oberflächliche Schicht),Musculus extensor carpi radialis longus,Extensor carpi radialis longus muscle,,Radial nerve,Radial artery,Lateral supracondylar ridge of humerus,Base of metacarpal II,Extends and abducts wrist
Muscles of the Upper Limb,Svaly hornej končatiny,Muskulatur der oberen Extremität,"Forearm - posterior compartment, superficial layer","Zadný svalový oddiel predlaktia - povrchová vrstva",Hintere Unterarmmuskeln (oberflächliche Schicht),Musculus extensor carpi radialis brevis,Extensor carpi radialis brevis muscle,,Deep branch of radial nerve,Radial artery,Lateral epicondyle of humerus,Base of metacarpal III,Extends and abducts wrist
Muscles of the Upper Limb,Svaly hornej končatiny,Muskulatur der oberen Extremität,"Forearm - posterior compartment, superficial layer","Zadný svalový oddiel predlaktia - povrchová vrstva",Hintere Unterarmmuskeln (oberflächliche Schicht),Musculus extensor digitorum,Extensor digitorum muscle,,Posterior interosseous nerve,Posterior interosseous artery,Lateral epicondyle of humerus,Middle and distal phalanges of digits II-V,Extends fingers and wrist
Muscles of the Upper Limb,Svaly hornej končatiny,Muskulatur der oberen Extremität,"Forearm - posterior compartment, superficial layer","Zadný svalový oddiel predlaktia - povrchová vrstva",Hintere Unterarmmuskeln (oberflächliche Schicht),Musculus extensor digiti minimi,Extensor digiti minimi muscle,,Posterior interosseous nerve,Posterior interosseous artery,Lateral epicondyle of humerus,Extensor expansion of digit V,Extends little finger
Muscles of the Upper Limb,Svaly hornej končatiny,Muskulatur der oberen Extremität,"Forearm - posterior compartment, superficial layer","Zadný svalový oddiel predlaktia - povrchová vrstva",Hintere Unterarmmuskeln (oberflächliche Schicht),Musculus extensor carpi ulnaris,Extensor carpi ulnaris muscle,,Posterior interosseous nerve,Posterior interosseous artery,Lateral epicondyle of humerus,Base of metacarpal V,Extends and adducts wrist
Muscles of the Upper Limb,Svaly hornej končatiny,Muskulatur der oberen Extremität,"Forearm - posterior compartment, deep layer","Zadný svalový oddiel predlaktia - hlboká vrstva",Hintere Unterarmmuskeln (tiefe Schicht),Musculus supinator,Supinator muscle,,Posterior interosseous nerve,Radial recurrent artery,Lateral epicondyle of humerus and ulna,Proximal third of radius,Supinates forearm
Muscles of the Upper Limb,Svaly hornej končatiny,Muskulatur der oberen Extremität,"Forearm - posterior compartment, deep layer","Zadný svalový oddiel predlaktia - hlboká vrstva",Hintere Unterarmmuskeln (tiefe Schicht),Musculus abductor pollicis longus,Abductor pollicis longus muscle,,Posterior interosseous nerve,Posterior interosseous artery,Posterior surfaces of radius ulna and interosseous membrane,Base of metacarpal I,Abducts thumb
Muscles of the Upper Limb,Svaly hornej končatiny,Muskulatur der oberen Extremität,"Forearm - posterior compartment, deep layer","Zadný svalový oddiel predlaktia - hlboká vrstva",Hintere Unterarmmuskeln (tiefe Schicht),Musculus extensor pollicis brevis,Extensor pollicis brevis muscle,,Posterior interosseous nerve,Posterior interosseous artery,Posterior surface of radius and interosseous membrane,Base of proximal phalanx of thumb,Extends thumb at MCP joint
Muscles of the Upper Limb,Svaly hornej končatiny,Muskulatur der oberen Extremität,"Forearm - posterior compartment, deep layer","Zadný svalový oddiel predlaktia - hlboká vrstva",Hintere Unterarmmuskeln (tiefe Schicht),Musculus extensor pollicis longus,Extensor pollicis longus muscle,,Posterior interosseous nerve,Posterior interosseous artery,Posterior surface of ulna and interosseous membrane,Base of distal phalanx of thumb,Extends thumb
Muscles of the Upper Limb,Svaly hornej končatiny,Muskulatur der oberen Extremität,"Forearm - posterior compartment, deep layer","Zadný svalový oddiel predlaktia - hlboká vrstva",Hintere Unterarmmuskeln (tiefe Schicht),Musculus extensor indicis,Extensor indicis muscle,,Posterior interosseous nerve,Posterior interosseous artery,Posterior surface of ulna,Extensor expansion of digit II,Extends index finger
Muscles of the Upper Limb,Svaly hornej končatiny,Muskulatur der oberen Extremität,"Hand - thenar muscles, superficial layer","Ruka - svaly thenaru (palcového vankúšika), povrchová vrstva",Thenarmuskeln (oberflächliche Schicht),Musculus abductor pollicis brevis,Abductor pollicis brevis muscle,,Recurrent branch of median nerve,Superficial palmar branch of radial artery,Flexor retinaculum and scaphoid tubercle,Base of proximal phalanx of thumb,Abducts thumb
Muscles of the Upper Limb,Svaly hornej končatiny,Muskulatur der oberen Extremität,"Hand - thenar muscles","Ruka - svaly thenaru (palcového vankúšika)",Thenarmuskeln,Musculus flexor pollicis brevis,Flexor pollicis brevis muscle,"Caput superficiale, Caput profundum",Recurrent branch of median nerve; deep branch of ulnar nerve,Superficial palmar branch of radial artery,Flexor retinaculum and trapezium,Base of proximal phalanx of thumb,Flexes thumb
Muscles of the Upper Limb,Svaly hornej končatiny,Muskulatur der oberen Extremität,"Hand - thenar muscles, deep layer","Ruka - svaly thenaru (palcového vankúšika), hlboká vrstva",Thenarmuskeln (tiefe Schicht),Musculus opponens pollicis,Opponens pollicis muscle,,Recurrent branch of median nerve,Superficial palmar branch of radial artery,Flexor retinaculum and trapezium,Lateral border of metacarpal I,Opposes thumb
Muscles of the Upper Limb,Svaly hornej končatiny,Muskulatur der oberen Extremität,"Hand - thenar muscles, deep layer","Ruka - svaly thenaru (palcového vankúšika), hlboká vrstva",Thenarmuskeln (tiefe Schicht),Musculus adductor pollicis,Adductor pollicis muscle,"Caput obliquum, Caput transversum",Deep branch of ulnar nerve,Deep palmar arch,Capitate and bases of metacarpals II-III and III,Base of proximal phalanx of thumb,Adducts thumb
Muscles of the Upper Limb,Svaly hornej končatiny,Muskulatur der oberen Extremität,"Hand - hypothenar muscles, superficial layer","Ruka - svaly hypothenaru (malého vankúšika), povrchová vrstva",Hypothenarmuskeln (oberflächliche Schicht),Musculus palmaris brevis,Palmaris brevis muscle,,Superficial branch of ulnar nerve,Superficial palmar arch,Palmar aponeurosis,Skin of hypothenar eminence,Wrinkles skin of hypothenar eminence
Muscles of the Upper Limb,Svaly hornej končatiny,Muskulatur der oberen Extremität,"Hand - hypothenar muscles, superficial layer","Ruka - svaly hypothenaru (malého vankúšika), povrchová vrstva",Hypothenarmuskeln (oberflächliche Schicht),Musculus abductor digiti minimi,Abductor digiti minimi muscle,,Deep branch of ulnar nerve,Deep palmar arch,Pisiform bone,Base of proximal phalanx of digit V,Abducts little finger
Muscles of the Upper Limb,Svaly hornej končatiny,Muskulatur der oberen Extremität,"Hand - hypothenar muscles, superficial layer","Ruka - svaly hypothenaru (malého vankúšika), povrchová vrstva",Hypothenarmuskeln (oberflächliche Schicht),Musculus flexor digiti minimi brevis,Flexor digiti minimi brevis muscle,,Deep branch of ulnar nerve,Deep palmar arch,Hook of hamate,Base of proximal phalanx of digit V,Flexes little finger
Muscles of the Upper Limb,Svaly hornej končatiny,Muskulatur der oberen Extremität,"Hand - hypothenar muscles, deep layer","Ruka - svaly hypothenaru (malého vankúšika), hlboká vrstva",Hypothenarmuskeln (tiefe Schicht),Musculus opponens digiti minimi,Opponens digiti minimi muscle,,Deep branch of ulnar nerve,Deep palmar arch,Hook of hamate,Medial border of metacarpal V,Opposes little finger
Muscles of the Upper Limb,Svaly hornej končatiny,Muskulatur der oberen Extremität,"Hand - central compartment, superficial layer","Ruka - svaly centrálneho oddielu ruky, povrchová vrstva",Zentrale Handmuskeln (oberflächliche Schicht),Musculi lumbricales,Lumbrical muscles,,Median nerve (I-II) and ulnar nerve (III-IV),Deep palmar arch,Tendons of flexor digitorum profundus,Extensor expansions of digits II-V,Flex MCP and extend IP joints
Muscles of the Upper Limb,Svaly hornej končatiny,Muskulatur der oberen Extremität,"Hand - central compartment, deep layer","Ruka - svaly centrálneho oddielu ruky, hlboká vrstva",Zentrale Handmuskeln (tiefe Schicht),Musculi interossei palmares,Palmar interossei muscles,,Deep branch of ulnar nerve,Deep palmar arch,Sides of metacarpals II IV V,Bases of proximal phalanges,Adduct fingers toward axial line
Muscles of the Upper Limb,Svaly hornej končatiny,Muskulatur der oberen Extremität,"Hand - central compartment, deep layer","Ruka - svaly centrálneho oddielu ruky, hlboká vrstva",Zentrale Handmuskeln (tiefe Schicht),Musculi interossei dorsales,Dorsal interossei muscles,,Deep branch of ulnar nerve,Deep palmar arch,Adjacent sides of metacarpals I-V,Bases of proximal phalanges,Abduct fingers away from axial line
Muscles of the Lower Limb,Svaly dolnej končatiny,Muskulatur der unteren Extremität,Hip - superficial gluteal muscles,"Bedro - povrchové svaly gluteálne",Oberflächliche Glutealmuskeln,Musculus gluteus maximus,Gluteus maximus muscle,,Inferior gluteal nerve,Inferior gluteal artery,Ilium sacrum and coccyx,Gluteal tuberosity and iliotibial tract,Extends and laterally rotates hip
Muscles of the Lower Limb,Svaly dolnej končatiny,Muskulatur der unteren Extremität,Hip - superficial gluteal muscles,"Bedro - povrchové svaly gluteálne",Oberflächliche Glutealmuskeln,Musculus gluteus medius,Gluteus medius muscle,,Superior gluteal nerve,Superior gluteal artery,Ilium between anterior and posterior gluteal lines,Greater trochanter,Abducts and medially rotates hip
Muscles of the Lower Limb,Svaly dolnej končatiny,Muskulatur der unteren Extremität,Hip - superficial gluteal muscles,"Bedro - povrchové svaly gluteálne",Oberflächliche Glutealmuskeln,Musculus gluteus minimus,Gluteus minimus muscle,,Superior gluteal nerve,Superior gluteal artery,Ilium between anterior and inferior gluteal lines,Greater trochanter,Abducts and medially rotates hip
Muscles of the Lower Limb,Svaly dolnej končatiny,Muskulatur der unteren Extremität,Hip - deep lateral rotators,"Bedro - hlboké laterálne rotátory",Tiefe Hüftrotatoren,Musculus piriformis,Piriformis muscle,,Nerve to piriformis (S1-S2),Superior and inferior gluteal arteries,Anterior surface of sacrum,Greater trochanter,Laterally rotates and abducts hip
Muscles of the Lower Limb,Svaly dolnej končatiny,Muskulatur der unteren Extremität,Hip - deep lateral rotators,"Bedro - hlboké laterálne rotátory",Tiefe Hüftrotatoren,Musculus obturatorius internus,Obturator internus muscle,,Nerve to obturator internus,Obturator artery,Internal surface of obturator membrane,Greater trochanter,Laterally rotates hip
Muscles of the Lower Limb,Svaly dolnej končatiny,Muskulatur der unteren Extremität,Hip - deep lateral rotators,"Bedro - hlboké laterálne rotátory",Tiefe Hüftrotatoren,Musculus gemellus superior,Superior gemellus muscle,,Nerve to obturator internus,Inferior gluteal artery,Ischial spine,Greater trochanter,Laterally rotates hip
Muscles of the Lower Limb,Svaly dolnej končatiny,Muskulatur der unteren Extremität,Hip - deep lateral rotators,"Bedro - hlboké laterálne rotátory",Tiefe Hüftrotatoren,Musculus gemellus inferior,Inferior gemellus muscle,,Nerve to quadratus femoris,Inferior gluteal artery,Ischial tuberosity,Greater trochanter,Laterally rotates hip
Muscles of the Lower Limb,Svaly dolnej končatiny,Muskulatur der unteren Extremität,Hip - deep lateral rotators,"Bedro - hlboké laterálne rotátory",Tiefe Hüftrotatoren,Musculus quadratus femoris,Quadratus femoris muscle,,Nerve to quadratus femoris,Medial circumflex femoral artery,Ischial tuberosity,Intertrochanteric crest,Laterally rotates and adducts hip
Muscles of the Lower Limb,Svaly dolnej končatiny,Muskulatur der unteren Extremität,Hip - deep lateral rotators,"Bedro - hlboké laterálne rotátory",Tiefe Hüftrotatoren,Musculus obturatorius externus,Obturator externus muscle,,Obturator nerve,Medial circumflex femoral artery,External surface of obturator membrane,Greater trochanter,Laterally rotates hip
Muscles of the Lower Limb,Svaly dolnej končatiny,Muskulatur der unteren Extremität,Thigh - anterior compartment,"Stehno - predný kompartment",Vordere Oberschenkelmuskeln,Musculus iliopsoas,Iliopsoas muscle,,Femoral nerve (iliacus) and lumbar plexus (psoas major),Lumbar and iliolumbar arteries,Lumbar vertebrae and iliac fossa,Lesser trochanter of femur,Flexes hip
Muscles of the Lower Limb,Svaly dolnej končatiny,Muskulatur der unteren Extremität,Thigh - anterior compartment,"Stehno - predný kompartment",Vordere Oberschenkelmuskeln,Musculus psoas major,Psoas major muscle,,Lumbar plexus branches,Lumbar arteries,Bodies and transverse processes of T12-L5,Lesser trochanter of femur,Flexes hip and trunk
Muscles of the Lower Limb,Svaly dolnej končatiny,Muskulatur der unteren Extremität,Thigh - anterior compartment,"Stehno - predný kompartment",Vordere Oberschenkelmuskeln,Musculus iliacus,Iliacus muscle,,Femoral nerve,Iliolumbar artery,Iliac fossa,Lesser trochanter of femur,Flexes hip
Muscles of the Lower Limb,Svaly dolnej končatiny,Muskulatur der unteren Extremität,Thigh - anterior compartment,"Stehno - predný kompartment",Vordere Oberschenkelmuskeln,Musculus sartorius,Sartorius muscle,,Femoral nerve,Femoral artery,Anterior superior iliac spine,Medial surface of tibia (pes anserinus),Flexes hip and knee
Muscles of the Lower Limb,Svaly dolnej končatiny,Muskulatur der unteren Extremität,Thigh - anterior compartment,"Stehno - predný kompartment",Vordere Oberschenkelmuskeln,Musculus quadriceps femoris,Quadriceps femoris muscle,"Rectus femoris, Vastus lateralis, Vastus medialis, Vastus intermedius",Femoral nerve,Femoral artery,Anterior inferior iliac spine and femur,Tibial tuberosity via patellar ligament,Extends knee
Muscles of the Lower Limb,Svaly dolnej končatiny,Muskulatur der unteren Extremität,Thigh - anterior compartment,"Stehno - predný kompartment",Vordere Oberschenkelmuskeln,Musculus articularis genus,Articularis genus muscle,,Femoral nerve,Femoral artery,Anterior distal femur,Suprapatellar bursa,Pulls suprapatellar bursa superiorly
Muscles of the Lower Limb,Svaly dolnej končatiny,Muskulatur der unteren Extremität,Thigh - medial compartment,"Stehno - mediálny kompartment",Mediale Oberschenkelmuskeln,Musculus pectineus,Pectineus muscle,,Femoral nerve (occasionally obturator nerve),Medial circumflex femoral artery,Pecten pubis,Pectineal line of femur,Adducts and flexes hip
Muscles of the Lower Limb,Svaly dolnej končatiny,Muskulatur der unteren Extremität,Thigh - medial compartment,"Stehno - mediálny kompartment",Mediale Oberschenkelmuskeln,Musculus adductor longus,Adductor longus muscle,,Obturator nerve,Obturator artery,Body of pubis,Middle third of linea aspera,Adducts thigh
Muscles of the Lower Limb,Svaly dolnej končatiny,Muskulatur der unteren Extremität,Thigh - medial compartment,"Stehno - mediálny kompartment",Mediale Oberschenkelmuskeln,Musculus adductor brevis,Adductor brevis muscle,,Obturator nerve,Obturator artery,Body and inferior ramus of pubis,Pectineal line and proximal linea aspera,Adducts thigh
Muscles of the Lower Limb,Svaly dolnej končatiny,Muskulatur der unteren Extremität,Thigh - medial compartment,"Stehno - mediálny kompartment",Mediale Oberschenkelmuskeln,Musculus adductor magnus,Adductor magnus muscle,"Pars adductoria, Pars hamstringa",Obturator nerve (pars adductoria) and tibial part of sciatic nerve (pars hamstringa),Obturator artery and profunda femoris artery,Inferior ramus of pubis and ischial tuberosity,Linea aspera and adductor tubercle,Adducts thigh and extends hip
Muscles of the Lower Limb,Svaly dolnej končatiny,Muskulatur der unteren Extremität,Thigh - medial compartment,"Stehno - mediálny kompartment",Mediale Oberschenkelmuskeln,Musculus gracilis,Gracilis muscle,,Obturator nerve,Medial circumflex femoral artery,Inferior ramus of pubis,Medial surface of tibia (pes anserinus),Adducts thigh and flexes knee
Muscles of the Lower Limb,Svaly dolnej končatiny,Muskulatur der unteren Extremität,Thigh - posterior compartment,"Stehno - zadný kompartment",Hintere Oberschenkelmuskeln,Musculus biceps femoris,Biceps femoris muscle,"Caput longum, Caput breve",Tibial nerve (caput longum) and common fibular nerve (caput breve),Perforating branches of profunda femoris artery,Ischial tuberosity and linea aspera,Head of fibula,Flexes knee and extends hip
Muscles of the Lower Limb,Svaly dolnej končatiny,Muskulatur der unteren Extremität,Thigh - posterior compartment,"Stehno - zadný kompartment",Hintere Oberschenkelmuskeln,Musculus semitendinosus,Semitendinosus muscle,,Tibial nerve,Perforating branches of profunda femoris artery,Ischial tuberosity,Medial surface of tibia (pes anserinus),Extends hip and flexes knee
Muscles of the Lower Limb,Svaly dolnej končatiny,Muskulatur der unteren Extremität,Thigh - posterior compartment,"Stehno - zadný kompartment",Hintere Oberschenkelmuskeln,Musculus semimembranosus,Semimembranosus muscle,,Tibial nerve,Perforating branches of profunda femoris artery,Ischial tuberosity,Posterior medial condyle of tibia,Extends hip and flexes knee
Muscles of the Lower Limb,Svaly dolnej končatiny,Muskulatur der unteren Extremität,Leg - anterior compartment,"Predkolenie - predný kompartment",Vordere Unterschenkelmuskeln,Musculus tibialis anterior,Tibialis anterior muscle,,Deep fibular nerve,Anterior tibial artery,Lateral condyle and shaft of tibia,Medial cuneiform and base of metatarsal I,Dorsiflexes and inverts foot
Muscles of the Lower Limb,Svaly dolnej končatiny,Muskulatur der unteren Extremität,Leg - anterior compartment,"Predkolenie - predný kompartment",Vordere Unterschenkelmuskeln,Musculus extensor hallucis longus,Extensor hallucis longus muscle,,Deep fibular nerve,Anterior tibial artery,Anterior surface of fibula,Distal phalanx of hallux,Extends great toe
Muscles of the Lower Limb,Svaly dolnej končatiny,Muskulatur der unteren Extremität,Leg - anterior compartment,"Predkolenie - predný kompartment",Vordere Unterschenkelmuskeln,Musculus extensor digitorum longus,Extensor digitorum longus muscle,,Deep fibular nerve,Anterior tibial artery,Lateral condyle of tibia and fibula,Middle and distal phalanges of digits II-V,Extends toes
Muscles of the Lower Limb,Svaly dolnej končatiny,Muskulatur der unteren Extremität,Leg - anterior compartment,"Predkolenie - predný kompartment",Vordere Unterschenkelmuskeln,Musculus fibularis tertius,Fibularis tertius muscle,,Deep fibular nerve,Anterior tibial artery,Distal fibula,Base of metatarsal V,Dorsiflexes and everts foot
Muscles of the Lower Limb,Svaly dolnej končatiny,Muskulatur der unteren Extremität,Leg - lateral compartment,"Predkolenie - laterálny kompartment",Laterale Unterschenkelmuskeln,Musculus fibularis longus,Fibularis longus muscle,,Superficial fibular nerve,Fibular artery,Head and lateral shaft of fibula,Base of metatarsal I and medial cuneiform,Everts and plantarflexes foot
Muscles of the Lower Limb,Svaly dolnej končatiny,Muskulatur der unteren Extremität,Leg - lateral compartment,"Predkolenie - laterálny kompartment",Laterale Unterschenkelmuskeln,Musculus fibularis brevis,Fibularis brevis muscle,,Superficial fibular nerve,Fibular artery,Distal lateral fibula,Base of metatarsal V,Everts foot
Muscles of the Lower Limb,Svaly dolnej končatiny,Muskulatur der unteren Extremität,"Leg - posterior compartment, superficial layer","Predkolenie - zadný kompartment, povrchová vrstva",Oberflächliche hintere Unterschenkelmuskeln,Musculus gastrocnemius,Gastrocnemius muscle,"Caput mediale, Caput laterale",Tibial nerve,Posterior tibial artery and sural branches,Femoral condyles,Calcaneus via Achilles tendon,Plantarflexes foot and flexes knee
Muscles of the Lower Limb,Svaly dolnej končatiny,Muskulatur der unteren Extremität,"Leg - posterior compartment, superficial layer","Predkolenie - zadný kompartment, povrchová vrstva",Oberflächliche hintere Unterschenkelmuskeln,Musculus soleus,Soleus muscle,,Tibial nerve,Posterior tibial artery and fibular artery,Posterior tibia and fibula,Calcaneus via Achilles tendon,Plantarflexes foot
Muscles of the Lower Limb,Svaly dolnej končatiny,Muskulatur der unteren Extremität,"Leg - posterior compartment, superficial layer","Predkolenie - zadný kompartment, povrchová vrstva",Oberflächliche hintere Unterschenkelmuskeln,Musculus plantaris,Plantaris muscle,,Tibial nerve,Posterior tibial artery,Lateral supracondylar line of femur,Calcaneus,Weak plantarflexion
Muscles of the Lower Limb,Svaly dolnej končatiny,Muskulatur der unteren Extremität,"Leg - posterior compartment, deep layer","Predkolenie - zadný kompartment, hlboká vrstva",Tiefe hintere Unterschenkelmuskeln,Musculus popliteus,Popliteus muscle,,Tibial nerve,Popliteal artery,Lateral femoral condyle and lateral meniscus,Posterior tibia,Unlocks knee
Muscles of the Lower Limb,Svaly dolnej končatiny,Muskulatur der unteren Extremität,"Leg - posterior compartment, deep layer","Predkolenie - zadný kompartment, hlboká vrstva",Tiefe hintere Unterschenkelmuskeln,Musculus tibialis posterior,Tibialis posterior muscle,,Tibial nerve,Posterior tibial artery,Posterior tibia fibula and interosseous membrane,Tarsal bones,Plantarflexes and inverts foot
Muscles of the Lower Limb,Svaly dolnej končatiny,Muskulatur der unteren Extremität,"Leg - posterior compartment, deep layer","Predkolenie - zadný kompartment, hlboká vrstva",Tiefe hintere Unterschenkelmuskeln,Musculus flexor hallucis longus,Flexor hallucis longus muscle,,Tibial nerve,Posterior tibial artery,Posterior fibula,Distal phalanx of hallux,Flexes great toe
Muscles of the Lower Limb,Svaly dolnej končatiny,Muskulatur der unteren Extremität,"Leg - posterior compartment, deep layer","Predkolenie - zadný kompartment, hlboká vrstva",Tiefe hintere Unterschenkelmuskeln,Musculus flexor digitorum longus,Flexor digitorum longus muscle,,Tibial nerve,Posterior tibial artery,Posterior tibia,Distal phalanges of digits II-V,Flexes toes
Muscles of the Lower Limb,Svaly dolnej končatiny,Muskulatur der unteren Extremität,Foot - dorsal muscles,"Chodidlo - dorzálne svaly",Dorsale Fußmuskeln,Musculus extensor digitorum brevis,Extensor digitorum brevis muscle,,Deep fibular nerve,Dorsalis pedis artery,Superolateral calcaneus,Extensor tendons of digits II-IV,Extends toes
Muscles of the Lower Limb,Svaly dolnej končatiny,Muskulatur der unteren Extremität,Foot - dorsal muscles,"Chodidlo - dorzálne svaly",Dorsale Fußmuskeln,Musculus extensor hallucis brevis,Extensor hallucis brevis muscle,,Deep fibular nerve,Dorsalis pedis artery,Calcaneus,Base of proximal phalanx of hallux,Extends great toe
Muscles of the Lower Limb,Svaly dolnej končatiny,Muskulatur der unteren Extremität,"Foot - plantar muscles, layer I","Chodidlo - plantárne svaly, I vrstva",Plantare Fußmuskeln (I. Schicht),Musculus abductor hallucis,Abductor hallucis muscle,,Medial plantar nerve,Medial plantar artery,Medial process of calcaneal tuberosity,Base of proximal phalanx of hallux,Abducts and flexes great toe
Muscles of the Lower Limb,Svaly dolnej končatiny,Muskulatur der unteren Extremität,"Foot - plantar muscles, layer I","Chodidlo - plantárne svaly, I vrstva",Plantare Fußmuskeln (I. Schicht),Musculus flexor digitorum brevis,Flexor digitorum brevis muscle,,Medial plantar nerve,Medial plantar artery,Medial process of calcaneal tuberosity,Middle phalanges of digits II-V,Flexes toes
Muscles of the Lower Limb,Svaly dolnej končatiny,Muskulatur der unteren Extremität,"Foot - plantar muscles, layer I","Chodidlo - plantárne svaly, I vrstva",Plantare Fußmuskeln (I. Schicht),Musculus abductor digiti minimi,Abductor digiti minimi muscle,,Lateral plantar nerve,Lateral plantar artery,Lateral process of calcaneal tuberosity,Base of proximal phalanx of digit V,Abducts little toe
Muscles of the Lower Limb,Svaly dolnej končatiny,Muskulatur der unteren Extremität,"Foot - plantar muscles, layer II","Chodidlo - plantárne svaly, II vrstva",Plantare Fußmuskeln (II. Schicht),Musculus quadratus plantae,Quadratus plantae muscle,,Lateral plantar nerve,Lateral plantar artery,Calcaneus,Tendon of flexor digitorum longus,Assists flexion of toes
Muscles of the Lower Limb,Svaly dolnej končatiny,Muskulatur der unteren Extremität,"Foot - plantar muscles, layer II","Chodidlo - plantárne svaly, II vrstva",Plantare Fußmuskeln (II. Schicht),Musculi lumbricales,Lumbrical muscles,,Medial plantar nerve (I) and lateral plantar nerve (II-IV),Plantar metatarsal arteries,Tendons of flexor digitorum longus,Extensor expansions of digits II-V,Flex MCP and extend IP joints
Muscles of the Lower Limb,Svaly dolnej končatiny,Muskulatur der unteren Extremität,"Foot - plantar muscles, layer III","Chodidlo - plantárne svaly, III vrstva",Plantare Fußmuskeln (III. Schicht),Musculus flexor hallucis brevis,Flexor hallucis brevis muscle,,Medial plantar nerve,Medial plantar artery,Cuboid and lateral cuneiform,Base of proximal phalanx of hallux,Flexes great toe
Muscles of the Lower Limb,Svaly dolnej končatiny,Muskulatur der unteren Extremität,"Foot - plantar muscles, layer III","Chodidlo - plantárne svaly, III vrstva",Plantare Fußmuskeln (III. Schicht),Musculus adductor hallucis,Adductor hallucis muscle,"Caput obliquum, Caput transversum",Lateral plantar nerve,Lateral plantar artery,Bases of metatarsals II-IV and plantar ligaments,Base of proximal phalanx of hallux,Adducts great toe
Muscles of the Lower Limb,Svaly dolnej končatiny,Muskulatur der unteren Extremität,"Foot - plantar muscles, layer III","Chodidlo - plantárne svaly, III vrstva",Plantare Fußmuskeln (III. Schicht),Musculus flexor digiti minimi brevis,Flexor digiti minimi brevis muscle,,Lateral plantar nerve,Lateral plantar artery,Base of metatarsal V,Base of proximal phalanx of digit V,Flexes little toe
Muscles of the Lower Limb,Svaly dolnej končatiny,Muskulatur der unteren Extremität,"Foot - plantar muscles, layer IV","Chodidlo - plantárne svaly, IV vrstva",Plantare Fußmuskeln (IV. Schicht),Musculi interossei plantares,Plantar interossei muscles,,Lateral plantar nerve,Plantar metatarsal arteries,Sides of metatarsals III-V,Bases of proximal phalanges,Adduct toes
Muscles of the Lower Limb,Svaly dolnej končatiny,Muskulatur der unteren Extremität,"Foot - plantar muscles, layer IV","Chodidlo - plantárne svaly, IV vrstva",Plantare Fußmuskeln (IV. Schicht),Musculi interossei dorsales,Dorsal interossei muscles,,Lateral plantar nerve,Plantar metatarsal arteries,Adjacent sides of metatarsals I-V,Bases of proximal phalanges,Abduct toes