term_category,latin_translation,latin_gender,latin_declension,latin_genitive,latin_accusative,english_translation,english_definition,german_translation,german_definition,slovak_translation,slovak_definition,synonyms_en,synonyms_de,synonyms_sk,related_terms,notes,noun,adjective,verb,preposition,phrase
,Abdominalis,,,Abdominalis,Abdominalem,Abdominal,Relating to the abdomen,Bauch,In Bezug auf den Bauch,Brucho,Týkajúce sa brucha,,,,,,0,1,0,0,0
,Abortus,m.,II,Aborti,Abortum,Abortion,Termination of pregnancy,Abtreibung,Beendigung der Schwangerschaft,Potrat,Ukončenie tehotenstva,,,,,,1,0,0,0,0
,Abortus in cursu,,IV,Abortūs in cursu,Abortum in cursu,Ongoing abortion,,Anhaltende Abtreibung,,Priebežné potraty,,,,,,,0,0,0,0,1
,Acidum,n.,II,Acidi,Acidum,Acid,Chemical compound,Säure,Chemische Verbindung,Kyselina,Chemická zlúčenina,,,,,,1,0,0,0,0
,Acidus,m.,II,Acidi,Acidum,Acidic,Having acidic properties,Saur,Saure Eigenschaften haben,Kyslý,Mať kyslé vlastnosti,,,,,,1,0,0,0,0
,Acquisitus,m.,II,Acquisiti,Acquisitum,Acquired,Not congenital,Erworben,Nicht angeboren,Získaný,Nie vrodený,,,,,,1,0,0,0,0
,Acromioclavicularis,,,Acromioclavicularis,Acromioclavicularem,Acromioclavicular,Relating to acromion and clavicle,Akromioklavikular,In Bezug auf Acromion und Schlüsselbein,Akromioklavikulárny,Týkajúce sa akromiónu a kosti,,,,,,0,1,0,0,0
,Acromion,n.,II,Acromii,Acromium,Acromion,Part of the scapula,Akromion,Teil des Schulterblatts,Akromión,Časť lopatky,,,,,,1,0,0,0,0
,Acus,f.,IV,Acūs,Acum,Needle,Sharp pointed instrument,Nadel,Scharfes spitzes Instrument,Štrbina,Ostrý prístroj,,,,,,1,0,0,0,0
,Acutus,m.,II,Acuti,Acutum,Acute,"Sharp, severe",Akut,"Scharf, schwer",Akútny,"Ostré, ťažké",,,,,,1,0,0,0,0
,Ad (Acc.),,,,,"To, Toward",,"Zu, in Richtung",,Do smerom k,,,,,,,0,0,0,1,0
,Adeps,m.,III,Adipis,Adipem,Fat,Lipid substance,Fett,Lipidsubstanz,Tuk,Lipidová látka,,,,,,1,0,0,0,0
,Adipositas,f.,III,Adipositasis,Adipositatem,Adiposity,Obesity condition,Adipositas,Fettleibigkeit,Adipozita,Obozračný stav,,,,,,1,0,0,0,0
,Adiposus,,,Adiposi,Adiposum,Adipose,Relating to fat,Fett,In Bezug auf Fett,Tub,Týkajúce sa tuku,,,,,,0,1,0,0,0
,Aditus,m.,II,Aditi,Aditum,Entrance,Opening or passage,Eingang,Öffnung oder Passage,Vstup,Otváranie alebo priechod,,,,,,1,0,0,0,0
,Adultus,m.,II,Adulti,Adultum,Adult,Fully grown person,Erwachsene,Ausgewachsene Person,Dospelý,Plne dospelý človek,,,,,,1,0,0,0,0
,Aegrotus,m.,II,Aegroti,Aegrotum,Sick person,Ill individual,Kranke,Ill Individuum,Chorý človek,Chorý jednotlivec,,,,,,1,0,0,0,0
,Aequalis,,,Aequalis,Aequalem,Equal,Of the same value,Gleich,Gleichwertig,Rovnaký,Rovnaká hodnota,,,,,,0,1,0,0,0
,Afferens,,,Afferentis,Afferentem,Afferent,Carrying towards,Afferent,Transportieren,Aferentný,Prenášať,,,,,,0,1,0,0,0
,Alaris,,,Alaris,Alarem,Alar,Related to or resembling a wing,Alar,Im Zusammenhang mit oder ähneln einem Flügel,Alar,Súvisí s krídlom alebo pripomínajú,,,,,,0,1,0,0,0
,Alienus,m.,II,Alieni,Alienum,Foreign,Not belonging,Ausländisch,Keine Zugehörigkeit,Zahraničný,Nepodarí,,,,,,1,0,0,0,0
,Allergicus,,,Allergici,Allergicum,Allergic,Relating to allergies,Allergisch,In Bezug auf Allergien,Alergický,Týkajúce sa alergií,,,,,,0,1,0,0,0
,Alveolaris,,,Alveolaris,Alveolarem,Alveolar,Relating to alveoli,Alveolar,In Bezug auf Alveoli,Alveolárny,Týkajúce sa alveol,,,,,,0,1,0,0,0
,Ampulla,f.,I,Ampullae,Ampullam,Ampulla,Dilated vessel part,Ampulle,Erweiterter Schiffsteil,Ampulla,Dilatačná plavidlo,,,,,,1,0,0,0,0
,Amputatio,f.,III,Amputationis,Amputationem,Amputation,Surgical limb removal,Amputation,Chirurgische Gliedmaßenentfernung,Amputácia,Odstránenie chirurgickej končatiny,,,,,,1,0,0,0,0
,Anaerobicus,m.,II,Anaerobici,Anaerobicum,Anaerobic,Living without oxygen,Anaerob,Ohne Sauerstoff leben,Anaeróbny,Život bez kyslíka,,,,,,1,0,0,0,0
,Anaesthesia,f.,I,Anaesthesiae,Anaesthesiam,Anesthesia,Loss of sensation,Anästhesie,Verlust der Empfindung,Anestézia,Strata pocitu,,,,,,1,0,0,0,0
,Analis,,,Analis,Analem,Anal,Relating to the anus,Anal,In Bezug auf den Anus,Análny,Týkajúce sa konečníka,,,,,,0,1,0,0,0
,Anatomicus,,,Anatomici,Anatomicum,Anatomical,Relating to anatomy,Anatomisch,In Bezug auf Anatomie,Anatomický,Týkajúce sa anatómie,,,,,,0,1,0,0,0
,Aneurysma,f.,I,Aneurysmae,Aneurysmam,Aneurysm,Localized vessel dilation,Aneurysma,Lokalisierte Gefäßdilatation,Aneuryzma,Lokalizovaná dilatácia plavidla,,,,,,1,0,0,0,0
,Angulus,m.,II,Anguli,Angulum,Angle,Corner or bend,Winkel,Ecke oder Biegung,Uhol,Roh alebo ohnúť sa,,,,,,1,0,0,0,0
,Anus,m.,II,Ani,Anum,Anus,Inferior opening of anal canal,Anus,Minderwertige Öffnung des Analkanals,Konečník,Nižšie otvorenie análneho kanála,,,,,,1,0,0,0,0
,Ante (Acc.),,,,,Before,,Vor,,Pred,,,,,,,0,0,0,1,0
,Antebrachium,n.,II,Antebrachii,Antebrachium,Forearm,Part of the arm,Unterarm,Teil des Arms,Predlaktie,Časť ruky,,,,,,1,0,0,0,0
,Anteflexio,f.,III,Anteflexionis,Anteflexionem,Anteflexion,Forward bending,Anteflexion,Vorwärtsbiegung,Anteflexia,Ohýbanie,,,,,,1,0,0,0,0
,Antepositio,f.,III,Antepositionis,Antepositionem,Anteposition,Forward positioning,Anposition,Vorwärtspositionierung,Antepozícia,Poloha orgánu vpred,,,,,,1,0,0,0,0
,Antiallergicus,m.,II,Antiallergici,Antiallergicum,Antiallergic,Against allergy,Antiallergiker,Gegen Allergie,Antialergický,Proti alergii,,,,,,1,0,0,0,0
,Antidiabeticus,m.,II,Antidiabetici,Antidiabeticum,Antidiabetic,Against diabetes,Antidiabetikum,Gegen Diabetes,Antidiabetický,Proti cukrovke,,,,,,1,0,0,0,0
,Antihaemorrhagicus,m.,II,Antihaemorrhagici,Antihaemorrhagicum,Antihemorrhagic,Prevents bleeding,Antihämorrhagisch,Verhindert Blutungen,Antihemoragický,Zabraňuje krvácaniu,,,,,,1,0,0,0,0
,Anularis,,,Anularis,Anularem,Anular,Ring-shaped,Anular,Ringförmig,Akulárny,V tvare krúžku,,,,,,0,1,0,0,0
,Apertura,f.,I,Aperturae,Aperturam,Aperture,Opening or hole,Öffnung,Öffnung oder Loch,Otvor,Otvor alebo otvor,,,,,,1,0,0,0,0
,Apertus,m.,II,Aperti,Apertum,Open,Not closed,Offen,Nicht geschlossen,Otvorené,Nie zatvorený,,,,,,1,0,0,0,0
,Apex,m.,III,Apicis,Apicem,Apex,Tip of an organ,Apex,Spitze einer Organ,Vrchol,Špička orgánu,,,,,,1,0,0,0,0
,Appendix,f.,III,Appendicis,Appendicem,Appendix,Small attached organ,Anhang,Kleine angeschlossene Orgel,Príloha,Pripevnený orgán,,,,,,1,0,0,0,0
,Aqua,f.,I,Aquae,Aquam,Water,Essential substance for life,Wasser,Wesentliche Substanz fürs Leben,Voda,Základná látka na celý život,,,,,,1,0,0,0,0
,Aromaticus,m.,II,Aromatici,Aromaticum,Aromatic,Having a strong scent,Aromatisch,Einen starken Duft haben,Aromatický,Mať silnú vôňu,,,,,,1,0,0,0,0
,Ars,f.,III,Artis,Artem,Art,Skill or craft,Kunst,Geschicklichkeit oder Handwerk,Umenia,Zručnosť,,,,,,1,0,0,0,0
,Ascendens,,,Ascendentis,Ascendentem,Ascending,Moving upwards,Aufsteigend,Nach oben bewegen,Vzostupný,Pohybovať sa hore,,,,,,0,1,0,0,0
,Ascites,f.,V,Asciteos,Ascitem,Ascites,Fluid accumulation in abdomen,Aszites,Flüssigkeitsakkumulation im Bauch,Udelenie,Hromadenie tekutín v bruchu,,,,,,1,0,0,0,0
,Atypicus,m.,II,Atypici,Atypicum,Atypical,Not typical,Atypisch,Nicht typisch,Atypický,Nie typický,,,,,,1,0,0,0,0
,Auditus,m.,II,Auditi,Auditum,Hearing,Sense of hearing,Anhörung,Hörgefühl,Vypočutie,Zmysel pre vypočutie,,,,,,1,0,0,0,0
,Auricularis,,,Auricularis,Auricularem,Auricular,Relating to the ear,Aurikulär,In Bezug auf das Ohr,Osudový,Týkajúce sa ucha,,,,,,0,1,0,0,0
,Auris,,,Auris,Aurem,Ear,Hearing organ,Ohr,Hörorgan,Ucho,Vypočúvaný orgán,,,,,,0,1,0,0,0
,Autointoxicatio,f.,III,Autointoxicationis,Autointoxicationem,Self-intoxication,Self-poisoning,Selbstausfallung,Selbstvergiftung,Samostatná intoxikácia,Sebaobrany,,,,,,1,0,0,0,0
,Axis,,,Axis,Axem,Axis,Central line,Achse,Zentrale Linie,Osi,Centrálna čiara,,,,,,0,1,0,0,0
,Basalis,,,Basalis,Basalem,Basal,Relating to base,Basal,In Bezug auf die Basis,Bazálny,Týkajúce sa základne,,,,,,0,1,0,0,0
,Basis,,,Basis,Basim,Base,Bottom part,Base,Unterteil,Základňa,Spodná časť,,,,,,0,1,0,0,0
,Bicuspidalis,,,Bicuspidalis,Bicuspidalem,Bicuspid,Having two cusps,Bicuspid,Zwei Höcker haben,Bicuspid,Mať dva hroty,,,,,,0,1,0,0,0
,Bifurcatio,f.,III,Bifurcationis,Bifurcationem,Bifurcation,Splitting into two,Gabelung,Sich in zwei Teile teilen,Rozdvojenie,Rozdelenie na dva,,,,,,1,0,0,0,0
,Benignus,m.,II,Benigni,Benignum,Benign,Non-malignant,Gutartig,Nicht-Malignes,Bohorováčik,Nemotorný,,,,,,1,0,0,0,0
,Bonus,m.,II,Boni,Bonum,Good,Of high quality,Gut,Von hoher Qualität,Dobrý,Vysoká kvalita,,,,,,1,0,0,0,0
,Boricus,m.,II,Borici,Boricum,Boric,Related to boron,Bor,Im Zusammenhang mit Bor,Borivý,Súvisiace s bórom,,,,,,1,0,0,0,0
,Brachialis,,,Brachialis,Brachialem,Brachial,Relating to arm,Brachial,In Bezug auf Arm,Brachiálny,Súvisiace s rukou,,,,,,0,1,0,0,0
,Brachium,n.,II,Brachii,Brachium,Arm,Part between shoulder and elbow,Arm,Teil zwischen Schulter und Ellbogen,Rameno,Časť medzi ramenom a lakťom,,,,,,1,0,0,0,0
,Brevis,,,Brevis,Brevem,Short,Having small length,Kurz,Kleine Länge haben,Krátky,Mať malú dĺžku,,,,,,0,1,0,0,0
,Bulbus,m.,II,Bulbi,Bulbum,Bulb,Rounded part,Birne,Abgerundeter Teil,Žiarovka,Zaoblená časť,,,,,,1,0,0,0,0
,Bursa,f.,I,Bursae,Bursam,Bursa,Fluid-filled sac,Schleimbeutel,Flüssigkeitssack,Bursa,Vak naplnený tekutinou,,,,,,1,0,0,0,0
,Canaliculus,m.,II,Canaliculi,Canalicum,Canaliculus,Small channel,Canaliculus,Kleiner Kanal,Kanál,Malý kanál,,,,,,1,0,0,0,0
,Canalis,,,Canalis,Canalem,Canal,Passageway,Kanal,Durchgang,Kanál,Priechod,,,,,,0,1,0,0,0
,Capsularis,,,Capsularis,Capsularem,Capsular,Relating to a capsule,Kapsel,In Bezug auf eine Kapsel,Kapsulárny,Týkajúce sa kapsuly,,,,,,0,1,0,0,0
,Caput,n.,III,Capitis,Caput,Head,Uppermost part,Kopf,Oberster Teil,Hlavná strana,Najvyššia časť,,,,,,1,0,0,0,0
,Caries,f.,V,Cariesei,Cariesem,Caries,Tooth decay,Karies,Karies,Kaz,Zubný kaz,,,,,,1,0,0,0,0
,Carpometacarpalis,,,Carpometacarpalis,Carpometacarpalem,Carpometacarpal,Relating to wrist & metacarpals,Karpometakarpal,Im Zusammenhang mit Handgelenk und Metacarpals,Carpometacarpal,Týkajúce sa zápästia a metacarpals,,,,,,0,1,0,0,0
,Causa,f.,I,Causae,Causam,Cause,Reason or motive,Ursache,Grund oder Motiv,Spôsob,Dôvod alebo motív,,,,,,1,0,0,0,0
,Cavus,m.,II,Cavi,Cavum,Hollow,Concave shape,Hohl,Konkave Form,Dutina,Konkávny tvar,,,,,,1,0,0,0,0
,Cavitas,f.,III,Cavitatis,Cavitatem,Cavity,Hollow space,Hohlraum,Hohlraum,Dutina,Dutina,,,,,,1,0,0,0,0
,Centrum,n.,II,Centri,Centrum,Center,Middle part,Center,Mittlerer Teil,Stred,Stredná časť,,,,,,1,0,0,0,0
,Cervicalis,,,Cervicalis,Cervicalem,Cervical,Relating to the neck,Zervikal,Im Zusammenhang mit dem Hals,Krčný,Týkajúce sa krku,,,,,,0,1,0,0,0
,Cervicobrachialis,,,Cervicobrachialis,Cervicobrachialem,Cervicobrachial,Relating to neck & arm,Zervicobrachial,In Bezug auf Neck & Arm,Cervicobrachiálny,Týkajúce sa krku a ruky,,,,,,0,1,0,0,0
,Cervicothoracicus,,,Cervicothoracici,Cervicothoracicum,Cervicothoracic,Relating to neck & chest,Gebärmutterhals,In Bezug auf Neck & Brust,Krčný,Týkajúce sa krku a hrudníka,,,,,,0,1,0,0,0
,China,f.,I,Chinae,Chinam,Quina,Tropical tree,Quina,Tropenbaum,Quina,Tropický strom,,,,,,1,0,0,0,0
,Chronicus,m.,II,Chronici,Chronicum,Chronic,Long-term condition,Chronisch,Langzeitbedingung,Chronický,Dlhodobý stav,,,,,,1,0,0,0,0
,Cirulatorius,,,Cirulatorii,Cirulatorium,Circulatory,Relating to circulation,Kreislauf,In Bezug auf den Kreislauf,Obvodný,Týkajúce sa obehu,,,,,,0,1,0,0,0
,Circumoralis,,,Circumoralis,Circumoralem,Circumoral,Around the mouth,Umfang,Um den Mund,Obvodový,Okolo úst,,,,,,0,1,0,0,0
,Clausus,m.,II,Clausi,Clausum,Closed,Not open,Geschlossen,Nicht offen,ZATVORENÉ,Neotvorený,,,,,,1,0,0,0,0
,Cleidocostalis,,,Cleidocostalis,Cleidocostalem,Cleidocostal,Relating to clavicle and rib,Cleventocostal,In Bezug auf Schlüsselbein und Rippe,Cleidokostál,Týkajúce sa kosti a rebier,,,,,,0,1,0,0,0
,Collapsus,m.,II,Collapsi,Collapsum,Collapse,Breakdown,Zusammenbruch,Abbauen,Zrútenie,Rozpad,,,,,,1,0,0,0,0
,Collum,n.,II,Colli,Collum,Neck,Narrow body part,Nacken,Enger Körperteil,Krk,Úzka časť tela,,,,,,1,0,0,0,0
,Costovertebralis,,,Costovertebralis,Costovertebralem,Costovertebral,Relating to ribs and vertebrae,Costovertebral,In Bezug auf Rippen und Wirbel,Nákladný,Týkajúce sa rebier a stavcov,,,,,,0,1,0,0,0
,Columna vertebralis,,I,Columnae vertebralis,Columnam vertebralem,Vertebral column,,Wirbelsäule,,Stavcový stĺp,,,,,,,0,0,0,0,1
,Communis,,,Communis,Communem,Common,Shared,Gemeinsam,Geteilt,Bežný,Zdieľaný,,,,,,0,1,0,0,0
,Completus,m.,II,Completi,Completum,Complete,Fully formed,Vollständig,Vollständig gebildet,Dokončiť,Plne formovaný,,,,,,1,0,0,0,0
,Complicatus,m.,II,Complicati,Complicatum,Complicated,Difficult,Kompliziert,Schwierig,Komplikovaný,Ťažký,,,,,,1,0,0,0,0
,Compositus,m.,II,Compositi,Compositum,Composed,Made up of parts,Komponiert,Bestehend aus Teilen,Zložený,Tvorené dielmi,,,,,,1,0,0,0,0
,Congenitus,m.,II,Congeniti,Congenitum,Congenital,Present at birth,Angeboren,Bei der Geburt anwesend,Vrodený,Prítomný pri narodení,,,,,,1,0,0,0,0
,Contusio,f.,III,Contusionis,Contusionem,Contusion,Bruise,Prellung,Prellung,Pokles,Modrina,,,,,,1,0,0,0,0
,Cranium,n.,II,Cranii,Cranium,Cranium,Skull,Schädel,Schädel,Lebka,Lebka,,,,,,1,0,0,0,0
,Crassus,m.,II,Crassi,Crassum,Thick,Dense or fat,Dick,Dicht oder fett,Hrubý,Hustý alebo tučný,,,,,,1,0,0,0,0
,Cricoideus,m.,II,Cricoidei,Cricoideum,Cricoid,Ring-shaped cartilage,Cricoid,Ringförmiger Knorpel,Krik,Chrupavka v tvare krúžku,,,,,,1,0,0,0,0
,Cruciatus,m.,II,Cruciati,Cruciatum,Cruciate,Cross-shaped,Kreuz,Kreuzförmig,Kričať,Krížový tvar,,,,,,1,0,0,0,0
,Crus,n.,III,Cruris,Crus,Leg,Lower limb,Bein,Untere Extremität,Noha,Dolná končatina,,,,,,1,0,0,0,0
,Curvatura,f.,I,Curvaturae,Curvaturam,Curvature,Bent shape,Krümmung,Gebogene Form,Zakrivenie,Ohýbanie tvaru,,,,,,1,0,0,0,0
,Cuspis,,,Cuspidis,Cuspidem,Cusp,Pointed end,Höcker,Spitzes Ende,Hrot,Špicatý koniec,,,,,,0,1,0,0,0
,Cystis,,,Cystis,Cystem,Cyst,Fluid-filled sac,Zyste,Flüssigkeitssack,Cysta,Vak naplnený tekutinou,,,,,,0,1,0,0,0
,Cystoides,f.,V,Cystoidesei,Cystoidesem,Cystoid,Resembling a cyst,Zystoid,Ähnlich einer Zyste,Cystoid,Pripomínajúci cysta,,,,,,1,0,0,0,0
,Decimus,m.,II,Decimi,Decimum,Tenth,Ordinal number,Zehntel,Ordinalzahl,Desiaty,Číslo,,,,,,1,0,0,0,0
,Deciduus,m.,II,Decidui,Deciduum,Deciduous,Shedding,Laub,Verschütten,Listnatý,Vylučovanie,,,,,,1,0,0,0,0
,Decubitus,m.,II,Decubiti,Decubitum,Bedsore,Pressure ulcer,Dekubitus,Druckgeschwür,Posteľ,Tlakový vred,,,,,,1,0,0,0,0
,Deformans,,III,Deformantis,Deformantem,Deforming,Changing shape,Verformung,Formwechsel,Deformovanie,Meniace sa tvar,,,,,,0,0,1,0,0
,Dehydratatio,f.,III,Dehydratationis,Dehydratationem,Dehydration,Loss of body fluids,Dehydration,Verlust von Körperflüssigkeiten,Dehydratácia,Strata telesných tekutín,,,,,,1,0,0,0,0
,Dentalis,,,Dentalis,Dentalem,Dental,Relating to teeth,Zahnärztlich,In Bezug auf die Zähne,Zubný,Súvisiaca so zubami,,,,,,0,1,0,0,0
,Dentatus,m.,II,Dentati,Dentatum,Dentate,Tooth-shaped,Gezähnt,Zahnförmig,Zubný dom,V tvare zubov,,,,,,1,0,0,0,0
,Descendens,,,Descendentis,Descendentem,Descending,Moving downward,Absteigend,Sich nach unten bewegen,Zostupný,Pohybujúci sa nadol,,,,,,0,1,0,0,0
,Destilllatus,m.,II,Destilllati,Destilllatum,Distilled,Purified by heating,Destilliert,Durch Heizung gereinigt,Destilovaný,Očistené zahrievaním,,,,,,1,0,0,0,0
,Dexter,m.,II,Dextri,Dextrum,Right,On the right side,Rechts,Auf der rechten Seite,Pravý,Na pravej strane,,,,,,1,0,0,0,0
,Dorsum,n.,II,Dorsi,Dorsum,Back,Upper side of body part,Zurück,Oberseite des Körperteils,Chrbát,Horná strana tela,,,,,,1,0,0,0,0
,Dosis,,,Dosis,Dosim,Dose,Quantity of medicine,Dosis,Menge der Medizin,Dávka,Množstvo liekov,,,,,,0,1,0,0,0
,Duodecimus,m.,II,Duodecimi,Duodecimum,Twelfth,Ordinal number,Zwölfte,Ordinalzahl,Dvanástina,Číslo,,,,,,1,0,0,0,0
,Duodenalis,,,Duodenalis,Duodenalem,Duodenal,Relating to duodenum,Duodenal,In Bezug auf Duodenum,Dvanástnitý,Týkajúce sa duodenu,,,,,,0,1,0,0,0
,Duplex,m..,III,Duplex,Duplicem,Double,Having two parts,Doppelt,Zwei Teile haben,Zdvojnásobiť,Mať dve časti,,,,,,1,0,0,0,0
,Durus,m.,II,Duri,Durum,Hard,Not soft,Hart,Nicht weich,Ťažko,Nie mäkký,,,,,,1,0,0,0,0
,Dystopia,f.,I,Dystopiae,Dystopiam,Dystopia,Abnormal organ location,Dystopie,Abnormaler Orgelort,Dystopia,Abnormálne umiestnenie orgánov,,,,,,1,0,0,0,0
,Efferens,,,Efferentis,Efferentem,Efferent,Carrying away,Efferent,Wegtragen,Elegantný,Odchod,,,,,,0,1,0,0,0
,Effervescens,,,Effervescentis,Effervescentem,Effervescent,Producing bubbles,Sprudel,Blasen produzieren,Šumivý,Výroba bublín,,,,,,0,1,0,0,0
,Endocrinus,m.,II,Endocrini,Endocrinum,Endocrine,Hormone-secreting,Endokrin,Hormonsekreting,Endokrinný,Vylučovanie hormónov,,,,,,1,0,0,0,0
,Endogenes,f.,V,Endogenesei,Endogenesem,Endogenous,Originating internally,Endogen,Intern entstehen,Endogénny,Vznikajúci interne,,,,,,1,0,0,0,0
,Endometrium,n.,II,Endometrii,Endometrium,Endometrium,Uterine lining,Endometrium,Uterusfutter,Endometria,Podšívka maternice,,,,,,1,0,0,0,0
,Epicondylus,m.,II,Epicondyli,Epicondylum,Epicondyle,Bony prominence,Epicondyle,Knochenmut,Epicondyle,Kosti,,,,,,1,0,0,0,0
,Epididymis,,,Epididymidis,Epididymidem,Epididymis,Sperm storage organ,Epididymis,Spermienspeicherorgan,Epididymis,Ukladanie spermií,,,,,,0,1,0,0,0
,Epiduralis,,,Epiduralis,Epiduralem,Epidural,Above the dura mater,Epidural,Über der Dura Mater,Epidurálny,Nad dura mater,,,,,,0,1,0,0,0
,Epithelialis,,,Epithelialis,Epithelialem,Epithelial,Relating to epithelium,Epithel,In Bezug auf Epithel,Epitelový,Týkajúce sa epitelu,,,,,,0,1,0,0,0
,Epithelium,n.,II,Epithelii,Epithelium,Epithelium,Tissue lining,Epithel,Gewebefutter,Epitel,Tkanivová podšívka,,,,,,1,0,0,0,0
,Erythrocytes,f.,V,Erythrocytesei,Erythrocytesem,Erythrocytes,Red blood cells,Erythrozyten,Rote Blutkörperchen,Erytrocyty,Červené krvinky,,,,,,1,0,0,0,0
,Euthanasia,f.,I,Euthanasiae,Euthanasiam,Euthanasia,Mercy killing,Euthanasie,Barmherzigkeit Tötung,Eutanázia,Zabíjanie milosrdenstva,,,,,,1,0,0,0,0
,Excision,f.,III,Excisionis,Excisionem,Excision,Surgical removal,Exzision,Operative Entfernung,Excízia,Chirurgické odstránenie,,,,,,1,0,0,0,0
,Exclusion,f.,III,Exclusionis,Exclusionem,Exclusion,Elimination,Ausschluss,Beseitigung,Vylúčenie,Vylúčenie,,,,,,1,0,0,0,0
,Exitus,m.,II,Exiti,Exitum,Outcome,End result,Ergebnis,Endergebnis,Výsledok,Konečný výsledok,,,,,,1,0,0,0,0
,Exitus letalis,,II,Exiti letalis,Exitum letalem,Lethal outcome,,Tödliches Ergebnis,,Smrtiaci výsledok,,,,,,,0,0,0,0,1
,Exogenes,f.,V,Exogenesei,Exogenesem,Exogenous,Originating externally,Exogen,Ursprung extern,Exogénny,Pochádza z vonkajšej strany,,,,,,1,0,0,0,0
,Expedition,f.,III,Expeditionis,Expeditionem,Package,Prepared medicine package,Paket,Vorbereitete Medizinpaket,Balík,Pripravený lekársky balíček,,,,,,1,0,0,0,0
,Expedition originalis,,III,Expeditionis originalis,Expeditionem originalem,Original package,,Originalpaket,,Originálny balík,,,,,,,0,0,0,0,1
,Extensio,f.,III,Extensionis,Extensionem,Extension,Stretching of limb,Verlängerung,Dehnung der Gliedmaßen,Rozšírenie,Roztiahnutie končatiny,,,,,,1,0,0,0,0
,Exterior,,,Exterioris,Exteriorem,Exterior,Outer,Äußerlich,Äußere,Exteriér,Vonkajší,,,,,,0,1,0,0,0
,Externus,m.,II,Externi,Externum,External,Outside,Extern,Draußen,Vonkajší,Vonkajší,,,,,,1,0,0,0,0
,Extracellularis,,,Extracellularis,Extracellularem,Extracellular,Outside the cell,Extrazellulär,Außerhalb der Zelle,Extracelulárny,Mimo bunky,,,,,,0,1,0,0,0
,Facialis,,,Facialis,Facialem,Facial,Relating to the face,Gesichts,In Bezug auf das Gesicht,Tvár,Súvisiace s tvárou,,,,,,0,1,0,0,0
,Facies,f.,V,Faciesei,Faciesem,Face,Surface of body part,Gesicht,Oberfläche des Körperteils,Tvár,Časť tela,,,,,,1,0,0,0,0
,Falciformis,,,Falciformis,Falciformem,Falciform,Sickle-shaped,Falciform,Sichelförmig,Falciform,Kosáčikovitý,,,,,,0,1,0,0,0
,Fasciculus,m.,II,Fasciculi,Fasciculum,Fascicle,Bundle of fibers,Faszikel,Bündel von Fasern,Fascinovať,Zväzok vlákien,,,,,,1,0,0,0,0
,Femininus,,,Feminini,Femininum,Feminine,Relating to female,Feminin,In Bezug auf weiblich,Ženský,Týkajúce sa ženy,,,,,,0,1,0,0,0
,Fetus,m.,II,Feti,Fetum,Fetus,Unborn baby,Fötus,Ungeborenes Baby,Plod,Nenarodené dieťa,,,,,,1,0,0,0,0
,Fissura,f.,I,Fissurae,Fissuram,Fissure,Deep groove,Spalt,Tiefe Groove,Trhlina,Hlboká drážka,,,,,,1,0,0,0,0
,Flexion,f.,III,Flexionis,Flexionem,Flexion,Bending movement,Beugung,Biegebewegung,Ohyb,Ohýbanie,,,,,,1,0,0,0,0
,Flexus,m.,II,Flexi,Flexum,Bent,Curved,Gebogen,Gebogen,Ohýbať sa,Zakrivený,,,,,,1,0,0,0,0
,Fluidus,m.,II,Fluidi,Fluidum,Fluid,Liquid substance,Flüssigkeit,Flüssige Substanz,Tekutý,Kvapalná látka,,,,,,1,0,0,0,0
,Fluorisatio,f.,III,Fluorisationis,Fluorisationem,Fluoridation,Adding fluoride,Fluoridierung,Fluorid hinzufügen,Fluoridácia,Pridanie fluoridu,,,,,,1,0,0,0,0
,Foramen,n.,III,Foraminis,Foramen,Foramen,Opening,Foramen,Öffnung,Predzvesť,Úvodný,,,,,,1,0,0,0,0
,Fossa,f.,I,Fossae,Fossam,Fossa,Depression or hollow,Fossa,Depression oder hohl,Fossa,Depresia alebo dutina,,,,,,1,0,0,0,0
,Fovea,f.,I,Foveae,Foveam,Fovea,Small pit,Fovea,Kleine Grube,Fovea,Malá jama,,,,,,1,0,0,0,0
,Fragilis,,,Fragilis,Fragilem,Fragile,Easily broken,Zerbrechlich,Leicht gebrochen,Krehký,Ľahko zlomený,,,,,,0,1,0,0,0
,Frontalis,,,Frontalis,Frontalem,Frontal,Relating to forehead,Frontal,In Bezug auf die Stirn,Predný,Súvisiaci na čele,,,,,,0,1,0,0,0
,Fundus,m.,II,Fundi,Fundum,Fundus,Bottom part of organ,Fundus,Unterer Teil des Organs,Základ,Spodná časť orgánu,,,,,,1,0,0,0,0
,Gangraena,f.,I,Gangraenae,Gangraenam,Gangrene,Tissue death,Gangrän,Taschentaum,Gangréna,Smrť tkaniva,,,,,,1,0,0,0,0
,Gelum,n.,II,Geli,Gelum,Gel,Semi-solid substance,Gel,Halbfeste Substanz,Gél,Polotuhá látka,,,,,,1,0,0,0,0
,Generalis,,,Generalis,Generalem,General,Not specific,Allgemein,Nicht spezifisch,Všeobecný,Nie konkrétny,,,,,,0,1,0,0,0
,Geriatria,f.,I,Geriatriae,Geriatriam,Geriatrics,Medicine for elderly,Geriatrie,Medizin für ältere Menschen,Geriatria,Liek pre starších,,,,,,1,0,0,0,0
,Glottis,,,Glottidis,Glottidem,Glottis,Vocal apparatus,Glottis,Gesangsapparat,Glottis,Vokálny prístroj,,,,,,0,1,0,0,0
,Glycogenes,f.,V,Glycogenesei,Glycogenesem,Glycogenesis,Formation of glycogen,Glykogenese,Bildung von Glykogen,Glykogenéza,Tvorba glykogénu,,,,,,1,0,0,0,0
,Gravida,f.,I,Gravidae,Gravidam,Pregnant woman,Pregnant woman,Schwangere Frau,Schwangere Frau,Tehotná žena,Tehotná žena,,,,,,1,0,0,0,0
,Graviditas,f.,III,Graviditatis,Graviditatem,Pregnancy,State of carrying fetus,Schwangerschaft,Zustand des Fötus,Tehotenstvo,Stav prenášania plodu,,,,,,1,0,0,0,0
,Hallux,m.,III,Hallucis,Hallucem,Big toe,First toe,Große Zehe,Erster Zeh,Veľký prst,Prvé prvé miesto,,,,,,1,0,0,0,0
,Hipporaticus,,,Hipporatici,Hipporaticum,Hippocratic,Relating to Hippocrates,Hippokratisch,In Bezug auf Hippokrates,Hippokratický,Týkajúce sa hippokratov,,,,,,0,1,0,0,0
,Humidus,m.,II,Humidi,Humidum,Humid,Containing moisture,Feucht,Feuchtigkeit enthalten,Vlhký,Obsahujúca vlhkosť,,,,,,1,0,0,0,0
,Hydrocystis,,,Hydrocystis,Hydrocystem,Hydrocyst,Water-filled cyst,Hydrocyste,Wasser gefüllte Zyste,Uhľovodík,Naplnená cysta,,,,,,0,1,0,0,0
,Hydrothorax,m.,III,Hydrothoracis,Hydrothoracem,Hydrothorax,Fluid in pleural cavity,Hydrothorax,Flüssigkeit in der Pleurahohlheit,Hydrotorax,Tekutina v pleurálnej dutine,,,,,,1,0,0,0,0
,Hypaesthesia,f.,I,Hypaesthesiae,Hypaesthesiam,Hypoesthesia,Reduced sensitivity,Hypoästhesie,Reduzierte Empfindlichkeit,Hypoestézia,Znížená citlivosť,,,,,,1,0,0,0,0
,Hyperaesthesia,f.,I,Hyperaesthesiae,Hyperaesthesiam,Hyperesthesia,Increased sensitivity,Hyperästhesie,Erhöhte Empfindlichkeit,Hyperestézia,Zvýšená citlivosť,,,,,,1,0,0,0,0
,Hypertensio,f.,III,Hypertensionis,Hypertensionem,Hypertension,High blood pressure,Hypertonie,Bluthochdruck,Hypertenzia,Vysoký krvný tlak,,,,,,1,0,0,0,0
,Hypertonicus,m.,II,Hypertonici,Hypertonicum,Hypertonic,Having high tension,Hypertonisch,Hohe Spannung haben,Hypertonický,Mať vysoké napätie,,,,,,1,0,0,0,0
,Hypglossus,m.,II,Hypglossi,Hypglossum,Hypoglossal,Under the tongue,Hypoglossal,Unter der Zunge,Hypoglossálny,Pod jazykom,,,,,,1,0,0,0,0
,Hypotonicus,m.,II,Hypotonici,Hypotonicum,Hypotonic,Having low tension,Hypoton,Mit geringer Spannung,Hypotonický,Mať nízke napätie,,,,,,1,0,0,0,0
,Immaturus,m.,II,Immaturi,Immaturum,Immature,Not fully developed,Unreif,Nicht voll entwickelt,Nezrelý,Nie úplne rozvinutý,,,,,,1,0,0,0,0
,Impar,m..,III,Imparis,Imparem,Unequal,Not paired,Ungleich,Nicht gepaart,Nerovnaký,Nie spárovaný,,,,,,1,0,0,0,0
,Imus,m.,II,Imi,Imum,Lowest,Lowest part,Niedrigste,Niedrigster Teil,Najnižší,Najnižšia časť,,,,,,1,0,0,0,0
,In (Acc. and Abl.),,,,,In,,In,,V,,,,,,,0,0,0,1,0
,Incisio,f.,III,Incisionis,Incisionem,Incision,Surgical cut,Einschnitt,Chirurgischer Schnitt,Rozrezanie,Chirurgický výrez,,,,,,1,0,0,0,0
,Infraclavicularis,,,Infraclavicularis,Infraclavicularem,Infraclavicular,Below the clavicle,Infraclavikulär,Unter dem Schlüsselbein,Infraclavikulárny,Pod kľúčnou kosťou,,,,,,0,1,0,0,0
,Incisura,f.,I,Incisurae,Incisuram,Notch,Indentation or groove,Kerbe,Eindrückung oder Groove,Zárez,Zarážanie,,,,,,1,0,0,0,0
,Incompletus,m.,II,Incompleti,Incompletum,Incomplete,Not fully formed,Unvollständig,Nicht vollständig gebildet,Neúplný,Nie úplne formované,,,,,,1,0,0,0,0
,Index,m.,III,Indicis,Indicem,Index,Pointer or first finger,Index,Zeiger oder ersten Finger,Index,Ukazovateľ alebo prvý prst,,,,,,1,0,0,0,0
,Induratus,m.,II,Indurati,Induratum,Hardened,Becoming firm,Gehärtet,Fest werden,Tvrdý,Stály,,,,,,1,0,0,0,0
,Infans,,III,Infantis,Infantem,Infant,Young child,Säugling,Kleinkind,Dieťa,Malé dieťa,,,,,,0,0,1,0,0
,Inferior,,,Inferioris,Inferiorem,Lower,Located below or lower in position,Untere,Befindet sich unten oder niedriger in Position,Znížiť,Umiestnené pod alebo nižšou polohou,,,,,,0,1,0,0,0
,Infracostalis,,,Infracostalis,Infracostalem,Infracostal,Below the ribs,Infrasprakostal,Unter den Rippen,Infracostaálny,Pod rebrá,,,,,,0,1,0,0,0
,Infraorbitalis,,,Infraorbitalis,Infraorbitalem,Infraorbital,Below the orbit,Infraorbital,Unter der Umlaufbahn,Infraorbitálny,Pod obežnou dráhou,,,,,,0,1,0,0,0
,Inoperabilis,,,Inoperabilis,Inoperabilem,Inoperable,Cannot be operated,Inoperabel,Kann nicht betrieben werden,Neuveriteľný,Nemožno prevádzkovať,,,,,,0,1,0,0,0
,Intercostalis,,,Intercostalis,Intercostalem,Intercostal,Between the ribs,Interkostal,Zwischen den Rippen,Medzikostál,Medzi rebrámi,,,,,,0,1,0,0,0
,Interior,,,Interioris,Interiorem,Inner,Situated inside,Innere,Im Inneren gelegen,Vnútorný,Nachádza sa vo vnútri,,,,,,0,1,0,0,0
,Interlobaris,,,Interlobaris,Interlobarem,Interlobar,Between lobes,Zwischenspeise,Zwischen Lappen,Medzipristátie,Medzi lalokmi,,,,,,0,1,0,0,0
,Interlobularis,,,Interlobularis,Interlobularem,Interlobular,Between lobules,Interlobular,Zwischen Läppchen,Interlobulárny,Medzi lobulami,,,,,,0,1,0,0,0
,Internus,m.,II,Interni,Internum,Internal,Inside,Intern,Innen,Vnútorný,Vo vnútri,,,,,,1,0,0,0,0
,Intimus,m.,II,Intimi,Intimum,Innermost,Deepest layer,Innerste,Tiefste Schicht,Najvzdialenejší,Najhlbšia vrstva,,,,,,1,0,0,0,0
,Intracellularis,,,Intracellularis,Intracellularem,Intracellular,Inside a cell,Intrazellulär,In einer Zelle,Intracelulárny,Vo vnútri bunky,,,,,,0,1,0,0,0
,Irradiatio,f.,III,Irradiationis,Irradiationem,Irradiation,Radiation exposure,Bestrahlung,Strahlungsbelastung,Ožarovanie,Expozícia,,,,,,1,0,0,0,0
,Isthmus,m.,II,Isthmi,Isthmum,Isthmus,Narrow passage,Isthmus,Schmaler Durchgang,Isthmus,Úzky priechod,,,,,,1,0,0,0,0
,Labialis,,,Labialis,Labialem,Labial,Relating to the lips,Labial,In Bezug auf die Lippen,Laboratórny,Týkajúce sa pier,,,,,,0,1,0,0,0
,Lacer,m.,III,Laceris,Lacerem,Lacerated,Torn or wounded,Verletzt,Zerrissen oder verwundet,Brehový,Roztrhaný alebo zranený,,,,,,1,0,0,0,0
,Lacrimalis,,,Lacrimalis,Lacrimalem,Lacrimal,Relating to tears,Tränen,In Bezug auf Tränen,Slzný,Týkajúce sa sĺz,,,,,,0,1,0,0,0
,Laesio,f.,III,Laesionis,Laesionem,Lesion,Tissue damage,Läsion,Gewebeschaden,Lézia,Poškodenie tkaniva,,,,,,1,0,0,0,0
,Leasus,m.,II,Leasi,Leasum,Leasus,Injured,Leasus,Verletzt,Vodítko,Zranený,,,,,,1,0,0,0,0
,Lagoena,f.,I,Lagoenae,Lagoenam,Lagoena,Bottle,Lagoena,Flasche,Lagoena,Fľaša,,,,,,1,0,0,0,0
,Lambdoideus,m.,II,Lambdoidei,Lambdoideum,Lambdoid,Shaped like the Greek letter lambda,Lambdoid,Form wie der griechische Buchstaben Lambda,Jahňací,V tvare gréckeho listu lambda,,,,,,1,0,0,0,0
,Lamina,f.,I,Laminae,Laminam,Lamina,Thin plate or layer,Lamina,Dünne Platte oder Schicht,Lamina,Tenká doska alebo vrstva,,,,,,1,0,0,0,0
,Letalis,,,Letalis,Letalem,Lethal,Deadly,Tödlich,Tödlich,Smrteľný,Smrtiaci,,,,,,0,1,0,0,0
,Leucocytus,m.,II,Leucocyti,Leucocytum,Leukocyte,White blood cell,Leukozyte,Weiße Blutkörperchen,Leukocyt,Biela krvinka,,,,,,1,0,0,0,0
,Lex,f.,III,Legis,Legem,Law,System of rules,Gesetz,Regierungssystem,Zákon,Systém pravidiel,,,,,,1,0,0,0,0
,Lege artis,,-,-,-,Lege artis,,Lege Artis,,Lege,,,,,,,0,0,0,0,1
,Lingualis,,,Lingualis,Lingualem,Lingual,Related to the tongue,Lingual,Im Zusammenhang mit der Zunge,Jazykový,Súvisiace s jazykom,,,,,,0,1,0,0,0
,Lingularis,,,Lingularis,Lingularem,Lingular,Relating to the lingula,Lingular,In Bezug auf die Lingula,Včerajší,Týkajúce sa linguly,,,,,,0,1,0,0,0
,Lobus,m.,II,Lobi,Lobum,Lobe,Well-defined anatomical division,Lappen,Gut definierte anatomische Teilung,Lalok,Dobre definované anatomické rozdelenie,,,,,,1,0,0,0,0
,Longitudinalis,,,Longitudinalis,Longitudinalem,Longitudinal,Relating to length,Längsschnitt,In Bezug auf die Länge,Pozdĺžny,Týkajúce sa dĺžky,,,,,,0,1,0,0,0
,Longitudo,f.,III,Longitudinis,Longitudinem,Length,The measure of something from end to end,Länge,Das Maß von etwas von Ende zu Ende,Dĺžka,Miera niečoho od konca do konca,,,,,,1,0,0,0,0
,Longus,m.,II,Longi,Longum,Long,Having great length,Lang,Große Länge haben,Dlhý,Mať veľkú dĺžku,,,,,,1,0,0,0,0
,Lumbalis,,,Lumbalis,Lumbalem,Lumbar,Relating to the lower back,Lendenwirbelsäule,Im Zusammenhang mit dem unteren Rücken,Bedrový,Týkajúce sa spodnej časti chrbta,,,,,,0,1,0,0,0
,Lumbus,m.,II,Lumbi,Lumbum,Lumbus,Lower back,Lumbus,Unterer Rücken,Lesklý,Spodná časť chrbta,,,,,,1,0,0,0,0
,Macroglossia,f.,I,Macroglossiae,Macroglossiam,Macroglossia,Abnormally large tongue,Makroglossie,Ungewöhnlich große Zunge,Makroglossia,Neobvykle veľký jazyk,,,,,,1,0,0,0,0
,Macrosomia,f.,I,Macrosomiae,Macrosomiam,Macrosomia,Abnormally large body size,Makrosomie,Ungewöhnlich große Körpergröße,Makrozómia,Neobvykle veľká veľkosť tela,,,,,,1,0,0,0,0
,Macrostomia,f.,I,Macrostomiae,Macrostomiam,Macrostomia,Abnormally large mouth opening,Makrostomie,Ungewöhnlich große Mundöffnung,Makrostómia,Abnormálne veľký otvor úst,,,,,,1,0,0,0,0
,Macrotia,f.,I,Macrotiae,Macrotiam,Macrotia,Abnormally large ears,Makrotie,Ungewöhnlich große Ohren,Makrotia,Neobvykle veľké uši,,,,,,1,0,0,0,0
,Magnus,m.,II,Magni,Magnus,Large,Of great size,Groß,Von großer Größe,Veľký,Veľkú veľkosť,,,,,,1,0,0,0,0
,Major,m.,III,Majoris,Majorem,Larger,Bigger in size,Größer,Größer in der Größe,Väčší,Väčšia veľkosť,,,,,,1,0,0,0,0
,Manus,m.,II,Mani,Manum,Hand,Part of the arm,Hand,Teil des Arms,Ručný,Časť ruky,,,,,,1,0,0,0,0
,Margo,m.,III,Margini,Marginem,Edge,Boundary or limit,Rand,Grenze oder Grenze,Okraj,Hranica alebo limit,,,,,,1,0,0,0,0
,Masculinus,,,Masculini,Masculinum,Masculine,Relating to men,Männlich,In Bezug auf Männer,Mužský,Týkajúce sa mužov,,,,,,0,1,0,0,0
,Massa,f.,I,Massae,Massam,Mass,Large quantity of matter,Masse,Große Menge an Materie,Masa,Veľké množstvo hmoty,,,,,,1,0,0,0,0
,Mater,f.,III,Materis,Mater,Mother,The female parent,Mutter,Der weibliche Elternteil,Matka,Rodička,,,,,,1,0,0,0,0
,Dura mater,,III,Dura materis,Dura materem,Dura mater,,Dura Mater,,Dura mater,,,,,,,0,0,0,0,1
,Pia mater,,III,Pia materis,Pia materem,Pia mater,,Pia Mater,,Pia mater,,,,,,,0,0,0,0,1
,Maxillaris,,,Maxillaris,Maxillarem,Maxillary,Relating to the maxilla,Oberkiefer,Im Zusammenhang mit dem Oberkiefer,Maxilárny,Týkajúce sa maxily,,,,,,0,1,0,0,0
,Maximus,m.,II,Maximi,Maximum,Maximum,The greatest degree,Maximal,Der größte Abschluss,Maximálny,Najväčší titul,,,,,,1,0,0,0,0
,Meatus,m.,II,Meati,Meatum,Meatus,Passage or channel,Meatus,Passage oder Kanal,Mäso,Priechod alebo kanál,,,,,,1,0,0,0,0
,Meatus acusticus,,II,Meatus acustici,Meatum acusticum,Audiory meatus,,Audiory Meatus,,Audiory mäso,,,,,,,0,0,0,0,1
,Medianus,m.,II,Mediani,Medianum,Median,Central line or position,Mittlere,Zentrallinie oder Position,Stredný,Centrálna čiara alebo poloha,,,,,,1,0,0,0,0
,Medicamentum,n.,II,Medicamenti,Medicamentum,Medication,Substance used for treatment,Medikamente,Substanz zur Behandlung verwendet,Liek,Látka používaná na liečbu,,,,,,1,0,0,0,0
,Medius,,,Medii,Medium,Middle,Located in the center,Mitte,Befindet sich in der Mitte,Stredný,Nachádza sa v strede,,,,,,0,1,0,0,0
,Melior,,,Melioris,Melior,Better,Superior in quality,Besser,Qualität überlegen,Lepší,Vynikajúca kvalita,,,,,,0,1,0,0,0
,Mellitus,m.,II,Melliti,Mellitum,Sweet,Often used for diabetes mellitus,Süß,Oft für Diabetes mellitus verwendet,Sladký,Často sa používa na diabetes mellitus,,,,,,1,0,0,0,0
,Diabetes mellitus,,II,Diabetes melliti,Diabetem mellitus,Diabetes mellitus,,Diabetes mellitus,,Diabetes mellitus,,,,,,,0,0,0,0,1
,Membrana,f.,I,Membranae,Membranam,Membrane,Thin layer of tissue,Membran,Dünne Gewebeschicht,Membrána,Tenká vrstva tkaniva,,,,,,1,0,0,0,0
,Membrum,n.,II,Membri,Membrum,Limb,Extremity of the body,Glied,Extremität des Körpers,Končatina,Končatina,,,,,,1,0,0,0,0
,Mentha,f.,I,Menthae,Mentham,Mint,Aromatic plant used in food,Minze,"Aromatische Pflanze, die in Lebensmitteln verwendet wird",Mincovňa,Aromatická rastlina používaná v potravinách,,,,,,1,0,0,0,0
,Methodus,m.,II,Methodi,Methodum,Method,System of procedures,Verfahren,Verfahrenssystem,Metóda,Systém postupov,,,,,,1,0,0,0,0
,Microglossia,f.,I,Microglossiae,Microglossiām,Microglossia,Abnormally small tongue,Mikroglossie,Ungewöhnlich kleine Zunge,Mikroglossia,Neobvykle malý jazyk,,,,,,1,0,0,0,0
,Micronodularis,,,Micronodularis,Micronodularem,Micronodular,Having small nodules,Mikronodular,Kleine Knötchen haben,Mikronodulárny,Mať malé uzliny,,,,,,0,1,0,0,0
,Migrans,,III,Migrantis,Migranem,Migration,Moving from one place to another,Migration,Von einem Ort zum anderen bewegen,Migrácia,Prejdite sa z jedného miesta na druhé,,,,,,0,0,1,0,0
,Minor,m.,III,Minoris,Minorem,Minor,Smaller or lesser,Unerheblich,Kleiner oder weniger,Menší,Menšie alebo menšie,,,,,,1,0,0,0,0
,Mollis,,,Mollis,Mollem,Soft,Having a smooth texture,Weich,Eine glatte Textur haben,Mäkký,Mať hladkú textúru,,,,,,0,1,0,0,0
,Monocularis,,,Monocularis,Monocularem,Monocular,Relating to one eye,Monokular,In Bezug auf ein Auge,Monokulárny,Týkajúce sa jedného oka,,,,,,0,1,0,0,0
,Morbillosus,m.,II,Morbillosi,Morbillosum,Measles-like,Resembling measles,Masernartig,Masern ähneln,Podobný osýpkam,Pripomínajúci osýpky,,,,,,1,0,0,0,0
,Mors,f.,III,Mortis,Mortem,Death,End of life,Tod,Lebensende,Úmrtnosť,Koniec života,,,,,,1,0,0,0,0
,Mors in tabula,,I,Mors in tabulae,Mors in tabulam,Death on the table,,Tod auf dem Tisch,,Smrť na stole,,,,,,,0,0,0,0,1
,Multi,3rd,Many,Multi,m./f.,Large number,viele,Große Anzahl,viele,Veľké množstvo,vele,,,,,,1,0,0,0,0
,Multifocalis,,,Multifocalis,Multifocalem,Multifocal,Having multiple focal points,Multifokal,Mehrere Brennpunkte haben,Multifokálny,Mať viac ohniskových bodov,,,,,,0,1,0,0,0
,Multiformis,,,Multiformis,Multiformem,Multiform,Having many forms,Multiform,Viele Formen haben,Multiforma,Mať veľa foriem,,,,,,0,1,0,0,0
,Multipara (feminine),,I,Multiparae,Multiparam,Multipara,,Multipara,,Viacnásobná,,,,,,,0,0,0,0,1
,Multiplex,m.,III,Multiplicis,Multiplicem,Multiple,Consisting of several,Mehrere,Bestehend aus mehreren,Viacnásobný,Pozostávajúce z niekoľkých,,,,,,1,0,0,0,0
,Nasalis,,,Nasalis,Nasalem,Nasal,Relating to the nose,Nasal,In Bezug auf die Nase,Nosný,Týkajúce sa nosa,,,,,,0,1,0,0,0
,Nasofrontalis,,,Nasofrontalis,Nasofrontalem,Nasofrontal,Relating to both nose and forehead,Nasofrontal,In Bezug auf Nase und Stirn,Nosa,Týkajúce sa nosa aj na čelo,,,,,,0,1,0,0,0
,Neonatus,m.,II,Neonati,Neonatum,Neonate,Newborn baby,Neugeborene,Neugeborenes Baby,Novorodenec,Novorodenec,,,,,,1,0,0,0,0
,Neoplasma,f.,I,Neoplasmae,Neoplasmam,Neoplasm,Abnormal growth of cells,Neoplasma,Abnormales Wachstum von Zellen,Novorodenec,Abnormálny rast buniek,,,,,,1,0,0,0,0
,Neurologia,f.,I,Neurologiae,Neurologiam,Neurology,Study of the nervous system,Neurologie,Untersuchung des Nervensystems,Neurológia,Štúdium nervového systému,,,,,,1,0,0,0,0
,Niger,m.,II,Nigri,Nigrum,Black,Dark color,Schwarz,Dunkle Farbe,Čierny,Tmavá farba,,,,,,1,0,0,0,0
,Nodus,m.,II,Nodi,Nodum,Knot,Swelling or lump,Knoten,Schwellung oder Klumpen,Uzol,Opuch,,,,,,1,0,0,0,0
,Nonus,m.,II,Noni,Nonum,Ninth,Position nine,Neunte,Position neun,Deviaty,Pozícia deväť,,,,,,1,0,0,0,0
,Nucleus,m.,II,Nuclei,Nucleum,Nucleus,Center of a cell,Kern,Zentrum einer Zelle,Jadro,Stred cely,,,,,,1,0,0,0,0
,Numerus,m.,II,Numeri,Numerum,Number,Mathematical value,Nummer,Mathematischer Wert,Počet,Matematická hodnota,,,,,,1,0,0,0,0
,Nutricius,,,Nutricii,Nutricium,Nutritive,Relating to nourishment,Nährstoff,In Bezug auf Nahrung,Výživný,Týkajúce sa výživy,,,,,,0,1,0,0,0
,Obesitas,f.,III,Obesitasis,Obesitatem,Obesity,Excess body fat,Fettleibigkeit,Überschüssiges Körperfett,Obezita,Prebytočný telesný tuk,,,,,,1,0,0,0,0
,Occipitalis,,,Occipitalis,Occipitalem,Occipital,Relating to the back of the head,Okzipital,In Bezug auf den Hinterkopf,Týlne,Týkajúce sa zadnej časti hlavy,,,,,,0,1,0,0,0
,Oculomotorius,,,Oculomotoriae,Oculomotoriium,Oculomotor,Relating to eye movement,Okulomotor,In Bezug auf die Augenbewegung,Okulomotor,Týkajúce sa pohybu očí,,,,,,0,1,0,0,0
,Oculus,m.,II,Oculi,Ocum,Eye,Organ for vision,Auge,Organ für Vision,Prezerať,Orgán pre videnie,,,,,,1,0,0,0,0
,Oleum,n.,II,Olei,Oleum,Oil,Viscous liquid from plants or animals,Öl,Viskose Flüssigkeit aus Pflanzen oder Tieren,Olej,Viskózna tekutina z rastlín alebo zvierat,,,,,,1,0,0,0,0
,Omnis,,,Omnis,Omne,All,Including every part,Alle,Einschließlich jedes Teils,Všetko,Vrátane každej časti,,,,,,0,1,0,0,0
,Orbita,f.,I,Orbitae,Orbitam,Orbit,The bony cavity that houses the eye,Orbit,"Die knöcherne Hohlraum, die das Auge beherbergt",Obežná dráha,"Kostnatá dutina, v ktorej sa nachádza oko",,,,,,1,0,0,0,0
,Originalis,,,Originalis,Originalem,Original,Existing from the beginning,Original,Von Anfang an existieren,Pôvodný,Existujúce od začiatku,,,,,,0,1,0,0,0
,Palatinus,,,Palatini,Palatinum,Palatine,Relating to the roof of the mouth,Palatin,Im Zusammenhang mit dem Dach des Mundes,Palatín,Týkajúce sa strechy úst,,,,,,0,1,0,0,0
,Palatum,n.,II,Palati,Palatum,Palate,The roof of the mouth,Gaumen,Das Dach des Mundes,Podnebie,Strecha úst,,,,,,1,0,0,0,0
,Palmaris,,,Palmaris,Palmarem,Palmar,Relating to the palm of the hand,Palmar,In Bezug auf die Handfläche,Dlaňový,Týkajúce sa dlane ruky,,,,,,0,1,0,0,0
,Paraesthesia,f.,I,Paraesthesiae,Paraesthesiam,Paraesthesia,Abnormal sensation like tingling,Parästhesie,Abnormales Gefühl wie Kribbeln,Parestézia,Abnormálny pocit ako brnenie,,,,,,1,0,0,0,0
,Paranasalis,,,Paranasalis,Paranasalem,Paranasal,Located near the nose,Paranasal,Befindet sich in der Nähe der Nase,Paranazálny,Nachádza sa blízko nosa,,,,,,0,1,0,0,0
,Parasympathicus,m.,II,Parasympathici,Parasympathicum,Parasympathetic,Part of the autonomic nervous system,Parasympathisch,Teil des autonomen Nervensystems,Parasympatický,Súčasť autonómneho nervového systému,,,,,,1,0,0,0,0
,Parietalis,,,Parietalis,Parietalem,Parietal,Relating to the walls of a cavity,Parietal,In Bezug auf die Wände eines Hohlraums,Parietálny,Týkajúce sa stien dutiny,,,,,,0,1,0,0,0
,Partialis,,,Partialis,Partialem,Partial,Incomplete or limited in extent,Teilweise,Unvollständig oder begrenzt in Umfang,Čiastočný,Neúplný alebo obmedzený,,,,,,0,1,0,0,0
,Parvus,m.,II,Parvi,Parvum,Small,Of little size,Klein,Von wenig Größe,Malý,Malá veľkosť,,,,,,1,0,0,0,0
,Pejor,m.,III,Pejoris,Pejorem,Worse,Of lower quality,Schlechter,Von geringerer Qualität,Horší,Nižšia kvalita,,,,,,1,0,0,0,0
,Peracutus,m.,II,Peracuti,Peracutum,Peracute,Extremely acute,Peracute,Extrem akut,Kladko,Mimoriadne akútny,,,,,,1,0,0,0,0
,Perforans,,III,Perforantis,Perforantem,Perforating,Having a hole through it,Perforieren,Ein Loch durch dabei haben,Perforujúci,Mať cez ňu dieru,,,,,,0,0,1,0,0
,Perforatus,m.,II,Perforati,Perforatum,Perforated,Holding a hole,Perforiert,Ein Loch halten,Perforovaný,Držať diel,,,,,,1,0,0,0,0
,Perianalis,,,Perianalis,Perianalem,Perianal,Relating to around the anus,Perianal,In Bezug auf den Anus um den Anus,Periánsky,Týkajúce sa konečníka,,,,,,0,1,0,0,0
,Perinatalis,,,Perinatalis,Perinatalem,Perinatal,Relating to the time around birth,Perinatal,In Bezug auf die Zeit um die Geburt,Perinatálny,Týkajúce sa času okolo narodenia,,,,,,0,1,0,0,0
,Peritonealis,,,Peritonealis,Peritonealem,Peritoneal,Relating to the peritoneum,Peritoneal,In Bezug auf das Peritoneum,Peritoneálny,Týkajúce sa peritonea,,,,,,0,1,0,0,0
,Pes,f.,V,Pesei,Pes,Foot,Lower extremity of the body,Fuß,Untere Extremität des Körpers,Noha,Dolná končatina tela,,,,,,1,0,0,0,0
,Pessimus,m.,II,Pessimi,Pessimum,Worst,Of the lowest quality,Am schlimmsten,Von der niedrigsten Qualität,Najhorší,Najnižšej kvality,,,,,,1,0,0,0,0
,Pilula,f.,I,Pilulae,Pilulam,Pill,Small round medication,Pille,Kleine runde Medikamente,Tabletka,Malé okrúhle lieky,,,,,,1,0,0,0,0
,Pius,,,Pii,Piumm,Pious,Religious and devout,Fromm,Religiös und frommen,Zbožný,Náboženský a oddaný,,,,,,0,1,0,0,0
,Plantaris,,,Plantaris,Plantarum,Plantar,Relating to the sole of the foot,Plantar,In Bezug auf die Fußsohle,Plantár,Týkajúce sa podrážky chodidla,,,,,,0,1,0,0,0
,Planus,m.,II,Plani,Planum,Flat,Level surface,Wohnung,Ebene Oberfläche,Plochý,Povrchová plocha,,,,,,1,0,0,0,0
,Plures,f.,V,Pluresei,Plures,More,Greater number,Mehr,Größere Anzahl,Viac,Väčšie číslo,,,,,,1,0,0,0,0
,Plurimi,m.,II,Plurimorum,Plurimos,Many,Large number,Viele,Große Anzahl,Veľa,Veľké množstvo,,,,,,1,0,0,0,0
,Pneumothorax,m.,II,Pneumothoracis,Pneumothoracem,Pneumothorax,Air in the pleural cavity,Pneumothorax,Luft in der Pleurahohlheit,Pneumotorax,Vzduch v pleurálnej dutine,,,,,,1,0,0,0,0
,Pollex,m.,III,Pollicis,Pollicem,Thumb,First digit of the hand,Daumen,Erste Ziffer der Hand,Palec,Prvá číslica ruky,,,,,,1,0,0,0,0
,Post (Acc.),,,,,Happening after (used in status post),,Passiert nach (in Status Post verwendet),,Deje sa po (použití sa v stave stavu),,,,,,,0,0,0,0,1
,Postnatalis,,,Postnatalis,Postnatalem,Postnatal,After birth,Postnatal,Nach der Geburt,Postnatálny,Po narodení,,,,,,0,1,0,0,0
,Posttraumaticus,m.,II,Posttraumatici,Posttraumaticum,Posttraumatic,Occurring after trauma,Posttraumatisch,Nach dem Trauma auftreten,Posttraumatický,Vyskytujúce sa po traume,,,,,,1,0,0,0,0
,Praematurus,m.,II,Praematuri,Praematurum,Premature,Before full development,Verfrüht,Vor voller Entwicklung,Predčasný,Pred úplným vývojom,,,,,,1,0,0,0,0
,Praemolaris,,,Praemolaris,Praemolarem,Premolar,Tooth before molars,Prämolar,Zahn vor Molaren,Premolárny,Zub pred stoličkami,,,,,,0,1,0,0,0
,Praenatalis,,,Praenatalis,Praenatalem,Prenatal,Before birth,Vorgeburtlich,Vor der Geburt,Prenatálny,Pred narodením,,,,,,0,1,0,0,0
,Primaries,f.,V,Primariesei,Primariem,Primary,First or main,Primär,Zuerst oder Haupt,Primárny,Prvé alebo hlavné,,,,,,1,0,0,0,0
,Primigravida (femina),,,,,First pregnancy,,Erste Schwangerschaft,,Prvé tehotenstvo,,,,,,,0,0,0,0,1
,Primipara (femina),,,,,First-time mother,,Erstmalige Mutter,,Prvá matka,,,,,,,0,0,0,0,1
,Primus,m.,II,Primi,Primun,First,First in position,Erste,Zuerst in Position,Prvé,Prvý v pozícii,,,,,,1,0,0,0,0
,Pro (Abl.),,,,,Indicating purpose,,Zweck anzeigen,,Individuálny účel,,,,,,,0,0,0,0,1
,Prolapsus,m.,II,Prolapses,Prolapsum,Prolapse,The slipping of an organ,Vorfall,Das Ausrutschen eines Organs,Prolaps,Skĺznutie orgánu,,,,,,1,0,0,0,0
,Prominens,,,Prominentis,Prominentem,Prominent,Standing out,Prominent,Auffallen,Prominentný,Vystupovať,,,,,,0,1,0,0,0
,Proprius,,,Proprii,Proprium,Proper,Specific to,Richtig,Spezifisch für,Správny,Špecifický,,,,,,0,1,0,0,0
,Proximus,m.,II,Proximi,Proximum,Nearest,Closest in position,Nächste,In Position am nächsten,Najbližší,Najbližšie na pozícii,,,,,,1,0,0,0,0
,Psychogenes,f.,V,Psychogenesei,Psychogenesim,Psychogenic,Originating from psychological causes,Psychogen,Ursprung aus psychologischen Ursachen,Psychogénny,Pochádzajúci z psychologických príčin,,,,,,1,0,0,0,0
,Pubicus,,,Pubici,Pubicum,Pubic,Relating to the pubic area,Scham,In Bezug auf den Schambereich,Publikácia,Týkajúce sa oblasti ochlpenia,,,,,,0,1,0,0,0
,Pudendum,n.,II,Pudendi,Pudendum,Genitalia,External sexual organs,Genitalien,Externe Sexualorgane,Genitálie,Vonkajšie sexuálne orgány,,,,,,1,0,0,0,0
,Pulvis,,,Pulveris,Pulverem,Dust,Fine dry particles,Staub,Feine trockene Partikel,Prach,Jemné suché častice,,,,,,0,1,0,0,0
,Purulentus,m.,II,Purulenti,Purulentum,Purulent,Containing pus,Astry,Eiter enthalten,Hnisavý,Obsahujúci hnis,,,,,,1,0,0,0,0
,Quantum,n.,II,Quanti,Quantum,Quantity,Amount or extent,Menge,Betrag oder Umfang,Množstvo,Suma alebo rozsah,,,,,,1,0,0,0,0
,Quartigravida (femina),,,,,Fourth-time pregnant woman,,Viertem Mal schwangere Frau,,Štvrtá tehotná žena,,,,,,,0,0,0,0,1
,Quartus,m.,II,Quarti,Quartum,Fourth,In the fourth position,Vierte,In der vierten Position,Štvrtý,V štvrtej pozícii,,,,,,1,0,0,0,0
,Quercus,m.,II,Querci,Quercum,Oak,Type of tree,Eiche,Art des Baumes,Dub,Typ stromu,,,,,,1,0,0,0,0
,Quintus,m.,II,Quinti,Quintum,Fifth,In the fifth position,Fünfte,In der fünften Position,Piaty,V piatej pozícii,,,,,,1,0,0,0,0
,Radix,f.,III,Radicis,Radicem,Root,Part of a plant that anchors it to the ground,Wurzel,"Teil einer Pflanze, die sie am Boden verankert",Zakorenenie,"Časť rastliny, ktorá ju ukotvuje na zem",,,,,,1,0,0,0,0
,Recens,,,,,Recent,Newly occurred,Jüngste,Neu geschehen,Posledný,Novo sa vyskytol,,,,,,0,1,0,0,0
,Recessus,m.,II,Recessi,Recessum,Recess,Indentation or small cavity,Aussparung,Eindrückung oder Kleinhöhle,Zákruta,Odsadenie alebo malá dutina,,,,,,1,0,0,0,0
,Reflexus,m.,II,Reflexi,Reflexum,Reflex,Automatic response to a stimulus,Reflex,Automatische Reaktion auf einen Stimulus,Reflexný,Automatická reakcia na stimul,,,,,,1,0,0,0,0
,Regio,f.,III,Regiois,Regionem,Region,Area or part of the body,Region,Bereich oder Teil des Körpers,Región,Oblasť tela,,,,,,1,0,0,0,0
,Remedium,n.,II,Remedii,Remedium,Remedy,Substance used to treat a condition,Abhilfe,Substanz zur Behandlung einer Erkrankung,Liek,Látka používaná na ošetrenie stavu,,,,,,1,0,0,0,0
,Resistentia,f.,I,Resistentiae,Resistentiam,Resistance,Ability to withstand something,Widerstand,"Fähigkeit, etwas standzuhalten",Odpor,Schopnosť niečoho vydržať,,,,,,1,0,0,0,0
,Restitutio,f.,III,Restitutiois,Restitutio,Restitution,Recovery to original state,Restitution,Erholung des ursprünglichen Zustands,Reštitúcia,Zotavenie do pôvodného stavu,,,,,,1,0,0,0,0
,Restitutio ad integrum,,II,Restitutio ad integri,Restitutio ad integrum,Full recovery,,Vollständige Genesung,,Úplné uzdravenie,,,,,,,0,0,0,0,1
,Retina,f.,I,Retinae,Retinam,Retina,Light-sensitive layer of the eye,Retina,Lichtempfindlichkeitsschicht des Auges,Sietnica,Vrstva oka citlivej na svetlo,,,,,,1,0,0,0,0
,Retroflexio,f.,III,Retroflexiois,Retroflexionem,Retroflexion,Folding backward,Retroflexion,Rückwärts falten,Retroflexia,Sklopenie dozadu,,,,,,1,0,0,0,0
,Rheumaticus,,,Rheumatici,Rheumaticum,Rheumatic,Relating to rheumatism,Rheumatisch,In Bezug auf Rheuma,Reumatický,Týkajúce sa reumatizmu,,,,,,0,1,0,0,0
,Rima,f.,I,Rimae,Rimam,Fissure,Slit or crack,Spalt,Schlitz oder Riss,Trhlina,Štrbina,,,,,,1,0,0,0,0
,Rotundus,m.,II,Rotundi,Rotundum,Rounded,Having a circular shape,Gerundet,Eine kreisförmige Form haben,Zaokrúhlený,Mať kruhový tvar,,,,,,1,0,0,0,0
,Ruber,,,,,Red,,Rot,,Červený,,,,,,,1,0,0,0,0
,Sacer,,,,,Sacred,Set apart for a special purpose,Heilig,Für einen besonderen Zweck auseinander setzen,Posvätný,Odlišovať osobitný účel,,,,,,1,0,0,0,0
,Sanatio,f.,III,Sanatiois,Sanationem,Healing,Process of recovering from illness,Heilung,Prozess der Erholung von Krankheit,Uzdravenie,Proces zotavovania sa z choroby,,,,,,1,0,0,0,0
,Sanatio per primam,,,,,First intention healing,,Erste Absicht Heilung,,Prvý úmysel uzdravenie,,,,,,,0,0,0,0,1
,Sanatio per secundam,,,,,Second intention healing,,Zweite Absicht Heilung,,Druhý úmysel uzdravenie,,,,,,,0,0,0,0,1
,Sacralis,,,,,Sacral,Relating to the sacrum,Sakral,In Bezug auf das Kreuzbein,Sakrálny,Týkajúce sa krížovej kosti,,,,,,0,1,0,0,0
,Sacrococcygeus,,,Sacrococcygei,Sacrococcygeum,Sacrococcygeal,Relating to the sacrum and coccyx,Sakroccygeal,Im Zusammenhang mit dem Kreuzbein und dem Kokcyx,Sat sat sacrococcygeal,Týkajúce sa krížového a coccyxu,,,,,,0,1,0,0,0
,Sanatus,m.,II,Sanati,Sanatum,Healed,Recovered from an illness,Geheilt,Von einer Krankheit erholt,Uzdravený,Uzdravené z choroby,,,,,,1,0,0,0,0
,Satis,,,,,Enough,Sufficient quantity,Genug,Ausreichende Menge,Dosť,Dostatočné množstvo,,,,,,0,1,0,0,0
,Scapula,f.,I,Scapulae,Scapulam,Scapula,Shoulder blade,Schulterblatt,Schulterblatt,Lopatka,Čepeľ,,,,,,1,0,0,0,0
,Scatula,f.,I,Scatulae,Scatulam,Box,Small container for storage,Kasten,Kleiner Behälter für die Aufbewahrung,Škatuľa,Malý nádoba na skladovanie,,,,,,1,0,0,0,0
,segment or part of any organ,,,,,Part,,Teil,,Časť,,,,,,,0,0,0,0,1
,Secundarius,,,Secundarii,Secundarium,Secondary,Secondary in order,Sekundär,Sekundär in Ordnung,Druhoradý,Sekundárne,,,,,,0,1,0,0,0
,Secundigravida,f.,I,Secundigravidae,Secundigravidam,Second-time pregnant woman,Having been pregnant once before,Zweitjährige schwangere Frau,Schon einmal schwanger gewesen,Druhá tehotná žena,Bol som tehotná raz predtým,,,,,,1,0,0,0,0
,Secundus,m.,II,Secundi,Secundum,Second,Position two,Zweite,Position zwei,Druhý,Pozícia dva,,,,,,1,0,0,0,0
,Sedativum,n.,II,Sedativi,Sedativum,Sedative,Substance used to calm,Beruhigungsmittel,Substanz zur Beruhigung verwendet,Sedatívny,Látka používaná na upokojenie,,,,,,1,0,0,0,0
,Segmentum,n.,II,Segmenti,Segmentum,Segment,Portion of a whole,Segment,Teil eines Ganzen,Segment,Časť celku,,,,,,1,0,0,0,0
,Senilis,,,,,Senile,Relating to old age,Senil,Im Zusammenhang mit dem Alter,Senilný,Týkajúce sa staroby,,,,,,0,1,0,0,0
,Sensus,m.,II,Sensi,Sensum,Sense,Ability to perceive stimuli,Sinn,"Fähigkeit, Reize wahrzunehmen",Zmysel,Schopnosť vnímať podnety,,,,,,1,0,0,0,0
,Sextus,m.,II,Sexti,Sextum,Sixth,Position six,Sechste,Position sechs,Šiesty,Pozícia šesť,,,,,,1,0,0,0,0
,Siccus,m.,II,Sicci,Siccum,Dry,Without moisture,Trocken,Ohne Feuchtigkeit,Suchý,Bez vlhkosti,,,,,,1,0,0,0,0
,Sigmoideus,m.,II,Sigmoidei,Sigmoideum,Sigmoid,"Shaped like the letter ""S""",Sigmoid,"Form wie der Buchstabe ""S""",Sigmoid,V tvare písmena „s“,,,,,,1,0,0,0,0
,Signum,n.,II,Signi,Signum,Sign,Symbol or mark,Zeichen,Symbol oder Mark,Znak,Symbol,,,,,,1,0,0,0,0
,Simplex,,,,,Simple,Not complex,Einfach,Nicht komplex,Jednoduchý,Nie zložitý,,,,,,1,0,0,0,0
,Singulus,m.,II,Singuli,Singulum,Single,One,Einzel,Eins,Slobodný,Jeden,,,,,,1,0,0,0,0
,Sinister,,,,,Left,Opposite of right,Links,Gegenteil von rechts,Vľavo,Oproti právu,,,,,,1,0,0,0,0
,Sinus,m.,II,Sini,Sinum,Sinus,Cavity or channel in the body,Sinus,Hohlraum oder Kanal im Körper,Dutina,Dutina alebo kanál v tele,,,,,,1,0,0,0,0
,Sitis,,,,,Hunger,Need for food,Hunger,Nahrungsbedürfnis,Hlad,Potreba jedla,,,,,,0,1,0,0,0
,Situs,m.,II,Siti,Situm,Position,Location of something,Position,Ort von etwas,Pozícia,Umiestnenie niečoho,,,,,,1,0,0,0,0
,In situ,,,,,In its original place,,An seinem ursprünglichen Ort,,Na pôvodnom mieste,,,,,,,0,0,0,0,1
,Solidus,m.,II,Solidi,Solidum,Solid,Not liquid or gas,Solide,Keine Flüssigkeit oder Gas,Tuhý,Nie kvapalina alebo plyn,,,,,,1,0,0,0,0
,Solubilis,,,,,Soluble,Capable of being dissolved,Löslich,"In der Lage, aufgelöst zu werden",Rozpustný,Je možné rozpustiť,,,,,,0,1,0,0,0
,Solution,,,,,Solution,Homogeneous mixture,Lösung,Homogene Mischung,Riešenie,Homogénna zmes,,,,,,1,0,0,0,0
,Somatogenes,f.,V,Somatogenesei,Somatogenesim,Somatogenesis,Development of body tissues,Somatogenese,Entwicklung von Körpergeweben,Somatogenéza,Vývoj telesných tkanív,,,,,,1,0,0,0,0
,Spatium,n.,II,Spatii,Spatium,Space,Volume or area,Raum,Volumen oder Bereich,Priestor,Objem alebo oblasť,,,,,,1,0,0,0,0
,Species,f.,V,Speciesei,Species,Species,Type or kind of organism,Spezies,Typ oder Art von Organismus,Druh,Typ organizmu,,,,,,1,0,0,0,0
,Spiralis,,,,,Spiral,Shaped like a spiral,Spiral,Wie eine Spirale geformt,Špirála,V tvare špirály,,,,,,0,1,0,0,0
,Spiritus,m.,II,Spiriti,Spiritum,Spirit,Alcoholic drink,Geist,Alkoholisches Getränk,Duchovnosť,Alkoholický nápoj,,,,,,1,0,0,0,0
,Spurius,,,Spurii,Spurium,FALSE,Not genuine,FALSCH,Nicht echt,Nepravdivý,Nie skutočný,,,,,,0,1,0,0,0
,Statim,,,,,Immediately,Without delay,Sofort,Ohne Verzögerung,Okamžite,Bezodkladne,,,,,,1,0,0,0,0
,Sternocostalis,,,,,Sternocostal,Relating to the sternum and ribs,Sternocostal,Im Zusammenhang mit dem Brustbein und den Rippen,Sternocostál,Týkajúce sa hrudnej kosti a rebier,,,,,,0,1,0,0,0
,Sub (Acc. and Abl.),,,,,Under,,Unter,,Pod,,,,,,,0,0,0,0,1
,Subclavius,,,Subclavii,Subclavium,Subclavian,Relating to the area under the clavicle,Subclavier,In Bezug auf den Bereich unter dem Schlüsselbein,Subklavián,Týkajúce sa oblasti pod kosťou,,,,,,0,1,0,0,0
,Subduralis,,,,,Subdural,Under the dura mater,Subdural,Unter der Dura Mater,Podpora,Pod dura mater,,,,,,0,1,0,0,0
,Sublingualis,,,,,Sublingual,Under the tongue,Sublingual,Unter der Zunge,Sublingválny,Pod jazykom,,,,,,0,1,0,0,0
,Submandibularis,,,,,Submandibular,Under the mandible,Submandibular,Unter dem Unterkiefer,Submandibulárny,Pod čiarou,,,,,,0,1,0,0,0
,Substantia,f.,I,Substantiae,Substantiam,Substance,Material of which something is made,Substanz,"Material, von dem etwas gemacht wird",Podstata,"Materiál, z ktorého sa niečo vyrába",,,,,,1,0,0,0,0
,Subtilis,,,,,Subtle,Fine or delicate,Subtil,Fein oder zart,Jemný,Jemné alebo jemné,,,,,,0,1,0,0,0
,Sulcus,m.,II,Sulci,Sulcum,Groove,Long narrow cut or depression,Rille,Langer schmaler Schnitt oder Depression,Drážka,Dlhý úzky rez alebo depresia,,,,,,1,0,0,0,0
,Suppositorium,n.,II,Suppositorii,Suppositorium,Suppository,Medication inserted into the body,Zäpfchen,Medikamente in den Körper eingeführt,Čapík,Lieky vložené do tela,,,,,,1,0,0,0,0
,Supraclavicularis,,,,,Supraclavicular,Above the clavicle,Supraklavikulär,Über dem Schlüsselbein,Supraclavikulárny,Nad kľúčnou kosťou,,,,,,0,1,0,0,0
,Supraorbitalis,,,,,Supraorbital,Above the eye socket,Supraorbital,Über der Augenhöhle,Supraorbitálny,Nad očnou objímkou,,,,,,0,1,0,0,0
,Supravaginalis,,,Supravaginalis,Supravaginalem,Supravaginal,Located above the vagina,Supravaginal,Befindet sich über der Vagina,Supravaginálny,Nachádza sa nad vagínou,,,,,,0,1,0,0,0
,Supremus,m.,II,Supremi,Supremum,Highest,The most elevated,Höchste,Am hochsten,Najvyšší,Najviac vyvýšené,,,,,,1,0,0,0,0
,Suspicio,f.,III,Suspiciois,Suspicione,Suspicion,Feeling of doubt or mistrust,Verdacht,Zweifel oder Misstrauen,Podozrenie,Pocit pochybností alebo nedôvery,,,,,,1,0,0,0,0
,Sympathicus,,,Sympathici,Sympathicum,Sympathetic,Relating to the autonomic nervous system,Sympathisch,In Bezug auf das autonome Nervensystem,Sympatický,Týkajúce sa autonómneho nervového systému,,,,,,0,1,0,0,0
,Systema,f.,I,Systemae,Systemam,System,System of parts working together,System,"System von Teilen, die zusammenarbeiten",Systém,"Systém častí, ktoré spolupracujú",,,,,,1,0,0,0,0
,Systemicus,,,Systemici,Systemicum,Systemic,Relating to the whole system,Systemisch,In Bezug auf das gesamte System,Systémový,Týkajúce sa celého systému,,,,,,0,1,0,0,0
,Tabula,f.,I,Tabulae,Tabulam,Tablet,Small form of medication,Tablette,Kleine Form der Medikamente,Tablet,Malá forma liekov,,,,,,1,0,0,0,0
,Tabuletta,f.,I,Tabulettae,Tabulettam,Tablet,Small form of medication,Tablette,Kleine Form der Medikamente,Tablet,Malá forma liekov,,,,,,1,0,0,0,0
,Tempora,f.,I,Temporae,Temporem,Temple,Side part of the head,Tempel,Seitenteil des Kopfes,Chrám,Bočná časť hlavy,,,,,,1,0,0,0,0
,Tenuis,,,,,Thin,Having little thickness,Dünn,Wenig Dicke haben,Tenký,Mať malú hrúbku,,,,,,0,1,0,0,0
,Tertius,,,Tertii,Tertium,Third,Position three,Dritte,Position drei,Tretiny,Pozícia tri,,,,,,0,1,0,0,0
,Thoracicus,,,Thoracici,Thoracicum,Thoracic,Relating to the chest,Thorakal,In Bezug auf die Brust,Hrudný,Týkajúce sa hrudníka,,,,,,0,1,0,0,0
,Thorax,,,,,Thorax,Chest cavity,Thorax,Brusthöhle,Hrudník,Hrudná dutina,,,,,,1,0,0,0,0
,Totalis,,,,,Total,Complete or entire,Gesamt,Vollständig oder ganz,Súčet,Kompletné alebo celé,,,,,,0,1,0,0,0
,Toxicus,m.,II,Toxici,Toxicum,Toxic,Poisonous,Giftig,Giftig,Toxický,Jedovatý,,,,,,1,0,0,0,0
,Transversus,m.,II,Transversi,Transversum,Transverse,Lying or extending across; transverse,Quer,Lügen oder sich hinüber ausdehnen; Quer,Priečny,Ležanie alebo rozširovanie; priečny,,,,,,1,0,0,0,0
,Trauma,f.,I,Traumae,Traumam,Trauma,Injury or wound,Trauma,Verletzung oder Wunde,Trauma,Zranenie alebo zranenie,,,,,,1,0,0,0,0
,Triangularis,,,,,Triangular,Shaped like a triangle,Dreieckig,Wie ein Dreieck geformt,Trojuholníkový,V tvare trojuholníka,,,,,,0,1,0,0,0
,Triplex,,,,,Triple,Three parts or layers,Verdreifachen,Drei Teile oder Schichten,Trojnásobok,Tri časti alebo vrstvy,,,,,,1,0,0,0,0
,Trochlearis,,,,,Trochlear,Relating to the trochlea,Trochlear,In Bezug auf die Trochlea,Trochlear,Týkajúce sa trochlea,,,,,,0,1,0,0,0
,Truncus,m.,II,Trunci,Truncum,Trunk,Main part of an organ or body,Stamm,Hauptteil eines Organs oder Körpers,Kmeň,Hlavná časť orgánu alebo tela,,,,,,1,0,0,0,0
,Tuba,f.,I,Tubae,Tubam,Tube,Long cylindrical organ,Rohr,Langes zylindrisches Organ,Trubica,Dlhý valcový orgán,,,,,,1,0,0,0,0
,Tuba auditiva,,I,Tuba auditivae,Tubam auditivam,Auditory tube,,Hörrohr,,Sluchová trubica,,,,,,,0,0,0,0,1
,Tuba uterina,,I,Tuba uterinae,Tubam uterinam,Fallopian tube,,Eileiter,,Vajcovod,,,,,,,0,0,0,0,1
,Tuberosus,m.,II,Tuberosi,Tuberosum,Tuberosus,Having a roughened surface,Tuberosus,Eine aufgeraute Oberfläche haben,Hľuza,Mať hrubý povrch,,,,,,1,0,0,0,0
,Tumor,m.,III,Tumoris,Tumorem,Tumor,Abnormal growth of tissue,Tumor,Abnormales Gewebewachstum,Nádor,Abnormálny rast tkaniva,,,,,,1,0,0,0,0
,Tunica,f.,I,Tunicae,Tunicam,Tunic,Layer of tissue,Tunika,Gewebeschicht,Tunika,Vrstva tkaniva,,,,,,1,0,0,0,0
,(tunica) mucosa,,I,(tunica) mucosae,(tunica) mucosam,Mucosa,,Schleimhaut,,Sliznica,,,,,,,0,0,0,0,1
,Tympanicus,,,Tympanici,Tympanicum,Tympanic,Relating to the eardrum,Tympanic,Im Zusammenhang mit dem Trommelfell,Tympanický,Týkajúce sa ušného bubienka,,,,,,0,1,0,0,0
,Ulcus,m.,II,Ulci,Ulcum,Ulcer,Open sore,Geschwür,Offene Schmerzen,Vred,Zatvárať sa,,,,,,1,0,0,0,0
,Undecimus,m.,II,Undecimi,Undecimum,Eleventh,Position eleven,Elfte,Position elf,Jedenásty,Umiestniť jedenásť,,,,,,1,0,0,0,0
,Unguentum,n.,II,Unguenti,Unguentum,Ointment,Topical medication,Salbe,Topische Medikamente,Masť,Lokálne lieky,,,,,,1,0,0,0,0
,Unguis,,,,,Nail,Hard covering of the finger or toe,Nagel,Hart bedeckende Finger oder Zeh,Prilepiť,Tvrdé krytie prsta alebo špičky,,,,,,0,1,0,0,0
,Unifocalis,,,,,Unifocal,Having a single focus,Unifokal,Einen einzigen Fokus haben,Unifokálny,Mať jediné zameranie,,,,,,0,1,0,0,0
,Universalis,,,,,Universal,Applicable to all,Universal,Anwendbar für alle,Univerzálny,Použiteľné pre všetkých,,,,,,0,1,0,0,0
,Urinarius,,,Urinarii,Urinarium,Urinary,Relating to urine,Urin,In Bezug auf Urin,Moč,Súvisiaci s močom,,,,,,0,1,0,0,0
,Urologicus,,,Urologici,Urologicum,Urological,Relating to the urinary system,Urologisch,In Bezug auf das Harnsystem,Urologický,Týkajúce sa močového systému,,,,,,0,1,0,0,0
,Valgus,m.,II,Valgi,Valgum,Valgus,Deformity causing outward angulation of a limb,Valgus,"Deformität, die nach außen Angulation eines Gliedes verursacht",Valgus,Deformita spôsobujúca smerom von z končatiny,,,,,,1,0,0,0,0
,Varus,m.,II,Vari,Varum,Varus,Deformity causing inward angulation of a limb,Varus,"Deformität, die die innere Angulation eines Gliedes verursacht",Krém,Deformita spôsobujúca dovnútra anguláciu končatiny,,,,,,1,0,0,0,0
,Vas,,,,,Vessel,Tube for transporting fluids,Schiff,Rohr zum Transport von Flüssigkeiten,Plavidlo,Trubica na transport kvapaliny,,,,,,1,0,0,0,0
,Vasodilatans,,,,,Vasodilator,Substance that dilates blood vessels,Vasodilator,"Substanz, die Blutgefäße erweitert",Vazodilatátor,"Látka, ktorá rozširuje krvné cievy",,,,,,0,0,1,0,0
,Venenum,n.,II,Veneni,Venenum,Poison,Substance harmful to living organisms,Gift,Substanz schädlich für lebende Organismen,Otráviť sa,Látka škodlivé pre živé organizmy,,,,,,1,0,0,0,0
,Venter,,,,,Abdomen,The belly area containing organs,Abdomen,Der Bauchbereich mit Organen enthält,Brucho,Oblasť brucha obsahujúcej orgány,,,,,,1,0,0,0,0
,Vertebralis,,,,,Vertebral,Relating to the vertebrae,Wirbel,In Bezug auf die Wirbel,Stavcový,Týkajúce sa stavcov,,,,,,0,1,0,0,0
,vestibularis,,,,,Vestibular,Relating to the vestibule,Vestibular,In Bezug auf das Vestibül,Vestibulárny,Týkajúce sa predsiene,,,,,,0,1,0,0,0
,Vestibulocochlearis,,,,,Vestibulocochlear,Relating to both the vestibule and cochlea,Vestibulocochlear,In Bezug auf die Vorausregelung und Cochlea,Vestibulocochleárny,Týkajúce sa predsiene a kochlea,,,,,,0,1,0,0,0
,Vestibulum,n.,II,Vestibuli,Vestibulum,Entrance,The entryway,Eingang,Der Eingang,Vstup,Vchod,,,,,,1,0,0,0,0
,Vinum,n.,II,Vini,Vinum,Wine,Alcoholic beverage made from fermented grapes,Wein,Alkoholisches Getränk aus fermentierten Trauben hergestellt,Víno,Alkoholický nápoj vyrobený z fermentovaného hrozna,,,,,,1,0,0,0,0
,Viscera,f.,I,Viscerae,Visceram,Viscera,Internal organs,Eingeweide,Interne Organe,Chvála,Vnútorné orgány,,,,,,1,0,0,0,0
,Visceralis,,,,,Visceral,Relating to the internal organs,Viszeral,In Bezug auf die internen Organe,Viscerálny,Týkajúce sa vnútorných orgánov,,,,,,0,1,0,0,0
,Visus,m.,II,Visi,Visum,Vision,Ability to see,Vision,Fähigkeit zu sehen,Zjavenie,Schopnosť vidieť,,,,,,1,0,0,0,0
,Vitrum,n.,II,Vitri,Vitrum,Glass,Transparent material,Glas,Transparentes Material,Pohár,Priehľadný materiál,,,,,,1,0,0,0,0
,Vulgaris,,,,,Common,Ordinary or widespread,Gemeinsam,Gewöhnlich oder weit verbreitet,Bežný,Bežné alebo rozšírené,,,,,,0,1,0,0,0
,Vulnus,m.,II,Vulni,Vulnus,Wound,Injury to body tissue,Wunde,Körpergewebeverletzung,Rana,Poranenie telesného tkaniva,,,,,,1,0,0,0,0
