key;english;deutsch;slovensky;
app_title;Medical Dictionary;Medical Dictionary;Medical Dictionary;
header_brand_kicker;Clinical Study Workspace;Klinischer Lernbereich;Klinický študijný priestor;
hero_subtitle;Multilingual medical terminology with structured study tools for quizzes,muscle training,and anamnesis workflows.;Mehrsprachige medizinische Terminologie mit strukturierten Lernwerkzeugen für Quiz,Muskeltraining und Anamnese-Workflows.;Viacjazyčná medicínska terminológia so štruktúrovanými študijnými nástrojmi pre kvízy,precvičovanie svalov a anamnestické pracovné postupy.;
choose_language;Choose the language of the website;Wählen Sie die Sprache der Website.;Vyberte si jazyk stránky;
language_settings;You may later change it in settings;Sie können dies später in den Einstellungen ändern.;Neskôr si ho môžete zmeniť v nastaveniach;
please_note;Please note: This web version is still in development and you may encounter bugs or missing features. If you encounter any issues or you have an idea about improvements,feel free to report them in the form in settings. Thank you for your understanding and support!;Bitte beachten Sie: Diese Webversion befindet sich noch in der Entwicklung. Es können Fehler auftreten oder Funktionen fehlen. Sollten Sie Probleme feststellen oder Verbesserungsvorschläge haben,melden Sie diese bitte über das Formular in den Einstellungen. Vielen Dank für Ihr Verständnis und Ihre Unterstützung!;Upozornenie: Tento web je stále vo vývoji. Môžu sa vyskytnúť chyby alebo niektoré funkcie môžu chýbať. Ak narazíte na nejaké problémy alebo máte návrhy na zlepšenie,nahláste ich pomocou formulára v nastaveniach. Ďakujeme za pochopenie a podporu!;
welcome;Welcome;Willkommen;Vitajte;
continue;Continue;Weiter;Pokračovať;
continue_without_account;Continue without account;Weiter ohne Konto;Pokračovať bez konta;
google_sign_in;Sign in with Google;Mit Google anmelden;Prihlásiť sa cez Google;
connected_as;Connected as;Verbunden als;Pripojené ako;
log_out;Log out;Abmelden;Odhlásiť sa;
search;Search;Suchen;Hľadať;
results;Results;Ergebnisse;Výsledky;
search_terminology;Search terminology;Terminologie durchsuchen;Vyhľadávanie terminológie;
search_and_results;Search and Results;Suche und Ergebnisse;Vyhľadávanie a výsledky;
input_fields;Input fields;Eingabefelder;Vstupné polia;
all;All;Alle;Všetko;
any;Any;Alle;Ľubovoľné;
back;Back;Zurück;Späť;
next;Next;Weiter;Ďalej;
close;Close;Schließen;Zavrieť;
remove;Remove;Entfernen;Odstrániť;
preview;Preview;Vorschau;Náhľad;
scope;Scope;Bereich;Rozsah;
category;Category;Kategorie;Kategória;
status;Status;Status;Stav;
progress;Progress;Fortschritt;Postup;
mode;Mode;Modus;Režim;
tags;Tags;Tags;Tagy;
filters;Filters;Filter;Filtre;
clear_filters;Clear filters;Filter löschen;Vymazať filtre;
clear_form;Clear form;Formular löschen;Vymazať formulár;
correct;Correct;Richtig;Správne;
incorrect;Incorrect;Falsch;Nesprávne;
wrong;Wrong;Falsch;Zle;
loading;Loading...;Wird geladen...;Načítava sa...;
loading_more_sources;Loading more sources...;Weitere Quellen werden geladen...;Načítavam ďalšie zdroje...;
last_sync;Last sync;Letzte Synchronisierung;Posledná synchronizácia;
feature_load_failed;Failed to load this section.;Dieser Bereich konnte nicht geladen werden.;Túto sekciu sa nepodarilo načítať.;
pending_operations;Pending;Ausstehend;Čakajúce;
submenu_desc_add_term;Create and save your own terms with attachments.;Erstellen und speichern Sie eigene Begriffe mit Anhängen.;Vytvorte a uložte vlastné pojmy s prílohami.;
submenu_desc_anamnesis;Structured intake forms for internal,psychiatry,and pediatrics.;Strukturierte Aufnahmeformulare für Innere Medizin,Psychiatrie und Pädiatrie.;Štruktúrované vstupné formuláre pre internu,psychiatriu a pediatriu.;
submenu_desc_biophysics;Test conceptual statements with instant feedback.;Konzeptionelle Aussagen mit sofortigem Feedback prüfen.;Testujte koncepčné tvrdenia s okamžitou spätnou väzbou.;
submenu_desc_flashcards;Build sessions and review with spaced repetition.;Sitzungen erstellen und mit verteilten Wiederholungen lernen.;Vytvárajte relácie a opakujte s rozloženým opakovaním.;
submenu_desc_lab;Filter analytes by tag and compare reference ranges.;Analyte nach Tags filtern und Referenzbereiche vergleichen.;Filtrujte analyty podľa tagov a porovnávajte referenčné rozsahy.;
submenu_desc_latin;Browse units and drill foundational medical Latin.;Lektionen durchsuchen und medizinisches Grundlagenlatein üben.;Prechádzajte lekcie a precvičujte základy medicínskej latinčiny.;
submenu_desc_muscle;Study regions,OINA fields,and movement functions.;Regionen,OINA-Felder und Bewegungsfunktionen lernen.;Študujte oblasti,polia OINA a funkcie pohybu.;
submenu_desc_pharmacology;Study oral-exam triplets with quizzes,clinical cases,and rapid review.;Lernen Sie mündliche Prüfungstripel mit Quizzen,klinischen Fällen und Kurzreview.;Študujte ústne skúškové triplety s kvízmi,klinickými prípadmi a rýchlym opakovaním.;
submenu_desc_quiz;Generate custom quizzes across domains and fields.;Eigene Quizze über Bereiche und Felder erstellen.;Vytvárajte vlastné kvízy naprieč oblasťami a poliami.;
submenu_desc_search;Find terms,definitions,and language variants quickly.;Begriffe,Definitionen und Sprachvarianten schnell finden.;Rýchlo vyhľadajte pojmy,definície a jazykové varianty.;
submenu_workspace_copy;Choose a tool to search terminology,build study sessions,or work through structured clinical forms.;Wählen Sie ein Werkzeug,um Terminologie zu durchsuchen,Lerneinheiten zu erstellen oder strukturierte klinische Formulare auszufüllen.;Vyberte si nástroj na vyhľadávanie terminológie,tvorbu študijných relácií alebo prácu so štruktúrovanými klinickými formulármi.;
search_dataset;Search dataset;Suchdatensatz;Dataset vyhľadávania;
search_muscle_text;Search muscle name (min 2 chars);Suchmuskelname suchen (min 2 Zeichen);Vyhľadajte názov svalu (min 2 znaky);
search_phrase;Search phrase;Suchbegriff;Hľadaný výraz;
search_quick_scopes;Quick search scopes;Schnelle Suchbereiche;Rýchle rozsahy vyhľadávania;
search_results_live;Results update while you type.;Die Ergebnisse werden während der Eingabe aktualisiert.;Výsledky sa aktualizujú počas písania.;
search_scope;Scope;Bereich;Rozsah;
search_scope_diagnostics;Diagnostics;Diagnostik;Diagnostika;
search_scope_diseases;Diseases;Krankheiten;Choroby;
search_scope_labs;Labs;Labore;Laboratóriá;
search_scope_microbes;Microbes;Mikroben;Mikróby;
search_terms_title;Search terms;Suchbegriffe;Vyhľadávanie pojmov;
search_workspace_copy;Search across terminology,personal notes,pharmacology,and structured study datasets from one workspace.;Durchsuchen Sie Terminologie,persönliche Notizen,Pharmakologie und strukturierte Lerndatensätze in einem Arbeitsbereich.;Vyhľadávajte terminológiu,osobné poznámky,farmakológiu a štruktúrované študijné datasety z jedného pracoviska.;
lab_available_tags;Available tags;Verfügbare Tags;Dostupné tagy;
lab_clinical_ranges;Clinical ranges;Klinische Referenzwerte;Klinické referenčné hodnoty;
lab_filters;Filters;Filter;Filtre;
lab_reference_matches;Reference matches;Passende Referenzwerte;Zodpovedajúce referenčné hodnoty;
lab_reference_workspace;Lab reference workspace;Labor-Referenzübersicht;Pracovisko laboratórnych referencií;
lab_reference_workspace_copy;Search analytes,combine tag filters,and review matching laboratory reference data in a cleaner split layout.;Analyte suchen,Tag-Filter kombinieren und passende Laborreferenzdaten in einer übersichtlicheren geteilten Ansicht prüfen.;Vyhľadávajte analyty,kombinujte filtre tagov a prezerajte zodpovedajúce referenčné laboratórne údaje v prehľadnejšom rozdelenom rozložení.;
lab_results;Results;Ergebnisse;Výsledky;
lab_results_copy;The result list updates automatically as the search phrase and active tags change.;Die Ergebnisliste wird automatisch aktualisiert,wenn sich Suchbegriff oder aktive Tags ändern.;Zoznam výsledkov sa automaticky aktualizuje pri zmene hľadaného výrazu alebo aktívnych tagov.;
lab_search_label;Analyte or abbreviation;Analyt oder Abkürzung;Analyt alebo skratka;
lab_search_placeholder;Search term or abbreviation (min 2 chars);Begriff oder Abkürzung suchen (min. 2 Zeichen);Hľadať pojem alebo skratku (min. 2 znaky);
entry_added_terms_history;Added terms history;Verlauf hinzugefügter Begriffe;História pridaných pojmov;
entry_create_term_copy;Add structured content that matches the selected dataset schema,then attach text notes or sync the new record.;Fügen Sie strukturierte Inhalte hinzu,die zum Schema des ausgewählten Datensatzes passen,und hängen Sie dann Textnotizen an oder synchronisieren Sie den neuen Eintrag.;Pridajte štruktúrovaný obsah,ktorý zodpovedá schéme vybraného datasetu,potom priložte textové poznámky alebo synchronizujte nový záznam.;
entry_create_term_title;Create a new term;Neuen Begriff erstellen;Vytvoriť nový pojem;
entry_dataset_aligned_copy;Fields below adapt to the selected dataset schema so your new term matches the target structure.;Die Felder unten passen sich dem Schema des ausgewählten Datensatzes an,sodass Ihr neuer Begriff zur Zielstruktur passt.;Nižšie uvedené polia sa prispôsobia schéme vybraného datasetu,aby váš nový pojem zodpovedal cieľovej štruktúre.;
entry_ready_to_save;Ready to save;Bereit zum Speichern;Pripravené na uloženie;
entry_ready_to_save_copy;Review the fields and save the new record to local storage.;Prüfen Sie die Felder und speichern Sie den neuen Eintrag im lokalen Speicher.;Skontrolujte polia a uložte nový záznam do lokálneho úložiska.;
entry_saved_records;Saved records;Gespeicherte Einträge;Uložené záznamy;
attachment_add_as_attachment;Add as attachment;Als Anhang hinzufügen;Pridať ako prílohu;
attachment_content_placeholder;Write or paste text content here;Text hier schreiben oder einfügen;Sem napíšte alebo vložte textový obsah;
attachment_filename_placeholder;File name (e.g. notes.txt);Dateiname (z. B. notizen.txt);Názov súboru (napr. poznamky.txt);
attachment_input_mode;Input mode;Eingabemodus;Režim vstupu;
attachment_paste_write_text;Paste / write text;Text einfügen / schreiben;Prilepiť / napísať text;
attachment_preview_title;Attachment preview;Anhangsvorschau;Náhľad prílohy;
auth_connecting;Connecting...;Verbindung wird hergestellt...;Pripája sa...;
auth_google_user;Google user;Google-Nutzer;Používateľ Google;
auth_profile_loaded;Profile loaded.;Profil geladen.;Profil bol načítaný.;
auth_signed_out;Signed out.;Abgemeldet.;Odhlásené.;
attachment_delete_pending;Attachment marked for deletion. Retry after Google Drive connects.;Anhang zum Löschen markiert. Nach der Verbindung mit Google Drive erneut versuchen.;Príloha je označená na odstránenie. Po pripojení Google Drive skúste akciu znova.;
attachment_connect_drive_first;Connect Google Drive first,then run sync again.;Verbinden Sie zuerst Google Drive und starten Sie die Synchronisierung danach erneut.;Najprv pripojte Google Drive a potom synchronizáciu spustite znova.;
attachment_drive_sync_disabled;Drive sync is disabled. Select Google Drive sync in Settings.;Die Drive-Synchronisierung ist deaktiviert. Aktivieren Sie die Google-Drive-Synchronisierung in den Einstellungen.;Synchronizácia s Drive je vypnutá. V nastaveniach zapnite synchronizáciu s Google Drive.;
attachment_google_auth_started;Google authorization started. Confirm access and then sync.;Die Google-Autorisierung wurde gestartet. Bestätigen Sie den Zugriff und synchronisieren Sie danach.;Autorizácia Google sa spustila. Potvrďte prístup a potom synchronizujte.;
attachment_manual_empty;Attachment text is empty.;Der Anhangstext ist leer.;Text prílohy je prázdny.;
attachment_nothing_pending;No pending attachment operations.;Keine ausstehenden Anhangsaktionen.;Žiadne čakajúce operácie s prílohami.;
attachment_only_txt_supported;Only .txt attachments are supported.;Es werden nur .txt-Anhänge unterstützt.;Podporované sú iba .txt prílohy.;
attachment_preview_unavailable;Attachment preview is unavailable.;Die Anhangsvorschau ist nicht verfügbar.;Náhľad prílohy nie je dostupný.;
attachment_retry_delete;Retry delete;Löschen erneut versuchen;Skúsiť odstránenie znova;
attachment_saved_local;Attachment saved locally.;Anhang lokal gespeichert.;Príloha bola uložená lokálne.;
attachment_status_delete_pending;Delete pending;Löschen ausstehend;Čaká na odstránenie;
attachment_status_error;Error;Fehler;Chyba;
attachment_status_local_only;Local only;Nur lokal;Iba lokálne;
attachment_status_syncing;Syncing;Wird synchronisiert;Synchronizuje sa;
attachment_status_synced;Synced;Synchronisiert;Synchronizované;
attachment_sync_finished;Sync finished: {count} completed.;Synchronisierung abgeschlossen: {count} erledigt.;Synchronizácia dokončená: {count} hotovo.;
attachment_sync_finished_with_errors;Sync finished: {success} completed,{failed} failed.;Synchronisierung abgeschlossen: {success} erledigt,{failed} fehlgeschlagen.;Synchronizácia dokončená: {success} hotovo,{failed} zlyhalo.;
attachment_sync_single_failed;Attachment sync failed.;Die Anhangssynchronisierung ist fehlgeschlagen.;Synchronizácia prílohy zlyhala.;
attachment_sync_single_success;Attachment synced.;Anhang synchronisiert.;Príloha je synchronizovaná.;
attachment_storage_drive_mode;Storage mode set to Google Drive sync.;Speichermodus auf Google-Drive-Synchronisierung gesetzt.;Režim úložiska je nastavený na synchronizáciu s Google Drive.;
attachment_storage_local_mode;Storage mode set to Local only.;Speichermodus auf Nur lokal gesetzt.;Režim úložiska je nastavený na Iba lokálne.;
attachment_text_added;Text added as attachment.;Text als Anhang hinzugefügt.;Text bol pridaný ako príloha.;
attachment_upload_txt;Upload .txt;.txt hochladen;Nahrať .txt;
attachment_upload_txt_file;Upload .txt file;.txt-Datei hochladen;Nahrať .txt súbor;
attachments;Attachments;Anhänge;Prílohy;
attachments_none_yet;No attachments yet.;Noch keine Anhänge.;Zatiaľ žiadne prílohy.;
attachments_load_failed;Failed to load attachments.;Anhänge konnten nicht geladen werden.;Prílohy sa nepodarilo načítať.;
quiz_accuracy;Accuracy;Presnosť;Presnosť;
quiz_add_wrong_review;Add wrong terms to review list;Falsche Begriffe zur Wiederholungsliste hinzufügen;Pridať nesprávne pojmy do zoznamu na opakovanie;
quiz_chosen_label;Chosen;Vybrané;Zvolené;
quiz_complete;Quiz complete.;Quiz abgeschlossen.;Kvíz je dokončený.;
quiz_configure_and_start;Configure settings and press Start.;Einstellungen wählen und Start drücken.;Nastavte možnosti a stlačte Štart.;
quiz_correct_answer;Correct answer;Richtige Antwort;Správna odpoveď;
quiz_domain;Domain;Bereich;Oblasť;
quiz_double_confirm;Double-tap to confirm answer;Zum Bestätigen zweimal tippen;Dvojitým kliknutím potvrď odpoveď;
quiz_double_confirm_pending;Answer selected. Tap the same option again to confirm.;Antwort ausgewählt. Tippen Sie dieselbe Option erneut an,um zu bestätigen.;Odpoveď je vybraná. Klepnite na tú istú možnosť znova pre potvrdenie.;
quiz_end;End quiz;Quiz beenden;Ukončiť kvíz;
quiz_finish;Finish;Fertig;Dokončiť;
quiz_from;From;Von;Z;
quiz_match_terms;Match terms;Begriffe zuordnen;Priraď pojmy;
quiz_metric_pool;Pool;Pool;Zásoba;
quiz_metric_session_plan;Session plan;Sitzungsplan;Plán relácie;
quiz_next_question;Next question;Nächste Frage;Ďalšia otázka;
quiz_no_wrong_terms;No wrong terms. Great run.;Keine falschen Begriffe. Starker Lauf.;Žiadne nesprávne pojmy. Skvelý výkon.;
quiz_only_starred;Include only starred;Nur markierte Begriffe;Zahrnúť len označené hviezdičkou;
quiz_options_count;Number of answer options;Antwortoptionen pro Frage;Počet možných odpovedí;
quiz_pairs;pairs;Paare;páry;
quiz_prefer_wrong;Prefer wrong terms;Falsche Begriffe bevorzugen;Uprednostniť nesprávne pojmy;
quiz_preset_balanced;Balanced review;Ausgewogenes Wiederholen;Vyvážené opakovanie;
quiz_preset_exam;Exam cram;Prüfungspauken;Rýchla príprava na skúšku;
quiz_preset_recovery;Weak spots;Schwächen;Slabé miesta;
quiz_preset_speed;Speed drill;Schnelldurchgang;Rýchly tréning;
quiz_question_count;Question count;Anzahl der Fragen;Počet otázok;
quiz_retry_last_wrong_terms;Retry last wrong terms;Letzte falsche Begriffe erneut üben;Skúsiť znova posledné nesprávne pojmy;
quiz_retry_wrong_terms;Retry wrong terms;Falsche Begriffe erneut üben;Skúsiť znovu nesprávne pojmy;
quiz_review_last_wrong_terms;Send last wrong terms to review;Letzte falsche Begriffe zur Wiederholung senden;Poslať posledné nesprávne pojmy na opakovanie;
quiz_select_answer;Select answer;Antwort auswählen;Vyber odpoveď;
quiz_settings_hide;Hide quiz settings;Quiz-Einstellungen ausblenden;Skryť nastavenia kvízu;
quiz_settings_show;Show quiz settings;Quiz-Einstellungen anzeigen;Zobraziť nastavenia kvízu;
quiz_shortcuts_double_confirm;Keys 1-6 select options (press the same key again to confirm). Press Enter for next question.;Mit Tasten 1-6 wählen Sie Optionen (zum Bestätigen dieselbe Taste erneut drücken). Drücken Sie Enter für die nächste Frage.;Klávesy 1-6 vyberajú možnosti (pre potvrdenie stlačte ten istý kláves znova). Pre ďalšiu otázku stlačte Enter.;
quiz_shortcuts_standard;Keys 1-6 select an option. Press Enter for next question.;Mit Tasten 1-6 wählen Sie eine Option. Drücken Sie Enter für die nächste Frage.;Klávesy 1-6 vyberajú možnosť. Pre ďalšiu otázku stlačte Enter.;
quiz_shortcuts_typing;Press Enter to submit,then Enter for next question.;Drücken Sie Enter zum Senden und dann Enter für die nächste Frage.;Stlač Enter na odoslanie a potom Enter na ďalšiu otázku.;
quiz_star;Star;Označiť hviezdičkou;Označiť hviezdičkou;
quiz_streak;Streak;Séria;Séria;
quiz_studio_copy;Build a session from any domain,pick the answer mode,and run the quiz directly in the same workspace.;Erstellen Sie eine Sitzung aus jedem Bereich,wählen Sie den Antwortmodus und führen Sie das Quiz direkt im selben Arbeitsbereich aus.;Vytvorte reláciu z ľubovoľnej oblasti,vyberte režim odpovedí a spustite kvíz priamo v tom istom pracovisku.;
quiz_subdivision;Subdivision;Unterbereich;Podoblasť;
quiz_subdivision2;Subdivision 2;Unterbereich 2;Podoblasť 2;
quiz_submit;Submit;Odoslať;Odoslať;
quiz_submit_matching;Submit matching;Zuordnung abschicken;Odoslať priradenie;
quiz_summary_title;Quiz summary;Quizübersicht;Zhrnutie kvízu;
quiz_time;Time;Čas;Čas;
quiz_timer;Timer;Časovač;Časovač;
quiz_timer_off;Off;Aus;Vypnuté;
quiz_to;To;Nach;Do;
quiz_total_correct;Total correct;Celkom správne;Celkom správne;
quiz_type;Quiz type;Quiztyp;Typ kvízu;
quiz_type_answer_placeholder;Type answer;Antwort eingeben;Napíš odpoveď;
quiz_type_matching;Matching;Priraďovanie;Priraďovanie;
quiz_type_multiple_choice;Multiple choice;Výber z možností;Výber z možností;
quiz_type_typing;Typing;Písanie;Písanie;
quiz_unstar;Unstar;Odstrániť hviezdičku;Odstrániť hviezdičku;
quiz_wrong_added_to_review;Wrong terms added to review list.;Falsche Begriffe zur Wiederholung hinzugefügt.;Nesprávne pojmy boli pridané do zoznamu na opakovanie.;
flashcards_again;Again;Nochmal;Znova;
flashcards_back_primary;Back field (primary);Rückseite (Hauptfeld);Zadné pole (hlavné);
flashcards_back_secondary;Back field (secondary);Rückseite (Nebenfeld);Zadné pole (vedľajšie);
flashcards_builder_hide;Hide builder settings;Builder-Einstellungen ausblenden;Skryť nastavenia tvorby;
flashcards_builder_show;Show builder settings;Builder-Einstellungen anzeigen;Zobraziť nastavenia tvorby;
flashcards_cards_suffix;card(s).;Karte(n).;kartičiek.;
flashcards_domains;Domains;Bereiche;Oblasti;
flashcards_due;Due;Na opakovanie;Na opakovanie;
flashcards_easy;Easy;Einfach;Ľahké;
flashcards_flip_card;Flip card;Karte umdrehen;Otočiť kartičku;
flashcards_front_back_same;Front and Back cannot be the same field.;Vorder- und Rückseitenfeld dürfen nicht identisch sein.;Predné a zadné pole nemôžu byť rovnaké.;
flashcards_front_primary;Front field (primary);Vorderseite (Hauptfeld);Predné pole (hlavné);
flashcards_front_secondary;Front field (secondary);Vorderseite (Nebenfeld);Predné pole (vedľajšie);
flashcards_generate_session;Generate session;Sitzung erstellen;Vytvoriť session;
flashcards_generated_cards;Generated;Vygeneriert;Vygenerované;
flashcards_good;Good;Gut;Dobre;
flashcards_limit;Limit;Limit;Limit;
flashcards_loaded_terms;Loaded terms;Geladene Begriffe;Načítané pojmy;
flashcards_new;New;Nové;Nové;
flashcards_no_active_session;No active session. Generate a deck first.;Keine aktive Sitzung. Erstellen Sie zuerst ein Deck.;Nie je aktívna session. Najprv vygenerujte balíček.;
flashcards_none;None;Keine;Žiadne;
flashcards_only;Only;Nur;Len;
flashcards_random;Random;Náhodné;Náhodné;
flashcards_reviewed;Reviewed;Prejdené;Prejdené;
flashcards_select_front_back;Select front and back fields.;Wählen Sie Vorder- und Rückseitenfeld.;Vyberte predné a zadné polia.;
flashcards_select_one_domain;Select at least one domain.;Wählen Sie mindestens einen Bereich.;Vyberte aspoň jednu oblasť.;
flashcards_selected_domain;Selected domain;Ausgewählter Bereich;Vybraná oblasť;
flashcards_session_finished;Session finished.;Sitzung abgeschlossen.;Session dokončená.;
flashcards_wrong;Wrong;Nesprávne;Nesprávne;
biophysics_answer_prompt;Statements;Aussagen;Tvrdenia;
biophysics_auto_next;Auto next after 2s when correct;Automatisch nach 2 s weiter bei richtiger Antwort;Automaticky ďalšia po 2 s pri správnej odpovedi;
biophysics_false;False;Falsch;Nepravda;
biophysics_final_score;Final score;Endpunktzahl;Konečné skóre;
biophysics_no_statement;(No statement);(Keine Aussage);(Žiadne tvrdenie);
biophysics_no_statements_loaded;No biophysics statements loaded.;Keine Biophysik-Aussagen geladen.;Neboli načítané žiadne biofyzikálne tvrdenia.;
biophysics_press_start;Press Start.;Drücken Sie Start.;Stlačte Štart.;
biophysics_review_copy;Work through true-or-false statements with immediate feedback and a running score.;Bearbeiten Sie Wahr-oder-Falsch-Aussagen mit sofortigem Feedback und laufender Punktzahl.;Prechádzajte tvrdenia pravda alebo nepravda s okamžitou spätnou väzbou a priebežným skóre.;
biophysics_review_title;Biophysics;Biophysik;Biofyzika;
biophysics_select_true_false_first;Select True or False first.;Wählen Sie zuerst Wahr oder Falsch.;Najprv vyberte Pravda alebo Nepravda.;
biophysics_session_finished;Session finished.;Sitzung beendet.;Relácia dokončená.;
biophysics_shortcuts;Shortcuts: T or 1 = True,F or 2 = False,Enter = Next (after answer).;Tastenkürzel: T oder 1 = Wahr,F oder 2 = Falsch,Enter = Weiter (nach Antwort).;Skratky: T alebo 1 = Pravda,F alebo 2 = Nepravda,Enter = Ďalej (po odpovedi).;
biophysics_shortcuts_label;Shortcuts;Tastenkürzel;Skratky;
biophysics_true;True;Wahr;Pravda;
biophysics_true_false;Biophysics True/False;Biophysik Wahr/Falsch;Biofyzika Pravda/Nepravda;
anatomy_region_selection;Region selection;Regionsauswahl;Výber oblastí;
anatomy_search_copy;Search across names,attachments,supply,and movement fields.;Suchen Sie über Namen,Anhänge,Versorgung und Bewegungsfelder hinweg.;Vyhľadávajte v názvoch,prílohách,zásobení a poliach pohybu.;
anatomy_selection_copy;Select one or more regions and categories to focus the anatomy browser on the structures you want to review.;Wählen Sie eine oder mehrere Regionen und Kategorien aus,um den Anatomie-Browser auf die Strukturen zu fokussieren,die Sie lernen möchten.;Vyberte jednu alebo viac oblastí a kategórií,aby sa prehliadač anatómie zameral na štruktúry,ktoré si chcete preštudovať.;
muscle_clear_all;Clear all;Alles löschen;Vymazať všetko;
muscle_clear_all_confirm;Clear all selected regions and categories?;Alle ausgewählten Regionen und Kategorien löschen?;Vymazať všetky vybrané oblasti a kategórie?;
muscle_quiz_always;Always;Immer;Vždy;
muscle_quiz_select_region;Select a region and at least one group with data.;Wählen Sie eine Region und mindestens eine Gruppe mit Daten.;Vyberte oblasť a aspoň jednu skupinu s údajmi.;
muscle_region_all;All;Alle;Všetko;
muscle_region_clear;Clear;Löschen;Vymazať;
muscle_search_blood_supply;Blood supply;Blutversorgung;Krvné zásobenie;
muscle_search_category;Category;Kategorie;Kategória;
muscle_search_english_name;English name;Englischer Name;Anglický názov;
muscle_search_innervation;Innervation;Innervation;Inervácia;
muscle_search_insercio;Insercio;Ansatz;Insercio;
muscle_search_latin_name;Latin name;Lateinischer Name;Latinský názov;
muscle_search_muscle_part;Muscle parts;Muskelteil;Časti svalu;
muscle_search_origo;Origo;Ursprung;Origo;
muscle_search_region;Region;Region;Oblasť;
muscle_search_type_of_movement;Type of movement;Bewegungsart;Pohyb;
muscle_type_of_movement;Type of movement;Bewegungsart;Pohyb;
latin_clear_all_confirm;Clear all selected chapters?;Alle Markierungen aufheben?;Vymazať všetky vybrané kapitoly?;
latin_clear_all_units;Clear;Löschen;Vymazať;
latin_filter_part_of_speech;Part of speech;Wortart;Slovný druh;
latin_filter_search_by;Search by;Wonach suchen;Hľadať podľa;
latin_filter_where_to_search;Where to search;Wo suchen;Kde hľadať;
latin_no_terms_available;No terms available.;Keine Begriffe verfügbar.;Nie sú dostupné žiadne pojmy.;
latin_quiz_select_unit;Select at least one chapter with data.;Wählen Sie mindestens ein Kapitel mit Daten aus.;Vyberte aspoň jednu kapitolu s údajmi.;
latin_quiz_unit_label;Chapter;Kapitel;Kapitola;
latin_reference_copy;Filter by unit,language field,or part of speech and browse aligned Latin vocabulary.;Filtern Sie nach Lektion,Sprachfeld oder Wortart und durchsuchen Sie abgestimmten lateinischen Wortschatz.;Filtrujte podľa lekcie,jazykového poľa alebo slovného druhu a prehliadajte zosúladenú latinskú slovnú zásobu.;
latin_results_copy;The result panel updates live from the selected Latin units and filters.;Das Ergebnisfeld wird anhand der ausgewählten lateinischen Lektionen und Filter live aktualisiert.;Panel výsledkov sa priebežne aktualizuje podľa vybraných latinských lekcií a filtrov.;
latin_search_field_abbreviation;Abbreviation;Abkürzung;Skratka;
latin_search_input_placeholder;Search latin term (min 2 chars);Lateinischen Begriff suchen (min. 2 Zeichen);Vyhľadať latinský pojem (min. 2 znaky);
latin_search_no_results;No terms found.;Keine Begriffe gefunden.;Nenašli sa žiadne pojmy.;
latin_select_all;Select all;Alle auswählen;Vybrať všetko;
latin_source_abbreviations;Abbreviations in medicine;Abkürzungen in der Medizin;Skratky v medicíne;
latin_source_abbreviations_prescriptions;Abbreviations in prescriptions;Abkürzungen auf Rezepten;Skratky v receptoch;
latin_source_greek;Latin-Greek synonyms;Lateinisch-griechische Synonyme;Latinsko-grécke synonymá;
latin_source_remedies;Remedies;Heilmittel;Liečivá;
latin_source_units;Units;Lektionen;Lekcie;
latin_terminology;Latin terminology;Lateinische Terminologie;Latinská terminológia;
latin_translation;Latin Translation;Lateinische Übersetzung;Latinský preklad;
latin_unit_unassigned;Unassigned unit;Nicht zugewiesene Einheit;Nepriradená jednotka;
anamnesis_add_patient;Add patient;Patient hinzufügen;Pridať pacienta;
anamnesis_age_na;Age n/a;Alter k. A.;Vek nie je k dispozícii;
anamnesis_bullet_mode;Bullet mode;Aufzählungsmodus;Režim odrážok;
anamnesis_clear_confirm;Clear the whole anamnesis form? This cannot be undone.;Das gesamte Anamneseformular löschen? Dies kann nicht rückgängig gemacht werden.;Vymazať celý formulár anamnestického vyšetrenia? Tento krok sa nedá vrátiť späť.;
anamnesis_close_notes_panel;Close notes panel;Notizfeld schließen;Zavrieť panel poznámok;
anamnesis_create_patient;Create patient;Patient erstellen;Vytvoriť pacienta;
anamnesis_create_patient_hint;Create a patient entry and choose the anamnesis workflow.;Patienteneintrag erstellen und den Anamnese-Ablauf auswählen.;Vytvorte záznam pacienta a vyberte typ anamnestického postupu.;
anamnesis_dashboard_copy;Manage patient records,switch workflow type,and complete structured history-taking in a clearer clinical layout.;Patientenakten verwalten,den Workflow-Typ wechseln und die strukturierte Anamnese in einem übersichtlicheren klinischen Layout ausfüllen.;Spravujte záznamy pacientov,prepínajte typ pracovného postupu a vypĺňajte štruktúrovanú anamnézu v prehľadnejšom klinickom rozložení.;
anamnesis_dashboard_title;Anamnesis dashboard;Anamnese-Dashboard;Panel anamnézy;
anamnesis_delete_confirm;Delete this patient record? This cannot be undone.;Diesen Patienteneintrag löschen? Dies kann nicht rückgängig gemacht werden.;Vymazať tento záznam pacienta? Tento krok sa nedá vrátiť späť.;
anamnesis_delete_patient;Delete patient;Patient löschen;Vymazať pacienta;
anamnesis_form_type;Workflow;Ablauf;Postup;
anamnesis_hero_kicker;Clinical workspace;Klinischer Arbeitsbereich;Klinický pracovný priestor;
anamnesis_hide_toolbar;Hide toolbar;Werkzeugleiste ausblenden;Skryť panel nástrojov;
anamnesis_input_keyboard;Keyboard;Tastatur;Klávesnica;
anamnesis_input_mode;Input mode;Eingabemodus;Režim vstupu;
anamnesis_input_pen;Drawing pen;Eingabestift;Pero;
anamnesis_layout_auto;Auto;Auto;Automaticky;
anamnesis_layout_desktop;Desktop;Desktop;Počítač;
anamnesis_layout_phone;Phone;Telefon;Telefón;
anamnesis_layout_tablet;Tablet;Tablet;Tablet;
anamnesis_new_patient_record;New patient record;Neue Patientenakte;Nový záznam pacienta;
anamnesis_no_chief_complaint;No chief complaint;Kein Hauptproblem;Bez hlavnej ťažkosti;
anamnesis_no_patients_saved;No patients saved yet.;Noch keine Patienten gespeichert.;Zatiaľ nie sú uložení žiadni pacienti.;
anamnesis_notes;Notes;Notizen;Poznámky;
anamnesis_patient_records;Patient anamnesis records;Patienten-Anamnesen;Záznamy anamnestických vyšetrení pacientov;
anamnesis_patient_title;Patient anamnesis;Patientenanamnese;Anamnéza pacienta;
anamnesis_patients;Patients;Patienten;Pacienti;
anamnesis_registry_hint;Select an existing patient or create a new anamnesis record.;Bestehenden Patienten auswählen oder eine neue Anamnese anlegen.;Vyberte existujúceho pacienta alebo vytvorte nový záznam anamnézy.;
anamnesis_screen_fit;Screen fit;Bildschirmanpassung;Prispôsobenie obrazovke;
anamnesis_show_toolbar;Show toolbar;Werkzeugleiste anzeigen;Zobraziť panel nástrojov;
anamnesis_type_internal;Internal/Surgery;;Interná/Chirurgia;
anamnesis_type_pediatrics;Pediatrics;Pädiatrie;Pediatria;
anamnesis_type_psychiatric;Psychiatric;Psychiatrisch;Psychiatrická;
anamnesis_unnamed_patient;Unnamed patient;Unbenannter Patient;Nepomenovaný pacient;
anamnesis_updated;Updated;Aktualisiert;Aktualizované;
anam_cleared;Cleared.;Gelöscht.;Vymazané.;
anam_saved_locally;Saved locally.;Lokal gespeichert.;Uložené lokálne.;
feedback_contact_optional;Your email (optional);Ihre E-Mail (optional);Váš e-mail (voliteľné);
feedback_contact_placeholder;your@email.com;ihre@email.de;vas@email.sk;
feedback_desc;Report an error,issue,or idea. Clicking Send opens your mail app with a prefilled message.;Melden Sie einen Fehler,ein Problem oder eine Idee. Beim Klicken auf Senden öffnet sich Ihre Mail-App mit einer vorausgefüllten Nachricht.;Nahláste chybu,problém alebo nápad. Po kliknutí na Odoslať sa otvorí vaša mailová aplikácia s predvyplnenou správou.;
feedback_form;Feedback form;Feedback-Formular;Formulár spätnej väzby;
feedback_message;Message;Nachricht;Správa;
feedback_message_placeholder;Describe the issue or your suggestion...;Beschreiben Sie das Problem oder Ihren Vorschlag...;Popíšte problém alebo váš návrh...;
feedback_opening_mail_app;Opening your mail app...;Ihre Mail-App wird geöffnet...;Otvára sa vaša mailová aplikácia...;
feedback_title;Feedback;Feedback;Spätná väzba;
feedback_type_error;Error report;Fehlerbericht;Nahlásenie chyby;
feedback_type_idea;Idea or Suggestion;Idee oder Vorschlag;Nápad alebo návrh;
feedback_type_other;Other;Iné;Iné;
feedback_type_wrong_translation;Wrong translation report;Meldung falscher Übersetzung;Nahlásenie nesprávneho prekladu;
feedback_write_message_before_send;Please write a message before sending.;Bitte schreiben Sie eine Nachricht vor dem Senden.;Pred odoslaním napíšte správu.;
guest_desc;Your progress won't be saved. To keep your study data,sign in with Google.;Ihr Fortschritt wird nicht gespeichert. Um Ihre Lerndaten zu behalten,melden Sie sich mit Google an.;Váš postup nebude uložený. Ak si chcete zachovať študijné údaje,prihláste sa cez Google.;
guest_title;Continue without account?;Ohne Konto fortfahren?;Pokračovať bez konta;
basic_sciences;Basic sciences;Grundlagenwissenschaften;Základné vedy;
diagnostics_procedures;Diagnostics & Procedures;Diagnostik a postupy;Diagnostika a postupy;
disease_and_symptoms;Diseases and symptoms;Krankheiten und Symptome;Choroby a symptómy;
laboratory_parameters;Laboratory parameters;Laborparameter;Laboratórne parametre;
microorganisms;Microorganisms;Mikroorganismen;Mikroorganizmy;
pharmacology;Pharmacology;Pharmakologie;Farmakológia;
anatomy;Anatomy;Anatomie;Anatómia;
latin;Latin;Latein;Latinčina;
english;English;Englisch;Angličtina;
english_translation;English Translation;Englische Übersetzung;Anglický preklad;
german;German;Deutsch;Nemčina;
german_translation;German Translation;Deutsche Übersetzung;Nemecký preklad;
slovak;Slovak;Slowakisch;Slovenčina;
slovak_translation;Slovak Translation;Slowakische Übersetzung;Slovenský preklad;
field_drug_class;Drug class;Arzneimittelklasse;Lieková trieda;
field_subclass;Subclass;Unterklasse;Podtrieda;
field_unit_name;Unit;Einheit;Lekcia;
No matching results found.;No matching results found.;Keine passenden Ergebnisse gefunden.;Nenašli sa žiadne zodpovedajúce výsledky.;
Save Term;Save Term;Begriff speichern;Uložiť pojem;
Term saved successfully!;Term saved successfully!;Begriff erfolgreich gespeichert!;Pojem bol úspešne uložený!;
add_term;Add term;Begriff hinzufügen;Pridať pojem;
anamnesis;Anamnesis;Anamnese;Anamnéza;
cancel;Cancel;Abbrechen;Zrušiť;
enter_term;Enter term;Begriff eingeben;Zadajte pojem;
flashcards;Flashcards;Lernkarten;Kartičky;
never;never;nie;nikdy;
quiz;Quiz;Quiz;Kvíz;
restart;Restart;Neustart;Reštart;
reveal;Reveal;Aufdecken;Odhaliť;
save;Save;Speichern;Uložiť;
score;Score;Punktzahl;Skóre;
send;Send;Senden;Odoslať;
settings_language;Language;Sprache;Jazyk;
settings_storage_sync;Storage & Sync;Speicher & Synchronisierung;Úložisko a synchronizácia;
settings_support;Support;Support;Podpora;
settings_text_size;Text Size;Textgröße;Veľkosť textu;
settings_theme;Theme;Design;Téma;
settings_title;Settings;Einstellungen;Nastavenia;
signed_in_as;Signed in as;Angemeldet als;Prihlásený ako;
specific_dataset;Specific dataset;Spezifischer Datensatz;Špecifický dataset;
start_quiz;Start Quiz;Quiz starten;Spustiť kvíz;
storage_connect_google_drive;Connect Google Drive;Google Drive verbinden;Pripojiť Google Drive;
storage_local_only;Local only;Nur lokal;Iba lokálne;
storage_not_connected;Not connected;Nicht verbunden;Nepripojené;
storage_sync_google_drive;Sync with Google Drive (app storage);Mit Google Drive synchronisieren (App-Speicher);Synchronizovať s Google Drive (úložisko aplikácie);
storage_sync_status_default;Last sync: never | Unsynced: 0;Letzte Synchronisierung: nie | Nicht synchronisiert: 0;Posledná synchronizácia: nikdy | Nesynchronizované: 0;
sync_now;Sync now;Jetzt synchronisieren;Synchronizovať teraz;
text_size_large;Large;Groß;Veľký;
text_size_small;Small;Klein;Malý;
theme_dark;Dark;Dunkel;Tmavý;
theme_light;Light;Hell;Svetlý;
home;Home;Startseite;Domov;
reference;Reference;Nachschlagen;Referencie;
study;Study;Lernen;Štúdium;
clinical;Clinical;Klinisch;Klinika;
courses;Courses;Kurse;Kurzy;
biophysics;Biophysics;Biophysik;Biofyzika;
patient_trainer;Patient trainer;Patientensimulator;Simulátor pacienta;
laboratory_short;Laboratory;Labor;Laboratórium;
latin_short;Latin;Latein;Latinčina;
study_workspace;Study workspace;Lernbereich;Študijný priestor;
primary_navigation;Primary navigation;Hauptnavigation;Hlavná navigácia;
mobile_navigation;Mobile navigation;Mobile Navigation;Mobilná navigácia;
more;More;Mehr;Viac;
global_search;Search medical dictionary;Medizinisches Wörterbuch durchsuchen;Hľadať v medicínskom slovníku;
global_search_placeholder;Search anything;Alles durchsuchen;Hľadať čokoľvek;
dashboard_eyebrow;Study dashboard;Lernübersicht;Študijný prehľad;
dashboard_intro;Everything you need to look up, practise, and continue studying in one workspace.;Alles zum Nachschlagen, Üben und Weiterlernen in einem Arbeitsbereich.;Všetko na vyhľadávanie, precvičovanie a pokračovanie v štúdiu na jednom mieste.;
continue_studying;Continue studying;Weiterlernen;Pokračovať v štúdiu;
pick_up_where_left_off;Pick up where you left off.;Dort weitermachen, wo Sie aufgehört haben.;Pokračujte tam, kde ste skončili.;
continue_studying_desc;Open your structured courses, or jump straight into a focused quiz when you only have a few minutes.;Öffnen Sie Ihre strukturierten Kurse oder starten Sie direkt ein fokussiertes Quiz, wenn Sie nur wenige Minuten haben.;Otvorte si štruktúrované kurzy alebo rovno spustite cielený kvíz, keď máte len pár minút.;
continue_course;Continue course;Kurs fortsetzen;Pokračovať v kurze;
start_quick_quiz;Start quick quiz;Schnellquiz starten;Spustiť rýchly kvíz;
today;Today;Heute;Dnes;
study_overview;Study overview;Lernübersicht;Prehľad štúdia;
local_progress;Local progress;Lokaler Fortschritt;Lokálny progres;
reviews_due;Reviews due;Fällige Wiederholungen;Opakovania na dnes;
saved_terms;Saved terms;Gespeicherte Begriffe;Uložené pojmy;
quiz_sessions;Quiz sessions;Quiz-Sitzungen;Kvízové relácie;
cards_today;Cards today;Karten heute;Kartičky dnes;
look_something_up;Look something up;Etwas nachschlagen;Niečo vyhľadať;
reference_desc;Fast access to the core medical reference library.;Schneller Zugriff auf die zentrale medizinische Referenzbibliothek.;Rýchly prístup k hlavnej medicínskej referenčnej knižnici.;
all_terminology;All terminology;Gesamte Terminologie;Všetka terminológia;
drugs_classes;Drugs & classes;Arzneimittel & Klassen;Lieky a skupiny;
muscles_oina;Muscles & OINA;Muskeln & OINA;Svaly a OINA;
reference_ranges;Reference ranges;Referenzbereiche;Referenčné hodnoty;
medical_terminology;Medical terminology;Medizinische Terminologie;Medicínska terminológia;
practice_review;Practice & review;Üben & wiederholen;Precvičovanie a opakovanie;
build_focused_session;Build a focused session;Gezielte Sitzung erstellen;Vytvoriť cielenú reláciu;
spaced_repetition;Spaced repetition;Verteiltes Wiederholen;Rozložené opakovanie;
structured_learning;Structured learning;Strukturiertes Lernen;Štruktúrované učenie;
true_false_drills;True / false drills;Wahr/Falsch-Training;Pravda / nepravda;
patient_work;Patient work;Patientenarbeit;Práca s pacientom;
clinical_documentation;Clinical documentation;Klinische Dokumentation;Klinická dokumentácia;
interview_simulation;Interview simulation;Gesprächssimulation;Simulácia rozhovoru;
sync_sign_in_required_title;Google account required;Google-Konto erforderlich;Vyžaduje sa Google účet;
sync_sign_in_required_desc;Sign in with Google before synchronizing. Your local study data remains stored on this device.;Melden Sie sich vor der Synchronisierung mit Google an. Ihre lokalen Lerndaten bleiben auf diesem Gerät gespeichert.;Pred synchronizáciou sa prihláste cez Google. Vaše lokálne študijné údaje zostanú uložené v tomto zariadení.;
sync_progress_drive;Synchronizing study progress with Google Drive...;Lernfortschritt wird mit Google Drive synchronisiert...;Synchronizuje sa študijný progres s Google Drive...;
sync_progress_and_attachments_drive;Synchronizing progress and attachments with Google Drive...;Fortschritt und Anhänge werden mit Google Drive synchronisiert...;Synchronizuje sa progres a prílohy s Google Drive...;
your_own_terminology;Your own terminology;Ihre eigene Terminologie;Vaša vlastná terminológia;
dataset;Dataset;Datensatz;Súbor údajov;
dataset_muscles;Muscles;Muskeln;Svaly;
dataset_clinical_correlations;Clinical correlations;Klinische Zusammenhänge;Klinické korelácie;
anatomy_structures_selection_copy;Filter anatomical structures by system and region.;Filtern Sie anatomische Strukturen nach System und Region.;Filtrujte anatomické štruktúry podľa systému a oblasti.;
anatomy_structures_search_copy;Search systems, regions, multilingual names, synonyms, related structures and notes.;Durchsuchen Sie Systeme, Regionen, mehrsprachige Namen, Synonyme, verwandte Strukturen und Notizen.;Vyhľadávajte systémy, oblasti, viacjazyčné názvy, synonymá, súvisiace štruktúry a poznámky.;
clinical_correlations_selection_copy;Filter curated clinical anatomy relations by category. Fuzzy search retrieves existing seed records; it does not create clinical facts.;Filtern Sie kuratierte klinisch-anatomische Beziehungen nach Kategorie. Die unscharfe Suche ruft vorhandene Seed-Einträge ab und erzeugt keine klinischen Fakten.;Filtrujte kurátorované klinicko-anatomické vzťahy podľa kategórie. Fuzzy vyhľadávanie iba vyhľadáva existujúce záznamy a nevytvára klinické fakty.;
clinical_correlation_category_selection;Correlation categories;Korrelationskategorien;Kategórie korelácií;
clinical_correlations_search_copy;Ask natural anatomy questions or use synonyms, abbreviations and common misspellings.;Stellen Sie natürliche Anatomiefragen oder verwenden Sie Synonyme, Abkürzungen und häufige Schreibfehler.;Pýtajte sa prirodzenými anatomickými otázkami alebo použite synonymá, skratky a bežné preklepy.;
clinical_correlation_search_placeholder;Try: posterior duodenal ulcer bleeding;Beispiel: Blutung bei posteriorem Duodenalulkus;Skúste: krvácanie pri zadnom duodenálnom vrede;
clinical_smart_search;Smart clinical search;Intelligente klinische Suche;Inteligentné klinické vyhľadávanie;
clinical_correlations_empty_title;Search clinical correlations;Klinische Zusammenhänge durchsuchen;Vyhľadávať klinické korelácie;
clinical_correlations_empty_copy;Try a structure, relation, clinical clue, abbreviation or even a common misspelling.;Versuchen Sie eine Struktur, Beziehung, einen klinischen Hinweis, eine Abkürzung oder sogar einen häufigen Schreibfehler.;Skúste štruktúru, vzťah, klinickú stopu, skratku alebo aj bežný preklep.;
clinical_no_results;No safe clinical-correlation match was found. Try another anatomical clue or spelling.;Keine sichere klinisch-anatomische Übereinstimmung gefunden. Versuchen Sie einen anderen anatomischen Hinweis oder eine andere Schreibweise.;Nenašla sa bezpečná zhoda klinickej korelácie. Skúste inú anatomickú stopu alebo pravopis.;
clinical_ambiguous_results;Several close matches were found. Review the ranked suggestions instead of relying on a single direct answer.;Mehrere ähnliche Treffer wurden gefunden. Prüfen Sie die gereihten Vorschläge, statt sich auf eine einzelne direkte Antwort zu verlassen.;Našlo sa viacero podobných zhôd. Skontrolujte zoradené návrhy namiesto spoliehania sa na jednu priamu odpoveď.;
clinical_direct_answer;Direct answer;Direkte Antwort;Priama odpoveď;
clinical_suggestion;Suggestion;Vorschlag;Návrh;
clinical_seed_review;Seed record – review recommended;Seed-Eintrag – Überprüfung empfohlen;Východiskový záznam – odporúčaná kontrola;
clinical_relevance;Clinical relevance;Klinische Relevanz;Klinický význam;
exam_traps;Exam traps;Prüfungsfallen;Skúškové chytáky;
matched_in;Matched in;Treffer in;Zhoda v;
confidence;Confidence;Konfidenz;Istota;
clinical_clear_categories;Clear category filters;Kategoriefilter löschen;Vymazať filtre kategórií;
anatomy_type;Type;Typ;Typ;
anatomy_synonyms;Synonyms;Synonyme;Synonymá;
anatomy_relationships;Relationships;Beziehungen;Vzťahy;
anatomy_key_features;Key features;Hauptmerkmale;Kľúčové znaky;
anatomy_course_tags;Course tags;Kurs-Tags;Tagy kurzu;
anatomy_exam_importance;Exam importance;Prüfungsrelevanz;Dôležitosť na skúšku;
anatomy_structure_filters;Structure filters;Strukturfilter;Filtre štruktúr;
anatomy_structures_search_placeholder;Search 311 anatomy structures (min 2 chars);311 anatomische Strukturen durchsuchen (mind. 2 Zeichen);Hľadať v 311 anatomických štruktúrach (min. 2 znaky);
anatomy_structures_empty_title;Browse Anatomy Structures v2;Anatomische Strukturen v2 durchsuchen;Prehľadávať Anatomické štruktúry v2;
anatomy_structures_empty_copy;Search bones, vessels, nerves, foramina, organs and pathways, or apply filters on the left.;Durchsuchen Sie Knochen, Gefäße, Nerven, Foramina, Organe und Bahnen oder verwenden Sie die Filter links.;Vyhľadávajte kosti, cievy, nervy, otvory, orgány a dráhy alebo použite filtre vľavo.;
anatomy_no_results;No anatomy structures found.;Keine anatomischen Strukturen gefunden.;Nenašli sa žiadne anatomické štruktúry.;
anatomy_details;Details;Details;Detaily;
anatomy_seed_review;Seed anatomy record – review recommended;Anatomie-Seed-Eintrag – Überprüfung empfohlen;Východiskový anatomický záznam – odporúčaná kontrola;
anatomy_oral_prompts;Oral exam prompts;Mündliche Prüfungsfragen;Otázky na ústnu skúšku;
anatomy_common_confusions;Common confusions;Häufige Verwechslungen;Časté zámeny;
anatomy_oral_rubric;Oral exam rubric;Bewertungsraster für die mündliche Prüfung;Hodnotiaca osnova ústnej skúšky;
anatomy_critical_misses;Critical misses;Kritische Auslassungen;Kritické vynechania;
anatomy_seed_questions;Seed quiz questions;Seed-Quizfragen;Východiskové kvízové otázky;
anatomy_clinical_bridge;Clinical bridge;Klinische Verknüpfung;Klinické prepojenie;
anatomy_expected_points;Expected points;Erwartete Punkte;Očakávané body;
anatomy_name;Name;Name;Názov;
muscle;Muscle;Muskel;Sval;
anatomy_unified_search_placeholder;Search muscles,bones,nerves,vessels and other structures;Muskeln,Knochen,Nerven,Gefäße und weitere Strukturen durchsuchen;Vyhľadajte svaly,kosti,nervy,cievy a ďalšie štruktúry;
anatomy_unified_selection_copy;Filter the complete anatomy library by structure type,system or region.;Filtern Sie die gesamte Anatomiebibliothek nach Strukturtyp,System oder Region.;Filtrujte celú anatomickú knižnicu podľa typu štruktúry,systému alebo oblasti.;
anatomy_unified_search_copy;Search names,regions,systems,OINA fields,relationships and structured notes.;Durchsuchen Sie Namen,Regionen,Systeme,OINA-Felder,Beziehungen und strukturierte Notizen.;Vyhľadávajte názvy,oblasti,systémy,OINA polia,vzťahy a štruktúrované poznámky.;
anatomy_unified_empty_title;Browse the anatomy library;Anatomiebibliothek durchsuchen;Prehliadať anatomickú knižnicu;
anatomy_unified_empty_copy;Choose a structure type,system or region,or search muscles,bones,nerves,vessels and other structures.;Wählen Sie Strukturtyp,System oder Region oder suchen Sie Muskeln,Knochen,Nerven,Gefäße und weitere Strukturen.;Vyberte typ štruktúry,systém alebo oblasť,alebo vyhľadajte svaly,kosti,nervy,cievy a ďalšie štruktúry.;
active_filters;Active filters;Aktive Filter;Aktívne filtre;
anatomy_no_active_filters;No filters selected;Keine Filter ausgewählt;Nie sú vybrané žiadne filtre;
selected;selected;ausgewählt;vybrané;
smart_search_answer;Answer;Antwort;Odpoveď;
smart_search_direct_answer;Direct answer;Direkte Antwort;Priama odpoveď;
smart_search_local_answer;Local answer;Lokale Antwort;Lokálna odpoveď;
smart_search_ai_assisted;AI-assisted;KI-unterstützt;S podporou AI;
smart_search_local_found;Found;Gefunden;Nájdené;
smart_search_matching_records;matching records in local medical data;passende Einträge in den lokalen medizinischen Daten;zodpovedajúce záznamy v lokálnych medicínskych dátach;
smart_search_no_ai_used;No AI call used;Keine KI-Anfrage verwendet;AI nebola použitá;
smart_search_grounded;Uses local records;Verwendet lokale Einträge;Používa lokálne záznamy;
smart_search_ai_knowledge;AI medical knowledge;Medizinisches KI-Wissen;Medicínské znalosti AI;
smart_search_ai_usage;AI use today;KI-Nutzung heute;Použitie AI dnes;
smart_search_ai_checking;Local certainty is low. Checking with AI…;Lokale Sicherheit ist niedrig. KI wird geprüft…;Istota lokálneho algoritmu je nízka. Overujem pomocou AI…;
smart_search_limit_reached;AI assistance limit reached. Local search remains available.;KI-Limit erreicht. Die lokale Suche bleibt verfügbar.;Limit AI asistencie bol dosiahnutý. Lokálne vyhľadávanie zostáva dostupné.;
smart_search_ai_unavailable;AI assistance is unavailable. Local search results are still shown.;KI-Unterstützung ist nicht verfügbar. Lokale Suchergebnisse werden weiterhin angezeigt.;AI asistencia nie je dostupná. Lokálne výsledky vyhľadávania sa naďalej zobrazujú.;
anamnesis_workspace_kicker;Clinical documentation;Klinische Dokumentation;Klinická dokumentácia;
anamnesis_workspace_title;Anamnesis workspace;Anamnese-Arbeitsbereich;Pracovný priestor anamnézy;
anamnesis_workspace_intro;Create, continue and organize structured patient histories without losing your place.;Erstellen, führen und organisieren Sie strukturierte Patientenanamnesen, ohne den Überblick zu verlieren.;Vytvárajte, dopĺňajte a organizujte štruktúrované anamnézy pacientov bez straty prehľadu.;
anamnesis_new_record;New record;Neuer Eintrag;Nový záznam;
anamnesis_records;Records;Einträge;Záznamy;
anamnesis_last_updated;Last updated;Zuletzt aktualisiert;Naposledy upravené;
anamnesis_workflows;Workflows;Abläufe;Typy anamnézy;
anamnesis_search_patients;Search patients;Patienten suchen;Hľadať pacientov;
anamnesis_documentation_progress;Documentation progress;Dokumentationsfortschritt;Postup dokumentácie;
anamnesis_saved_locally_state;Saved locally;Lokal gespeichert;Uložené lokálne;
anamnesis_saving_state;Saving changes…;Änderungen werden gespeichert…;Ukladám zmeny…;
anamnesis_next_incomplete;Next incomplete;Nächster leerer Abschnitt;Ďalšia nevyplnená;
anamnesis_sections;Sections;Abschnitte;Sekcie;
anamnesis_documented;documented;dokumentiert;zdokumentované;
anamnesis_of;of;von;z;
anamnesis_sections_started;sections contain information;Abschnitte enthalten Angaben;sekcií obsahuje údaje;
anamnesis_start_hint;Start with identification and the chief complaint.;Beginnen Sie mit Identifikation und Hauptbeschwerde.;Začnite identifikáciou a hlavným problémom.;
anamnesis_section_started;Section contains information;Abschnitt enthält Angaben;Sekcia obsahuje údaje;
anamnesis_section_empty;Section is empty;Abschnitt ist leer;Sekcia je prázdna;
anamnesis_section;Section;Abschnitt;Sekcia;
anamnesis_empty_registry_copy;Create the first record to start a structured patient history.;Erstellen Sie den ersten Eintrag, um eine strukturierte Patientenanamnese zu beginnen.;Vytvorte prvý záznam a začnite štruktúrovanú anamnézu pacienta.;
anamnesis_no_search_results;No matching patients;Keine passenden Patienten;Nenašli sa zodpovedajúci pacienti;
anamnesis_try_search_again;Try another name, workflow or chief complaint.;Versuchen Sie einen anderen Namen, Ablauf oder eine andere Hauptbeschwerde.;Skúste iné meno, typ anamnézy alebo hlavný problém.;
anamnesis_workflow_internal_copy;General adult history, systems review and physical status.;Allgemeine Erwachsenen-Anamnese, Systemübersicht und körperlicher Status.;Všeobecná anamnéza dospelého, prehľad systémov a fyzikálny stav.;
anamnesis_workflow_pediatrics_copy;Pediatric history with development, immunization and family context.;Pädiatrische Anamnese mit Entwicklung, Impfstatus und Familienkontext.;Pediatrická anamnéza s vývojom, očkovaním a rodinným kontextom.;
anamnesis_workflow_psychiatric_copy;Psychiatric interview with structured mental-state documentation.;Psychiatrisches Gespräch mit strukturierter Dokumentation des psychischen Befunds.;Psychiatrický rozhovor so štruktúrovanou dokumentáciou psychického stavu.;
anamnesis_switch_workflow_kicker;Change anamnesis type;Anamnesetyp ändern;Zmeniť typ anamnézy;
anamnesis_switch_workflow_title;Switch this patient to another anamnesis?;Diesen Patienten auf eine andere Anamnese umstellen?;Prepnúť tohto pacienta na iný typ anamnézy?;
anamnesis_switch_workflow_warning;You already entered information outside Identification and Chief Complaint. Switching will keep those first two sections, but the remaining answers and general notes in this patient record will be cleared.;Es wurden bereits Angaben außerhalb von Identifikation und Hauptbeschwerde eingetragen. Beim Wechsel bleiben diese ersten beiden Abschnitte erhalten, die übrigen Antworten und allgemeinen Notizen dieses Patientendatensatzes werden jedoch gelöscht.;Už ste vyplnili údaje mimo Identifikácie a Hlavného dôvodu prijatia. Pri prepnutí sa tieto prvé dve časti zachovajú, ale ostatné odpovede a všeobecné poznámky v tomto zázname pacienta sa vymažú.;
anamnesis_switch_workflow_irreversible;This cannot be undone after you proceed.;Nach dem Fortfahren kann dies nicht rückgängig gemacht werden.;Po pokračovaní nebude možné túto zmenu vrátiť späť.;
anamnesis_switch_workflow_proceed;Proceed and switch;Fortfahren und wechseln;Pokračovať a prepnúť;
anamnesis_switch_workflow_done;Anamnesis type changed. Identification and Chief Complaint were kept.;Anamnesetyp geändert. Identifikation und Hauptbeschwerde wurden beibehalten.;Typ anamnézy bol zmenený. Identifikácia a hlavný dôvod prijatia zostali zachované.;
anamnesis_structured_report;Structured report;Strukturierter Bericht;Štruktúrovaná správa;
anamnesis_report_hint;Generated only from information documented in this record. Empty fields are omitted and no normal findings are assumed.;Nur aus den in diesem Datensatz dokumentierten Informationen erstellt. Leere Felder werden ausgelassen und normale Befunde werden nicht vorausgesetzt.;Vytvorené iba z informácií zdokumentovaných v tomto zázname. Prázdne polia sa vynechajú a normálne nálezy sa nepredpokladajú.;
anamnesis_copy_report;Copy report;Bericht kopieren;Kopírovať správu;
anamnesis_report_copied;Copied to clipboard.;In die Zwischenablage kopiert.;Skopírované do schránky.;
anamnesis_report_copy_failed;Copy failed. Select the report text and copy it manually.;Kopieren fehlgeschlagen. Markieren Sie den Berichtstext und kopieren Sie ihn manuell.;Kopírovanie zlyhalo. Označte text správy a skopírujte ho ručne.;
anamnesis_report_patient;Patient;Patient;Pacient;
anamnesis_report_workflow;Workflow;Anamnese-Typ;Typ anamnézy;
anamnesis_report_admitted;Admitted;Aufgenommen;Prijatý;
anamnesis_report_chief_complaint;Chief complaint;Hauptbeschwerde;Hlavný dôvod prijatia;
anamnesis_report_general_notes;General notes;Allgemeine Notizen;Všeobecné poznámky;
anamnesis_report_no_data;No clinical information has been documented yet.;Es wurden noch keine klinischen Informationen dokumentiert.;Zatiaľ neboli zdokumentované žiadne klinické informácie.;
anamnesis_report_section;Section;Abschnitt;Časť;
anamnesis_report_short;Report;Bericht;Správa;
